account_id,contract_tier,contract_duration_months,tenure_months,monthly_recurring_revenue,licensed_seats,active_users_last_30d,seat_utilization_ratio,login_frequency_last_30d,login_decay_ratio,feature_adoption_score,support_tickets_last_90d,p1_tickets_last_30d,ticket_escalation_velocity,csm_touchpoints_last_90d,billing_overdue_days,nps_score,churn
ACC-10000,Mid-Market,12,10,4013.1,92,71,0.7717,6.21,1.0841,0.8033,2,0,0.0001,3,0,28.0,0
ACC-10001,SMB,12,23,2450.19,11,9,0.8182,14.72,1.1677,0.6646,7,0,0.0,8,0,100.0,0
ACC-10002,SMB,12,40,2412.42,21,16,0.7619,6.08,1.2399,0.7537,1,0,0.0003,6,0,33.0,0
ACC-10003,Mid-Market,24,15,5213.9,105,92,0.8762,9.83,0.749,0.5892,1,0,0.0003,3,0,74.0,0
ACC-10004,Enterprise,12,9,42327.77,997,608,0.6098,13.31,1.1088,0.7123,3,0,0.0001,7,0,,0
ACC-10005,Enterprise,24,25,27531.56,666,537,0.8063,18.39,0.8701,0.8653,10,0,0.0,2,0,,0
ACC-10006,Enterprise,12,13,44156.68,726,525,0.7231,13.77,1.011,0.7372,2,0,0.0001,6,0,72.0,0
ACC-10007,SMB,24,10,2008.05,15,12,0.8,13.98,0.6608,0.8675,8,1,1.125,4,0,54.0,0
ACC-10008,Mid-Market,24,6,8590.84,139,112,0.8058,6.28,3.5376,0.6656,2,1,4.4995,2,0,6.0,0
ACC-10009,SMB,24,23,2390.72,17,16,0.9412,18.48,0.7541,0.727,3,0,0.0001,1,0,,0
ACC-10010,Enterprise,24,31,18178.61,817,608,0.7442,15.64,0.8024,0.4438,5,0,0.0001,4,0,34.0,0
ACC-10011,SMB,24,7,423.26,10,8,0.8,8.71,1.3858,0.6244,1,0,0.0003,4,12,70.0,0
ACC-10012,SMB,36,14,2308.13,21,19,0.9048,9.73,1.095,0.7865,7,0,0.0,2,0,0.0,0
ACC-10013,Mid-Market,12,14,4986.93,43,35,0.814,4.87,1.7254,0.8196,6,1,1.5,3,0,,0
ACC-10014,Enterprise,12,10,27651.52,810,610,0.7531,16.49,1.1768,0.8111,5,0,0.0001,2,0,42.0,0
ACC-10015,Enterprise,12,36,15036.45,926,663,0.716,11.22,1.4609,0.7847,3,1,2.9998,4,0,36.0,0
ACC-10016,Mid-Market,12,6,4633.65,92,78,0.8478,18.93,0.9522,0.6602,2,0,0.0001,2,12,,0
ACC-10017,Mid-Market,12,21,8621.83,83,59,0.7108,12.96,0.9875,0.6528,6,0,0.0,2,0,92.0,0
ACC-10018,Mid-Market,12,24,8829.19,124,81,0.6532,6.55,0.5437,0.5305,6,0,0.0,5,0,24.0,0
ACC-10019,Mid-Market,12,10,9284.75,106,59,0.5566,12.81,0.7233,0.6712,6,1,1.5,4,0,,0
ACC-10020,Mid-Market,12,9,8553.07,84,67,0.7976,18.31,2.6193,0.652,2,1,4.4995,4,0,-3.0,0
ACC-10021,Enterprise,12,11,28196.65,985,919,0.933,17.93,1.1191,0.6124,3,1,2.9998,5,0,42.0,0
ACC-10022,Mid-Market,36,5,2674.89,100,92,0.92,11.4,1.2833,0.3233,2,1,4.4995,6,0,48.0,0
ACC-10023,Mid-Market,12,40,3340.55,82,71,0.8659,13.24,0.8336,0.6784,7,1,1.2857,4,0,40.0,0
ACC-10024,Mid-Market,24,12,6855.09,73,50,0.6849,23.68,0.7857,0.686,5,0,0.0001,8,0,,0
ACC-10025,SMB,12,13,1441.29,19,13,0.6842,21.51,0.9161,0.8295,3,0,0.0001,4,0,-3.0,0
ACC-10026,Enterprise,36,44,11657.17,511,301,0.589,14.62,1.0778,0.4546,3,2,5.9995,4,0,,1
ACC-10027,Mid-Market,24,5,5662.85,82,61,0.7439,22.49,1.5732,0.8306,4,2,4.4997,2,0,65.0,0
ACC-10028,Mid-Market,24,15,9381.98,51,47,0.9216,6.74,1.0156,0.1858,3,0,0.0001,3,0,,0
ACC-10029,Enterprise,24,26,28465.16,746,553,0.7413,2.64,0.7572,0.5927,5,0,0.0001,2,0,53.0,0
ACC-10030,Mid-Market,12,40,6520.5,60,43,0.7167,10.61,1.0879,0.9269,5,0,0.0001,3,0,58.0,0
ACC-10031,Enterprise,36,6,44496.07,167,104,0.6228,4.95,1.0074,0.4971,5,0,0.0001,3,16,,0
ACC-10032,Enterprise,24,44,32200.31,748,636,0.8503,8.41,1.1778,0.5987,3,0,0.0001,4,0,80.0,0
ACC-10033,SMB,24,14,1102.39,6,5,0.8333,7.33,0.7838,0.7558,2,0,0.0001,4,0,58.0,0
ACC-10034,SMB,24,14,1522.73,32,24,0.75,5.79,0.9566,0.8542,3,1,2.9998,3,0,,0
ACC-10035,SMB,12,8,803.16,8,7,0.875,11.05,1.605,0.63,3,2,5.9995,2,0,,1
ACC-10036,Mid-Market,24,17,6293.5,77,64,0.8312,21.55,1.8356,0.9357,6,0,0.0,7,24,12.0,0
ACC-10037,Enterprise,12,44,42020.09,617,407,0.6596,16.2,0.7231,0.6411,2,0,0.0001,2,0,,0
ACC-10038,SMB,24,17,2013.63,23,14,0.6087,10.73,1.2296,0.508,3,0,0.0001,2,0,,0
ACC-10039,Mid-Market,12,10,4709.95,103,78,0.7573,2.82,0.5787,0.5394,4,1,2.2499,7,0,,0
ACC-10040,Enterprise,36,11,12779.9,763,679,0.8899,24.33,0.845,0.9331,8,0,0.0,6,0,,0
ACC-10041,Mid-Market,12,11,7980.61,87,74,0.8506,13.7,0.6127,0.8705,4,0,0.0001,4,0,-12.0,0
ACC-10042,Enterprise,12,37,15603.22,516,502,0.9729,5.56,0.92,0.7927,2,2,8.9988,3,0,27.0,1
ACC-10043,SMB,24,42,2255.16,21,15,0.7143,21.4,1.4797,0.4346,5,1,1.8,5,0,60.0,0
ACC-10044,Mid-Market,24,6,5056.8,44,39,0.8864,16.91,1.1509,0.7888,5,0,0.0001,2,0,,0
ACC-10045,SMB,24,8,1631.18,24,17,0.7083,7.74,0.9418,0.7931,1,1,8.9976,8,0,29.0,0
ACC-10046,Mid-Market,12,9,3142.71,129,99,0.7674,5.64,0.829,0.8517,2,1,4.4995,4,0,53.0,0
ACC-10047,Mid-Market,12,12,4135.6,69,51,0.7391,22.49,1.4809,0.731,1,0,0.0003,4,0,8.0,0
ACC-10048,Mid-Market,24,47,9644.75,63,40,0.6349,11.69,0.7241,0.5003,1,0,0.0003,5,0,,0
ACC-10049,Enterprise,36,43,32093.08,601,329,0.5474,14.23,1.0393,0.5388,2,0,0.0001,2,0,25.0,0
ACC-10050,SMB,24,16,1577.61,20,12,0.6,3.0,0.9478,0.4541,6,0,0.0,5,4,17.0,0
ACC-10051,SMB,12,12,2349.25,32,13,0.4062,15.0,0.9354,0.5398,5,0,0.0001,3,0,,0
ACC-10052,SMB,36,4,2491.16,22,12,0.5455,9.35,0.7163,0.2897,2,1,4.4995,1,0,54.0,0
ACC-10053,SMB,12,19,2142.29,16,14,0.875,8.22,0.8423,0.4754,4,2,4.4997,7,0,,1
ACC-10054,Mid-Market,12,17,7591.54,50,44,0.88,2.96,0.748,0.5855,5,0,0.0001,4,8,87.0,0
ACC-10055,SMB,12,7,1722.06,5,4,0.8,9.25,1.3762,0.6981,3,1,2.9998,5,0,59.0,0
ACC-10056,Enterprise,12,21,32143.57,196,160,0.8163,14.51,1.915,0.9361,5,1,1.8,3,0,32.0,0
ACC-10057,Enterprise,24,28,16537.38,454,420,0.9251,4.79,1.1402,0.7403,0,0,1.0,3,0,43.0,0
ACC-10058,Enterprise,12,7,10547.91,503,384,0.7634,6.82,1.2661,0.5451,3,1,2.9998,8,0,,0
ACC-10059,Mid-Market,12,12,6863.54,146,117,0.8014,3.75,0.874,0.6883,4,0,0.0001,3,0,,0
ACC-10060,Mid-Market,12,27,7640.11,61,26,0.4262,31.78,1.3133,0.4541,3,0,0.0001,4,0,59.0,0
ACC-10061,Mid-Market,12,10,6469.54,61,49,0.8033,13.61,0.9899,0.7613,4,1,2.2499,7,36,,1
ACC-10062,SMB,24,12,964.61,25,22,0.88,5.3,0.7808,0.4869,4,0,0.0001,6,0,2.0,0
ACC-10063,Mid-Market,12,12,9350.67,138,100,0.7246,23.4,1.0381,0.8011,4,0,0.0001,3,0,73.0,0
ACC-10064,Mid-Market,12,21,4770.76,146,73,0.5,8.69,0.7537,0.7166,8,1,1.125,3,0,,0
ACC-10065,Mid-Market,24,30,4153.55,125,47,0.376,14.71,0.7884,0.7487,1,0,0.0003,8,0,49.0,0
ACC-10066,Enterprise,24,39,35478.0,285,250,0.8772,6.33,0.7883,0.4471,3,2,5.9995,6,0,,0
ACC-10067,SMB,24,29,2153.46,33,25,0.7576,15.68,0.964,0.9347,5,0,0.0001,3,0,66.0,0
ACC-10068,Enterprise,12,16,30425.87,555,260,0.4685,15.09,1.1256,0.4544,3,0,0.0001,4,0,22.0,0
ACC-10069,SMB,24,24,1563.39,5,4,0.8,24.5,1.0239,0.5615,2,1,4.4995,4,0,-25.0,0
ACC-10070,SMB,36,7,2373.43,29,22,0.7586,10.23,0.834,0.7513,2,0,0.0001,4,4,,0
ACC-10071,Enterprise,24,50,8733.0,826,782,0.9467,9.78,1.645,0.8857,4,0,0.0001,2,0,10.0,0
ACC-10072,Enterprise,24,10,18311.97,379,215,0.5673,4.02,1.3971,0.7148,4,1,2.2499,7,0,31.0,0
ACC-10073,SMB,12,23,2399.31,5,3,0.6,5.53,1.8413,0.6622,3,0,0.0001,3,0,9.0,0
ACC-10074,SMB,36,18,1099.73,14,9,0.6429,24.77,0.9991,0.544,4,0,0.0001,9,0,-5.0,0
ACC-10075,SMB,12,6,747.05,26,24,0.9231,2.05,1.3392,0.9081,3,0,0.0001,5,0,21.0,0
ACC-10076,SMB,12,10,1275.21,16,12,0.75,6.5,0.7608,0.8319,5,1,1.8,4,0,71.0,0
ACC-10077,Enterprise,12,31,24254.05,527,401,0.7609,11.69,0.71,0.6065,2,0,0.0001,4,0,78.0,0
ACC-10078,Mid-Market,12,15,5834.4,113,91,0.8053,14.69,0.8651,0.8081,6,0,0.0,3,0,76.0,0
ACC-10079,Enterprise,36,9,10087.56,703,463,0.6586,24.74,0.7331,0.5201,3,0,0.0001,2,4,44.0,0
ACC-10080,SMB,24,14,1976.1,18,13,0.7222,11.46,0.7263,0.7392,4,0,0.0001,3,0,71.0,0
ACC-10081,Mid-Market,24,9,8808.6,91,55,0.6044,13.34,1.0695,0.6014,1,3,26.9922,3,0,30.0,0
ACC-10082,Mid-Market,24,12,2665.12,95,80,0.8421,13.91,1.3818,0.3599,1,0,0.0003,4,0,64.0,0
ACC-10083,Enterprise,12,5,14415.97,966,711,0.736,4.85,1.1569,0.5892,4,0,0.0001,2,0,70.0,0
ACC-10084,Mid-Market,12,16,8728.17,141,72,0.5106,14.74,0.8228,0.8322,3,0,0.0001,4,0,,0
ACC-10085,Mid-Market,24,18,9278.45,136,134,0.9853,28.11,0.9387,0.5981,0,1,30001.0,7,0,,0
ACC-10086,SMB,24,12,1364.44,6,2,0.3333,21.66,0.92,0.9126,1,0,0.0003,5,0,5.0,0
ACC-10087,Mid-Market,12,31,8916.53,112,104,0.9286,2.42,0.949,0.6686,3,0,0.0001,6,0,-20.0,0
ACC-10088,SMB,24,12,1836.78,23,19,0.8261,10.68,0.8769,0.6591,5,0,0.0001,5,0,,0
ACC-10089,Mid-Market,12,15,5889.67,41,28,0.6829,8.13,0.8878,0.6033,4,0,0.0001,4,0,45.0,0
ACC-10090,Enterprise,12,11,18844.5,795,413,0.5195,6.81,1.2095,0.829,2,1,4.4995,3,0,2.0,0
ACC-10091,SMB,12,13,1209.09,22,14,0.6364,10.75,0.7212,0.6647,4,0,0.0001,5,0,30.0,0
ACC-10092,SMB,12,24,1593.52,33,21,0.6364,14.3,0.6617,0.7984,8,0,0.0,5,0,54.0,0
ACC-10093,Mid-Market,24,7,5077.21,46,37,0.8043,9.28,0.985,0.82,4,0,0.0001,4,0,2.0,0
ACC-10094,SMB,24,21,1082.17,27,20,0.7407,15.45,0.8029,0.8107,6,0,0.0,4,0,58.0,0
ACC-10095,Mid-Market,12,10,2807.39,60,48,0.8,11.4,1.0657,0.5688,3,0,0.0001,1,0,42.0,0
ACC-10096,Mid-Market,24,7,8701.61,68,63,0.9265,6.3,0.6428,0.7249,3,0,0.0001,5,0,35.0,0
ACC-10097,Mid-Market,24,13,7492.91,72,56,0.7778,24.94,0.9834,0.3166,1,0,0.0003,5,0,41.0,0
ACC-10098,Enterprise,12,37,10594.65,740,625,0.8446,9.73,0.8451,0.8446,0,3,90001.0,2,0,26.0,1
ACC-10099,Enterprise,12,23,38721.47,202,176,0.8713,17.06,0.9534,0.7495,2,0,0.0001,5,0,,0
ACC-10100,Enterprise,36,13,27448.73,349,209,0.5989,8.01,1.8088,0.7886,4,0,0.0001,2,0,37.0,0
ACC-10101,Mid-Market,24,9,7637.41,89,73,0.8202,16.22,1.5239,0.4981,3,0,0.0001,5,0,,0
ACC-10102,Mid-Market,36,42,5019.9,69,56,0.8116,18.03,1.2036,0.7491,3,0,0.0001,4,0,22.0,0
ACC-10103,Mid-Market,12,19,3391.04,38,34,0.8947,18.99,0.888,0.6127,2,4,17.9975,5,0,,1
ACC-10104,SMB,24,17,1178.54,5,3,0.6,20.77,0.9657,0.777,4,0,0.0001,6,0,82.0,0
ACC-10105,Mid-Market,12,22,6246.19,131,95,0.7252,11.66,0.9462,0.7575,3,1,2.9998,5,0,14.0,0
ACC-10106,Mid-Market,12,23,7164.99,38,30,0.7895,4.13,0.9385,0.6838,5,0,0.0001,1,0,-8.0,0
ACC-10107,SMB,12,12,592.29,31,24,0.7742,22.64,0.8029,0.5268,7,0,0.0,2,0,29.0,0
ACC-10108,Mid-Market,12,26,8837.82,87,59,0.6782,10.94,1.2586,0.7328,0,0,1.0,1,0,74.0,0
ACC-10109,Enterprise,12,6,22538.71,899,683,0.7597,4.96,1.2028,0.6499,2,0,0.0001,8,0,9.0,0
ACC-10110,Mid-Market,12,23,9145.43,84,58,0.6905,12.7,1.052,0.796,5,0,0.0001,3,0,44.0,0
ACC-10111,Enterprise,12,13,26048.17,207,196,0.9469,14.19,0.9047,0.7905,4,0,0.0001,6,0,59.0,0
ACC-10112,SMB,24,32,677.07,33,19,0.5758,16.86,0.9497,0.8091,3,0,0.0001,2,0,2.0,0
ACC-10113,SMB,12,12,1159.19,7,6,0.8571,36.41,0.8011,0.777,1,1,8.9976,0,0,17.0,0
ACC-10114,Mid-Market,12,28,3246.31,31,20,0.6452,24.08,1.0837,0.7225,6,0,0.0,3,0,52.0,0
ACC-10115,SMB,12,20,2232.34,29,27,0.931,10.36,0.9051,0.8234,3,0,0.0001,4,0,,0
ACC-10116,SMB,12,60,1972.78,13,9,0.6923,7.79,0.9038,0.5138,3,1,2.9998,6,0,78.0,0
ACC-10117,Enterprise,24,26,26761.85,317,242,0.7634,5.38,1.3903,0.7446,2,0,0.0001,5,8,27.0,0
ACC-10118,SMB,12,17,1703.81,29,27,0.931,17.55,0.6991,0.6404,2,2,8.9988,2,0,-9.0,1
ACC-10119,Mid-Market,24,5,3450.21,93,69,0.7419,11.85,0.9538,0.3447,5,0,0.0001,2,0,16.0,0
ACC-10120,SMB,12,30,1845.58,9,8,0.8889,26.97,0.7206,0.816,2,0,0.0001,6,0,-42.0,0
ACC-10121,SMB,12,31,1419.35,21,11,0.5238,9.22,0.7888,0.8394,7,1,1.2857,2,12,64.0,0
ACC-10122,Mid-Market,24,13,9050.9,30,28,0.9333,12.86,0.9365,0.7598,3,0,0.0001,3,0,-8.0,0
ACC-10123,Enterprise,24,11,14413.31,167,105,0.6287,9.65,1.5637,0.7697,5,0,0.0001,4,0,7.0,0
ACC-10124,Mid-Market,12,27,6268.05,141,94,0.6667,9.99,0.957,0.7385,1,1,8.9976,8,0,69.0,0
ACC-10125,Mid-Market,24,19,8696.49,62,42,0.6774,13.4,0.792,0.6161,2,0,0.0001,4,0,10.0,0
ACC-10126,SMB,12,15,2384.94,33,25,0.7576,7.79,0.8622,0.689,1,1,8.9976,3,0,65.0,0
ACC-10127,SMB,24,21,591.57,34,29,0.8529,11.09,1.422,0.9333,3,1,2.9998,2,0,8.0,0
ACC-10128,Enterprise,24,13,23044.88,831,598,0.7196,9.19,0.863,0.6259,1,1,8.9976,4,0,71.0,0
ACC-10129,Mid-Market,24,31,8203.32,120,83,0.6917,17.38,1.2109,0.303,1,2,17.9949,6,0,26.0,1
ACC-10130,Mid-Market,36,14,9615.49,94,81,0.8617,7.06,1.778,0.7014,0,1,30001.0,7,0,52.0,0
ACC-10131,Mid-Market,12,27,4231.04,70,48,0.6857,33.23,1.0808,0.576,6,0,0.0,8,0,32.0,0
ACC-10132,Enterprise,24,17,19282.53,355,246,0.693,14.45,0.8237,0.5039,2,0,0.0001,4,0,65.0,0
ACC-10133,Mid-Market,12,20,3421.58,102,90,0.8824,28.99,1.3857,0.6852,4,0,0.0001,4,0,68.0,0
ACC-10134,SMB,12,42,1261.13,15,12,0.8,17.06,0.7491,0.7507,2,0,0.0001,5,0,56.0,0
ACC-10135,Mid-Market,12,12,2699.65,118,105,0.8898,16.04,1.0321,0.6316,6,0,0.0,3,0,-4.0,0
ACC-10136,Mid-Market,12,26,5013.0,41,27,0.6585,8.69,0.9899,0.699,5,0,0.0001,6,0,52.0,0
ACC-10137,SMB,24,36,2251.54,16,10,0.625,15.88,1.1002,0.8932,1,0,0.0003,4,0,80.0,0
ACC-10138,Mid-Market,24,25,2953.01,77,56,0.7273,18.39,0.7882,0.6374,2,0,0.0001,4,0,,0
ACC-10139,SMB,24,32,1023.29,33,18,0.5455,6.49,1.6378,0.6772,3,3,8.9992,5,4,56.0,1
ACC-10140,SMB,12,18,1389.3,6,5,0.8333,9.13,0.7442,0.7496,3,3,8.9992,5,0,,1
ACC-10141,Mid-Market,12,24,9954.71,90,56,0.6222,18.22,0.8675,0.5708,2,0,0.0001,4,0,86.0,0
ACC-10142,Mid-Market,36,28,4703.78,35,29,0.8286,31.77,0.6284,0.4885,0,1,30001.0,5,0,66.0,0
ACC-10143,Mid-Market,12,17,9545.62,52,43,0.8269,17.39,1.7859,0.425,3,3,8.9992,4,0,27.0,1
ACC-10144,Mid-Market,24,55,2520.62,57,38,0.6667,15.15,1.1123,0.8807,6,0,0.0,5,0,,0
ACC-10145,Enterprise,24,10,15865.28,164,151,0.9207,8.06,1.0791,0.4508,6,0,0.0,5,0,20.0,0
ACC-10146,Mid-Market,24,9,2030.6,72,34,0.4722,20.76,0.799,0.8704,4,0,0.0001,9,0,,0
ACC-10147,Mid-Market,12,39,6099.66,52,50,0.9615,7.62,0.777,0.3517,2,1,4.4995,1,0,42.0,0
ACC-10148,Enterprise,24,36,10714.84,875,724,0.8274,5.5,0.9583,0.849,1,2,17.9949,1,0,31.0,1
ACC-10149,Mid-Market,12,11,7940.67,50,35,0.7,28.78,1.0694,0.723,2,0,0.0001,6,0,36.0,0
ACC-10150,SMB,24,32,1769.7,9,8,0.8889,16.84,1.039,0.8889,4,1,2.2499,3,0,50.0,0
ACC-10151,Mid-Market,12,22,6384.74,128,94,0.7344,5.88,1.064,0.5225,8,0,0.0,7,0,51.0,0
ACC-10152,Enterprise,12,17,23123.53,429,299,0.697,20.62,0.8993,0.3953,2,1,4.4995,6,0,,0
ACC-10153,Mid-Market,12,11,4059.37,138,114,0.8261,8.72,0.8296,0.8006,2,0,0.0001,5,0,,0
ACC-10154,SMB,24,16,1460.79,8,5,0.625,12.73,0.8653,0.7825,2,0,0.0001,6,0,38.0,0
ACC-10155,Mid-Market,12,9,2577.85,72,57,0.7917,13.73,0.9872,0.8148,0,0,1.0,3,0,-12.0,0
ACC-10156,SMB,12,14,2032.27,29,23,0.7931,9.62,0.987,0.9854,3,3,8.9992,5,0,52.0,1
ACC-10157,SMB,12,9,1211.87,29,20,0.6897,14.42,0.8206,0.4706,4,0,0.0001,7,0,31.0,0
ACC-10158,Mid-Market,36,7,6524.8,91,70,0.7692,16.6,1.0221,0.5472,3,0,0.0001,5,0,-12.0,0
ACC-10159,SMB,24,33,1127.61,22,18,0.8182,9.91,0.7508,0.874,4,0,0.0001,1,0,-21.0,0
ACC-10160,Mid-Market,24,15,8139.16,119,97,0.8151,5.49,0.7162,0.6423,3,0,0.0001,4,0,63.0,0
ACC-10161,Mid-Market,24,21,4652.11,111,88,0.7928,8.95,1.3924,0.6795,1,0,0.0003,6,0,15.0,0
ACC-10162,Mid-Market,12,12,3382.53,145,100,0.6897,10.45,1.626,0.6305,3,0,0.0001,3,0,26.0,0
ACC-10163,Mid-Market,12,15,8835.85,140,99,0.7071,7.87,0.7784,0.5742,2,1,4.4995,1,0,11.0,0
ACC-10164,Enterprise,36,9,18329.98,896,692,0.7723,20.85,0.7673,0.7975,5,0,0.0001,5,0,,0
ACC-10165,SMB,12,39,1142.83,23,20,0.8696,18.73,1.6751,0.7416,4,1,2.2499,3,0,14.0,0
ACC-10166,Mid-Market,12,4,3303.24,110,76,0.6909,8.66,0.9205,0.8317,2,0,0.0001,3,0,0.0,0
ACC-10167,Enterprise,12,27,15924.82,552,422,0.7645,15.91,0.8389,0.6073,5,0,0.0001,3,0,,0
ACC-10168,Enterprise,12,12,28415.58,294,233,0.7925,13.79,0.6346,0.5687,4,0,0.0001,2,0,42.0,0
ACC-10169,Mid-Market,12,9,8235.31,38,19,0.5,14.44,0.9433,0.7222,3,0,0.0001,7,0,,0
ACC-10170,SMB,12,6,1631.87,31,13,0.4194,6.88,0.8569,0.5638,1,1,8.9976,0,0,-29.0,1
ACC-10171,Enterprise,12,18,20193.44,439,223,0.508,11.09,1.4063,0.454,7,0,0.0,2,0,36.0,0
ACC-10172,Mid-Market,12,25,6599.14,74,56,0.7568,5.59,0.9512,0.7729,3,0,0.0001,4,0,9.0,0
ACC-10173,Mid-Market,12,24,6046.66,52,46,0.8846,5.19,1.4754,0.4506,2,0,0.0001,1,0,,0
ACC-10174,Mid-Market,12,13,7043.13,122,115,0.9426,28.64,1.3769,0.6114,1,1,8.9976,6,0,10.0,0
ACC-10175,Enterprise,12,15,30887.54,262,192,0.7328,12.67,0.6617,0.4507,3,1,2.9998,4,0,43.0,0
ACC-10176,SMB,24,9,1775.61,14,9,0.6429,15.92,0.7862,0.7828,4,1,2.2499,7,0,64.0,0
ACC-10177,Mid-Market,12,10,6552.42,63,41,0.6508,15.12,0.8893,0.9095,4,0,0.0001,3,0,13.0,0
ACC-10178,SMB,24,33,1402.04,10,8,0.8,4.91,0.6748,0.8392,8,1,1.125,7,0,62.0,0
ACC-10179,Enterprise,24,5,33299.62,802,664,0.8279,15.75,0.8508,0.5023,4,0,0.0001,2,0,,0
ACC-10180,Mid-Market,24,5,8736.9,54,40,0.7407,15.62,1.069,0.8649,1,0,0.0003,0,0,35.0,0
ACC-10181,Enterprise,12,11,43463.52,781,501,0.6415,11.0,0.8713,0.4843,1,0,0.0003,2,12,25.0,0
ACC-10182,SMB,12,39,1623.97,27,21,0.7778,21.21,0.9411,0.7974,5,0,0.0001,1,0,62.0,0
ACC-10183,SMB,12,17,493.36,30,27,0.9,17.44,1.1294,0.4848,3,0,0.0001,6,0,,0
ACC-10184,Mid-Market,24,55,8448.43,138,68,0.4928,7.88,0.675,0.6462,4,0,0.0001,9,0,,0
ACC-10185,SMB,12,14,1920.46,30,22,0.7333,13.03,1.7352,0.9691,5,0,0.0001,5,0,-3.0,0
ACC-10186,SMB,24,24,1935.37,32,19,0.5938,16.62,1.0497,0.5173,3,1,2.9998,4,0,14.0,0
ACC-10187,Mid-Market,24,30,3337.03,106,84,0.7925,9.73,0.7297,0.7183,4,1,2.2499,4,0,,0
ACC-10188,Mid-Market,12,50,8303.27,144,80,0.5556,11.61,1.1548,0.5226,4,1,2.2499,4,0,14.0,0
ACC-10189,Mid-Market,12,11,3343.5,104,66,0.6346,4.65,0.6699,0.7901,1,0,0.0003,10,0,55.0,0
ACC-10190,Enterprise,24,17,9791.05,881,730,0.8286,13.59,2.5748,0.5166,4,0,0.0001,3,0,92.0,0
ACC-10191,SMB,12,15,740.08,12,8,0.6667,9.1,1.1527,0.5578,5,0,0.0001,4,0,50.0,0
ACC-10192,SMB,12,26,901.36,12,5,0.4167,18.88,0.808,0.8628,3,0,0.0001,2,0,55.0,0
ACC-10193,Mid-Market,24,37,8861.61,147,113,0.7687,7.61,1.2931,0.6267,3,0,0.0001,3,0,,0
ACC-10194,Mid-Market,12,37,9273.12,49,40,0.8163,4.06,0.9171,0.5205,4,0,0.0001,6,0,35.0,0
ACC-10195,Mid-Market,36,11,2629.76,53,30,0.566,4.64,1.1136,0.7167,5,0,0.0001,3,0,47.0,0
ACC-10196,SMB,24,10,1437.47,19,16,0.8421,25.28,0.6797,0.646,1,0,0.0003,5,0,20.0,0
ACC-10197,SMB,24,24,1530.76,32,21,0.6562,17.07,0.6493,0.5703,1,1,8.9976,4,0,16.0,0
ACC-10198,SMB,12,8,1134.9,14,6,0.4286,6.89,0.8107,0.5796,4,1,2.2499,2,0,7.0,1
ACC-10199,SMB,12,26,678.65,6,5,0.8333,13.21,0.7962,0.565,2,1,4.4995,2,0,,1
ACC-10200,Mid-Market,12,17,3586.95,60,59,0.9833,30.14,0.7422,0.9124,1,1,8.9976,10,0,,0
ACC-10201,Enterprise,12,33,21908.24,842,694,0.8242,7.01,0.8947,0.5263,4,1,2.2499,7,0,,0
ACC-10202,Enterprise,12,30,14000.4,271,177,0.6531,28.33,0.9806,0.8246,3,0,0.0001,4,0,76.0,0
ACC-10203,SMB,12,18,646.6,14,9,0.6429,25.19,0.9861,0.6724,2,0,0.0001,7,12,,0
ACC-10204,Mid-Market,12,8,9304.35,142,97,0.6831,7.89,1.2318,0.9483,3,1,2.9998,2,32,53.0,1
ACC-10205,Enterprise,12,8,24107.3,234,184,0.7863,14.79,1.7059,0.8612,3,0,0.0001,7,0,,0
ACC-10206,Enterprise,24,17,35366.34,297,220,0.7407,5.39,1.166,0.6642,2,0,0.0001,4,0,-13.0,0
ACC-10207,SMB,12,22,2049.39,15,13,0.8667,9.4,0.716,0.6539,6,0,0.0,3,0,38.0,0
ACC-10208,Enterprise,12,14,11530.97,834,566,0.6787,16.83,0.9662,0.2979,2,2,8.9988,2,0,22.0,1
ACC-10209,Enterprise,24,9,33487.05,499,210,0.4208,9.51,0.729,0.447,3,0,0.0001,3,0,37.0,0
ACC-10210,Mid-Market,36,14,9126.84,78,66,0.8462,4.3,0.7566,0.5636,2,2,8.9988,3,0,,1
ACC-10211,SMB,12,34,2246.14,13,12,0.9231,1.89,1.0907,0.9105,6,0,0.0,3,0,35.0,0
ACC-10212,SMB,12,14,1997.99,13,12,0.9231,13.07,0.8927,0.9226,2,0,0.0001,4,0,100.0,0
ACC-10213,Mid-Market,24,11,7614.58,36,30,0.8333,31.24,1.2842,0.544,2,1,4.4995,2,0,34.0,0
ACC-10214,SMB,36,8,1361.67,33,16,0.4848,8.34,0.7439,0.7046,2,0,0.0001,2,0,,0
ACC-10215,Mid-Market,24,16,3645.31,96,81,0.8438,20.78,0.8687,0.6737,5,0,0.0001,5,0,,0
ACC-10216,Mid-Market,24,31,7616.81,60,47,0.7833,10.16,0.7903,0.8542,3,0,0.0001,1,0,,0
ACC-10217,SMB,12,32,664.98,10,9,0.9,26.02,1.1454,0.6844,1,0,0.0003,3,0,23.0,0
ACC-10218,Mid-Market,12,10,3149.95,38,27,0.7105,27.9,1.2379,0.655,2,0,0.0001,3,0,36.0,0
ACC-10219,SMB,12,18,2339.07,22,16,0.7273,29.64,1.4136,0.9294,1,1,8.9976,4,0,-22.0,1
ACC-10220,SMB,24,11,1621.1,11,5,0.4545,13.24,0.9674,0.2555,5,0,0.0001,1,0,,0
ACC-10221,Mid-Market,24,13,5595.81,132,112,0.8485,16.73,0.8187,0.8739,6,1,1.5,5,0,41.0,0
ACC-10222,Enterprise,36,16,27779.1,706,606,0.8584,15.36,0.8107,0.6026,3,0,0.0001,10,0,21.0,0
ACC-10223,Mid-Market,12,12,5034.96,44,28,0.6364,34.49,0.9439,0.8167,2,0,0.0001,4,0,42.0,0
ACC-10224,Mid-Market,12,2,3682.32,103,58,0.5631,12.92,0.9876,0.3926,1,0,0.0003,2,0,-23.0,0
ACC-10225,Mid-Market,12,39,7346.38,126,82,0.6508,7.47,0.8644,0.7174,0,0,1.0,4,0,,0
ACC-10226,SMB,24,11,1403.57,32,18,0.5625,19.52,0.6603,0.7527,8,1,1.125,7,0,25.0,0
ACC-10227,Mid-Market,24,11,8003.22,108,61,0.5648,5.29,2.2149,0.5329,5,0,0.0001,7,0,42.0,0
ACC-10228,SMB,12,10,2041.91,9,5,0.5556,6.13,0.755,0.766,1,0,0.0003,2,0,46.0,0
ACC-10229,Mid-Market,12,6,5979.56,107,53,0.4953,5.11,1.3194,0.5368,2,2,8.9988,4,0,35.0,1
ACC-10230,SMB,12,40,1672.09,23,22,0.9565,11.31,1.1389,0.3922,4,2,4.4997,6,0,-0.0,1
ACC-10231,Mid-Market,12,16,3307.53,89,76,0.8539,6.18,1.0768,0.8046,7,0,0.0,3,0,58.0,0
ACC-10232,Mid-Market,24,22,4796.75,108,72,0.6667,16.38,0.6983,0.5848,5,1,1.8,4,4,31.0,0
ACC-10233,Mid-Market,12,20,9240.7,126,96,0.7619,16.25,0.7818,0.8116,1,1,8.9976,1,8,,0
ACC-10234,Enterprise,24,12,37466.82,915,676,0.7388,3.79,0.9319,0.3648,2,0,0.0001,8,0,,0
ACC-10235,SMB,24,16,1378.51,15,6,0.4,21.0,0.6809,0.7272,1,2,17.9949,3,0,45.0,1
ACC-10236,Mid-Market,24,25,6319.37,92,46,0.5,10.79,0.8078,0.6513,1,0,0.0003,4,0,29.0,0
ACC-10237,Enterprise,12,7,18896.2,587,321,0.5468,9.35,1.118,0.7793,5,0,0.0001,1,0,19.0,0
ACC-10238,Mid-Market,24,13,8175.95,32,32,1.0,18.85,1.0761,0.5341,4,1,2.2499,4,0,51.0,0
ACC-10239,Enterprise,12,15,29108.22,854,723,0.8466,10.1,1.0026,0.5711,4,1,2.2499,4,0,,0
ACC-10240,SMB,12,12,1500.31,5,4,0.8,22.06,0.6962,0.5028,1,0,0.0003,4,0,,0
ACC-10241,SMB,12,12,634.38,21,12,0.5714,20.51,0.6994,0.554,1,0,0.0003,5,0,50.0,0
ACC-10242,SMB,12,18,698.65,20,9,0.45,19.6,0.961,0.9387,4,1,2.2499,4,0,15.0,0
ACC-10243,Mid-Market,12,35,3538.54,112,103,0.9196,5.83,0.725,0.8432,1,0,0.0003,3,0,17.0,0
ACC-10244,Enterprise,12,21,13465.34,738,627,0.8496,27.67,1.1224,0.5622,3,0,0.0001,6,4,15.0,0
ACC-10245,SMB,36,10,1790.02,7,5,0.7143,14.31,1.0672,0.322,2,2,8.9988,5,0,,1
ACC-10246,Mid-Market,12,60,4652.6,145,92,0.6345,10.59,0.8907,0.5644,3,1,2.9998,1,0,1.0,0
ACC-10247,SMB,24,35,1071.94,19,15,0.7895,27.41,1.0436,0.8304,2,0,0.0001,3,0,,0
ACC-10248,SMB,36,12,1195.85,34,29,0.8529,13.02,1.3198,0.6475,5,0,0.0001,2,0,-28.0,0
ACC-10249,SMB,12,35,1171.11,10,9,0.9,13.26,1.028,0.8518,3,1,2.9998,3,0,,0
ACC-10250,Mid-Market,24,19,9464.49,41,31,0.7561,24.52,0.9438,0.8179,4,0,0.0001,2,0,52.0,0
ACC-10251,Mid-Market,12,8,8581.32,54,41,0.7593,6.25,0.7024,0.7919,5,0,0.0001,1,0,47.0,0
ACC-10252,SMB,12,33,2222.86,34,29,0.8529,13.87,0.9654,0.7459,1,0,0.0003,3,0,74.0,0
ACC-10253,Mid-Market,12,10,7774.26,72,61,0.8472,9.0,0.9564,0.8007,5,0,0.0001,5,0,,0
ACC-10254,Enterprise,36,22,10042.93,120,85,0.7083,23.96,0.8832,0.5173,5,0,0.0001,4,0,60.0,0
ACC-10255,Mid-Market,12,18,6922.78,130,111,0.8538,26.9,0.897,0.9071,2,1,4.4995,3,0,11.0,0
ACC-10256,SMB,24,23,2068.25,9,9,1.0,13.25,0.8377,0.7304,2,0,0.0001,4,0,10.0,0
ACC-10257,SMB,12,42,1379.76,15,8,0.5333,3.63,0.9332,0.5059,7,0,0.0,5,0,,0
ACC-10258,Mid-Market,24,16,7308.68,137,133,0.9708,10.25,1.0281,0.6396,2,0,0.0001,2,0,-22.0,0
ACC-10259,Enterprise,12,8,39335.18,846,740,0.8747,3.86,1.2032,0.4961,1,0,0.0003,3,0,,0
ACC-10260,Mid-Market,24,11,7634.66,131,91,0.6947,5.61,0.735,0.4603,2,0,0.0001,2,0,-1.0,0
ACC-10261,SMB,24,7,1057.89,9,6,0.6667,5.76,1.5017,0.7796,4,1,2.2499,4,0,49.0,0
ACC-10262,Enterprise,24,6,27974.85,656,444,0.6768,15.02,1.1658,0.5654,8,0,0.0,5,0,77.0,0
ACC-10263,Mid-Market,36,30,5686.13,30,25,0.8333,22.54,0.945,0.7668,4,1,2.2499,6,0,-28.0,0
ACC-10264,SMB,24,18,970.64,25,18,0.72,6.79,0.8838,0.8029,2,0,0.0001,7,0,8.0,0
ACC-10265,SMB,12,15,2158.56,22,16,0.7273,15.82,1.0703,0.9648,3,0,0.0001,6,0,,0
ACC-10266,SMB,12,13,2305.65,11,7,0.6364,17.61,1.6566,0.7296,5,0,0.0001,5,12,68.0,0
ACC-10267,SMB,12,26,1008.14,17,13,0.7647,22.33,0.8606,0.6808,0,0,1.0,2,0,-5.0,0
ACC-10268,Mid-Market,12,37,3041.75,35,31,0.8857,32.63,0.9284,0.8379,2,1,4.4995,5,0,,1
ACC-10269,Mid-Market,12,10,9477.03,109,73,0.6697,12.54,1.8079,0.6636,3,0,0.0001,3,0,31.0,0
ACC-10270,SMB,12,21,2214.44,7,5,0.7143,18.16,1.1835,0.8073,6,0,0.0,7,0,,0
ACC-10271,SMB,12,29,1920.2,5,2,0.4,9.09,0.9858,0.8643,5,0,0.0001,3,0,,0
ACC-10272,SMB,36,19,1163.43,23,21,0.913,14.99,0.7704,0.9101,4,1,2.2499,4,0,35.0,0
ACC-10273,SMB,12,25,793.7,28,25,0.8929,9.7,1.7541,0.6159,0,0,1.0,5,0,100.0,0
ACC-10274,Mid-Market,36,8,7005.83,131,80,0.6107,5.41,1.0654,0.5501,2,0,0.0001,5,0,,0
ACC-10275,Mid-Market,12,38,4478.96,54,49,0.9074,25.18,0.7909,0.8218,8,0,0.0,2,0,1.0,0
ACC-10276,SMB,24,26,1129.02,18,13,0.7222,7.95,1.1564,0.5882,4,0,0.0001,3,0,,0
ACC-10277,Mid-Market,24,23,5981.13,148,108,0.7297,12.79,1.2746,0.4813,5,1,1.8,6,0,53.0,0
ACC-10278,SMB,12,28,1714.3,15,13,0.8667,21.81,0.668,0.5435,6,0,0.0,6,0,,0
ACC-10279,SMB,12,14,685.65,34,27,0.7941,17.34,1.5245,0.5501,7,0,0.0,6,0,,0
ACC-10280,SMB,12,9,2153.95,34,23,0.6765,11.7,0.9979,0.6451,2,1,4.4995,10,0,10.0,0
ACC-10281,Mid-Market,12,7,2425.56,85,62,0.7294,16.1,0.911,0.3439,4,1,2.2499,3,0,,0
ACC-10282,Mid-Market,36,7,5150.5,114,99,0.8684,11.49,0.7822,0.4756,3,2,5.9995,7,0,,1
ACC-10283,Enterprise,24,21,26048.95,278,233,0.8381,6.9,0.8108,0.6343,5,0,0.0001,8,0,27.0,0
ACC-10284,Mid-Market,12,13,2305.27,148,78,0.527,12.12,0.8175,0.5159,0,0,1.0,8,0,-12.0,0
ACC-10285,Enterprise,12,37,13621.34,204,131,0.6422,13.27,0.8913,0.5366,6,1,1.5,7,0,2.0,0
ACC-10286,Mid-Market,12,32,4201.24,56,49,0.875,21.2,0.8845,0.7377,4,0,0.0001,4,0,,0
ACC-10287,Mid-Market,12,26,4772.96,125,83,0.664,13.14,0.7679,0.7132,2,0,0.0001,3,0,94.0,0
ACC-10288,Mid-Market,24,23,9567.02,127,96,0.7559,25.08,0.6678,0.5299,0,0,1.0,7,0,-15.0,0
ACC-10289,Mid-Market,12,11,2188.95,94,61,0.6489,14.61,1.072,0.6171,9,1,1.0,2,0,62.0,0
ACC-10290,Enterprise,12,12,23437.7,399,258,0.6466,10.59,1.5878,0.3542,3,0,0.0001,9,0,81.0,0
ACC-10291,Enterprise,12,11,13033.33,890,793,0.891,20.69,0.8224,0.5305,1,2,17.9949,5,0,0.0,1
ACC-10292,SMB,12,8,2470.81,22,16,0.7273,12.84,1.0219,0.7042,5,0,0.0001,4,0,,0
ACC-10293,Mid-Market,24,15,2984.46,70,48,0.6857,13.09,0.8542,0.5123,4,0,0.0001,2,0,20.0,0
ACC-10294,Enterprise,12,29,11937.86,465,193,0.4151,14.17,0.6498,0.6021,5,0,0.0001,5,8,1.0,0
ACC-10295,Mid-Market,36,15,7883.78,125,64,0.512,10.47,1.6788,0.6547,4,0,0.0001,5,0,34.0,0
ACC-10296,SMB,24,10,967.14,23,17,0.7391,9.05,0.9812,0.7174,6,0,0.0,1,0,,0
ACC-10297,Mid-Market,12,15,8846.72,120,94,0.7833,8.69,0.8475,0.8176,4,1,2.2499,6,0,46.0,0
ACC-10298,Mid-Market,12,18,9443.14,126,97,0.7698,14.28,1.1081,0.7947,3,0,0.0001,3,0,53.0,0
ACC-10299,Enterprise,24,12,31042.86,467,312,0.6681,9.95,0.9906,0.6193,2,0,0.0001,1,0,,0
ACC-10300,Enterprise,36,16,32060.08,415,349,0.841,38.8,0.6594,0.6366,3,0,0.0001,1,0,51.0,0
ACC-10301,Mid-Market,24,60,7802.2,93,66,0.7097,14.48,0.6674,0.5586,3,1,2.9998,9,0,49.0,0
ACC-10302,Mid-Market,12,7,3227.16,62,42,0.6774,27.0,1.221,0.5881,6,0,0.0,3,0,52.0,0
ACC-10303,Mid-Market,36,4,9010.79,114,93,0.8158,34.35,0.875,0.6192,1,2,17.9949,2,0,,1
ACC-10304,SMB,12,17,1034.42,20,14,0.7,5.12,1.0227,0.7004,3,0,0.0001,3,0,16.0,0
ACC-10305,SMB,24,21,1314.1,17,14,0.8235,10.42,0.9416,0.4942,3,0,0.0001,1,0,81.0,0
ACC-10306,Mid-Market,36,15,4618.32,97,86,0.8866,12.85,0.6261,0.8156,5,1,1.8,2,0,81.0,0
ACC-10307,Mid-Market,12,9,6260.92,129,115,0.8915,7.4,1.1295,0.6096,2,0,0.0001,2,0,65.0,0
ACC-10308,SMB,36,36,726.88,6,4,0.6667,14.61,0.7495,0.5746,2,0,0.0001,2,0,,0
ACC-10309,Mid-Market,12,17,8618.81,89,71,0.7978,10.88,1.0825,0.8198,1,1,8.9976,3,0,58.0,0
ACC-10310,Mid-Market,36,18,6393.33,146,131,0.8973,13.94,0.8559,0.5125,5,1,1.8,3,0,38.0,0
ACC-10311,Enterprise,12,26,38228.55,142,60,0.4225,25.47,1.144,0.6333,5,0,0.0001,7,0,2.0,0
ACC-10312,Enterprise,36,15,39631.91,441,306,0.6939,6.81,1.1587,0.4792,2,1,4.4995,3,0,65.0,0
ACC-10313,SMB,12,14,2449.05,11,8,0.7273,8.63,0.8861,0.4396,3,1,2.9998,7,0,-8.0,0
ACC-10314,SMB,24,36,1285.2,6,4,0.6667,7.23,0.8395,0.4047,6,0,0.0,4,0,33.0,0
ACC-10315,SMB,12,5,2447.07,10,7,0.7,15.68,1.065,0.7372,2,0,0.0001,4,0,83.0,0
ACC-10316,Mid-Market,12,20,8782.82,136,113,0.8309,21.76,0.997,0.8372,5,0,0.0001,4,0,44.0,0
ACC-10317,Enterprise,12,19,40157.79,326,162,0.4969,7.41,1.139,0.8337,4,0,0.0001,7,0,,0
ACC-10318,Enterprise,24,13,33584.52,340,329,0.9676,16.59,0.9238,0.4637,3,1,2.9998,5,0,73.0,0
ACC-10319,Mid-Market,12,15,2273.99,71,62,0.8732,11.22,1.1758,0.5705,4,1,2.2499,6,0,11.0,0
ACC-10320,Mid-Market,24,34,6901.68,133,112,0.8421,3.87,0.9118,0.6115,6,0,0.0,3,0,45.0,0
ACC-10321,SMB,12,10,1778.73,15,10,0.6667,23.24,1.0357,0.7373,5,1,1.8,1,0,65.0,0
ACC-10322,SMB,36,25,2078.46,14,10,0.7143,10.61,1.0327,0.6446,4,0,0.0001,5,0,23.0,0
ACC-10323,Mid-Market,12,17,3029.89,69,44,0.6377,22.07,0.8124,0.8834,1,0,0.0003,7,0,-1.0,0
ACC-10324,SMB,12,24,1215.63,11,7,0.6364,16.1,0.7878,0.5694,2,0,0.0001,4,0,,0
ACC-10325,SMB,12,21,1979.73,6,5,0.8333,29.16,1.2207,0.7415,3,2,5.9995,8,0,14.0,1
ACC-10326,Mid-Market,12,4,7680.64,82,61,0.7439,11.87,0.8353,0.7692,6,1,1.5,5,0,21.0,0
ACC-10327,Mid-Market,12,10,3540.84,56,41,0.7321,39.16,0.88,0.1124,1,1,8.9976,7,0,1.0,0
ACC-10328,Mid-Market,12,11,4391.9,48,33,0.6875,19.89,1.0759,0.8687,2,1,4.4995,1,0,25.0,0
ACC-10329,Mid-Market,24,9,7651.87,143,116,0.8112,5.42,1.1963,0.5107,4,1,2.2499,3,0,,0
ACC-10330,Mid-Market,24,12,3483.08,65,44,0.6769,33.05,0.8018,0.617,2,1,4.4995,4,0,,0
ACC-10331,SMB,24,18,404.25,14,9,0.6429,12.81,1.2375,0.8585,4,0,0.0001,1,0,71.0,0
ACC-10332,Enterprise,12,28,38974.27,709,531,0.7489,11.72,0.8669,0.8609,5,1,1.8,1,0,53.0,0
ACC-10333,Enterprise,24,7,23929.74,904,612,0.677,13.13,0.7744,0.4694,4,0,0.0001,2,0,3.0,0
ACC-10334,Enterprise,12,17,20734.19,819,662,0.8083,42.33,0.9008,0.4886,3,0,0.0001,4,0,,0
ACC-10335,Enterprise,24,20,9066.65,674,600,0.8902,12.87,0.9908,0.2864,3,1,2.9998,2,0,,0
ACC-10336,SMB,12,30,2110.54,31,20,0.6452,10.14,0.9773,0.8327,5,0,0.0001,2,0,55.0,0
ACC-10337,SMB,12,38,1251.38,17,16,0.9412,9.61,0.8456,0.4581,0,1,30001.0,2,0,8.0,0
ACC-10338,Mid-Market,12,15,8272.95,120,75,0.625,5.67,0.7691,0.7927,2,0,0.0001,2,0,65.0,0
ACC-10339,Enterprise,24,9,28053.0,832,578,0.6947,12.93,0.8313,0.3106,4,0,0.0001,0,12,90.0,0
ACC-10340,Mid-Market,12,20,9237.02,115,70,0.6087,12.58,1.0275,0.9146,8,0,0.0,4,0,80.0,0
ACC-10341,Mid-Market,24,9,3273.26,75,67,0.8933,25.01,0.7931,0.5723,3,1,2.9998,2,0,-5.0,0
ACC-10342,Enterprise,12,19,28667.61,550,358,0.6509,3.98,0.8287,0.6674,2,0,0.0001,3,0,39.0,0
ACC-10343,Mid-Market,24,10,5341.73,68,61,0.8971,10.15,0.8957,0.6828,1,0,0.0003,5,0,-22.0,0
ACC-10344,Mid-Market,36,22,4408.06,49,35,0.7143,12.88,0.8082,0.6242,2,1,4.4995,5,0,,0
ACC-10345,Mid-Market,12,11,9822.49,148,102,0.6892,16.82,0.7217,0.571,3,0,0.0001,2,0,87.0,0
ACC-10346,Mid-Market,12,36,7161.06,71,48,0.6761,4.89,1.1807,0.7596,1,1,8.9976,5,0,61.0,0
ACC-10347,Enterprise,36,17,36185.25,486,251,0.5165,6.26,0.7391,0.3942,2,0,0.0001,4,8,7.0,0
ACC-10348,Mid-Market,12,6,4443.52,103,71,0.6893,9.21,1.0261,0.6733,1,1,8.9976,3,0,,0
ACC-10349,Mid-Market,12,28,7284.89,116,98,0.8448,27.88,0.9179,0.7139,4,1,2.2499,1,0,75.0,0
ACC-10350,Mid-Market,24,15,3062.85,35,20,0.5714,13.55,1.311,0.7805,3,0,0.0001,6,0,62.0,0
ACC-10351,SMB,24,23,2404.63,11,9,0.8182,7.93,0.6633,0.6403,4,0,0.0001,4,0,-27.0,0
ACC-10352,SMB,12,28,613.76,10,8,0.8,18.37,1.006,0.8855,2,1,4.4995,1,0,38.0,0
ACC-10353,Enterprise,24,17,31327.52,256,219,0.8555,12.97,1.107,0.3441,5,0,0.0001,7,0,26.0,0
ACC-10354,Enterprise,12,7,24409.75,296,172,0.5811,10.96,1.0378,0.3279,4,0,0.0001,5,0,47.0,0
ACC-10355,Mid-Market,12,18,8030.27,132,87,0.6591,7.07,0.7579,0.8463,5,0,0.0001,7,0,27.0,0
ACC-10356,Enterprise,24,34,10857.15,475,308,0.6484,13.98,0.9459,0.7175,10,0,0.0,7,0,,0
ACC-10357,Mid-Market,12,16,9097.16,30,20,0.6667,17.33,0.8325,0.7588,6,0,0.0,5,0,,0
ACC-10358,SMB,12,21,2159.62,5,3,0.6,33.51,1.1764,0.7772,7,0,0.0,6,0,-1.0,0
ACC-10359,Mid-Market,24,10,4411.99,138,94,0.6812,13.71,1.2716,0.6538,6,0,0.0,3,0,43.0,0
ACC-10360,Mid-Market,24,6,8931.89,64,38,0.5938,19.01,1.0719,0.5633,2,0,0.0001,6,0,,0
ACC-10361,Mid-Market,24,15,4669.37,79,70,0.8861,14.86,1.0555,0.3019,3,0,0.0001,8,0,82.0,0
ACC-10362,Mid-Market,36,17,3096.99,143,99,0.6923,8.87,0.8215,0.6158,6,0,0.0,6,0,,0
ACC-10363,Mid-Market,24,30,2714.54,100,62,0.62,15.27,1.1218,0.9121,4,0,0.0001,0,0,-17.0,0
ACC-10364,SMB,12,17,738.16,19,9,0.4737,6.25,0.9046,0.8704,1,0,0.0003,2,0,81.0,0
ACC-10365,Mid-Market,12,29,9634.65,120,101,0.8417,24.1,1.0479,0.9532,4,0,0.0001,9,0,,0
ACC-10366,SMB,24,13,433.21,13,9,0.6923,19.2,0.9511,0.4701,4,0,0.0001,4,0,57.0,0
ACC-10367,SMB,12,7,2439.29,19,16,0.8421,9.12,1.5679,0.8068,2,1,4.4995,2,0,42.0,0
ACC-10368,Enterprise,24,22,38690.08,855,354,0.414,23.15,0.8736,0.5505,4,0,0.0001,2,0,40.0,0
ACC-10369,Enterprise,24,36,16153.88,104,86,0.8269,11.39,1.0646,0.3794,6,0,0.0,4,0,27.0,0
ACC-10370,Enterprise,12,12,10099.41,911,639,0.7014,2.93,0.9038,0.8341,0,0,1.0,3,0,,0
ACC-10371,Enterprise,36,23,34202.35,829,294,0.3546,4.63,0.8518,0.4229,1,1,8.9976,7,0,40.0,0
ACC-10372,Enterprise,12,24,25572.03,729,697,0.9561,8.36,0.9937,0.4751,2,1,4.4995,6,0,,0
ACC-10373,SMB,12,6,1250.38,20,17,0.85,14.37,1.0165,0.3564,2,1,4.4995,9,0,,1
ACC-10374,Enterprise,36,15,13734.83,107,83,0.7757,13.3,1.3237,0.6676,2,0,0.0001,5,0,-16.0,0
ACC-10375,Mid-Market,12,25,4771.58,124,59,0.4758,23.71,0.7252,0.7538,3,0,0.0001,4,0,35.0,0
ACC-10376,SMB,12,20,1097.97,13,10,0.7692,18.07,0.7899,0.8418,3,0,0.0001,5,0,-5.0,0
ACC-10377,Enterprise,12,25,26403.66,403,326,0.8089,18.25,0.6816,0.7185,1,0,0.0003,2,0,35.0,0
ACC-10378,SMB,24,22,403.03,26,25,0.9615,13.87,0.8253,0.878,4,0,0.0001,8,0,,0
ACC-10379,Mid-Market,24,16,8325.66,47,25,0.5319,8.18,1.0445,0.6049,2,0,0.0001,4,0,24.0,0
ACC-10380,Enterprise,24,17,8659.48,934,568,0.6081,9.0,1.0277,0.6306,7,0,0.0,4,0,,0
ACC-10381,SMB,24,30,1838.53,27,16,0.5926,14.6,1.1042,0.9698,5,0,0.0001,2,0,41.0,0
ACC-10382,Mid-Market,12,18,3369.35,135,89,0.6593,21.99,1.2319,0.7281,0,0,1.0,10,0,40.0,0
ACC-10383,SMB,24,11,2270.7,23,19,0.8261,11.31,0.9894,0.6515,4,2,4.4997,5,4,45.0,1
ACC-10384,SMB,24,15,877.64,26,15,0.5769,7.94,0.9201,0.7075,4,0,0.0001,1,0,14.0,0
ACC-10385,SMB,12,21,1495.35,34,26,0.7647,20.86,1.4208,0.8852,2,0,0.0001,3,0,,0
ACC-10386,Mid-Market,12,29,9031.89,45,31,0.6889,18.7,1.0149,0.4188,4,2,4.4997,2,0,57.0,1
ACC-10387,Enterprise,36,6,13111.16,618,410,0.6634,16.84,1.1849,0.566,3,0,0.0001,3,0,20.0,0
ACC-10388,SMB,24,14,472.23,18,17,0.9444,16.43,0.965,0.901,2,1,4.4995,1,0,59.0,0
ACC-10389,SMB,24,27,1140.39,19,17,0.8947,12.24,0.7893,0.6066,1,0,0.0003,4,0,,0
ACC-10390,SMB,24,10,2270.68,20,9,0.45,10.12,1.3717,0.7802,3,0,0.0001,1,0,38.0,0
ACC-10391,Mid-Market,12,10,2019.58,107,86,0.8037,19.6,0.8621,0.6362,3,1,2.9998,2,0,,0
ACC-10392,Mid-Market,24,17,6452.39,148,139,0.9392,14.29,0.8813,0.27,2,0,0.0001,3,0,,0
ACC-10393,SMB,12,6,1067.96,26,19,0.7308,27.52,0.7546,0.7422,3,0,0.0001,3,0,-2.0,0
ACC-10394,Mid-Market,12,41,3286.73,87,75,0.8621,5.48,0.699,0.4609,3,0,0.0001,4,0,,0
ACC-10395,SMB,24,21,1177.83,13,12,0.9231,16.69,0.6747,0.688,5,0,0.0001,4,0,,0
ACC-10396,SMB,12,23,1321.87,28,18,0.6429,8.51,0.8851,0.4238,4,1,2.2499,6,0,,0
ACC-10397,Mid-Market,24,31,6666.01,145,100,0.6897,6.92,0.8487,0.6289,2,0,0.0001,6,0,44.0,0
ACC-10398,SMB,12,54,1126.58,6,4,0.6667,16.0,0.8946,0.7269,6,0,0.0,8,4,32.0,0
ACC-10399,SMB,12,16,1989.74,24,18,0.75,25.12,1.0157,0.3485,2,0,0.0001,3,0,,0
ACC-10400,Enterprise,12,6,29111.66,390,337,0.8641,20.74,0.9309,0.6937,1,0,0.0003,2,0,37.0,0
ACC-10401,SMB,12,20,1365.6,7,4,0.5714,16.19,0.7584,0.7543,1,0,0.0003,6,0,41.0,0
ACC-10402,Mid-Market,12,10,4968.39,124,95,0.7661,17.48,0.5649,0.6968,3,0,0.0001,5,0,10.0,0
ACC-10403,SMB,12,8,1687.57,33,24,0.7273,13.67,1.0936,0.9558,1,0,0.0003,5,0,68.0,0
ACC-10404,Mid-Market,36,12,8737.83,47,36,0.766,8.05,0.9204,0.8696,3,1,2.9998,5,0,44.0,0
ACC-10405,SMB,12,16,699.3,34,26,0.7647,11.4,1.0705,0.8345,1,0,0.0003,5,0,54.0,0
ACC-10406,Mid-Market,12,31,8264.28,52,48,0.9231,7.93,0.8951,0.6686,4,0,0.0001,4,0,51.0,0
ACC-10407,Enterprise,24,42,17665.52,354,301,0.8503,16.56,1.123,0.782,3,0,0.0001,3,0,93.0,0
ACC-10408,SMB,24,9,1087.73,34,22,0.6471,23.28,0.915,0.6458,3,0,0.0001,1,0,59.0,0
ACC-10409,Enterprise,12,13,32822.27,374,283,0.7567,6.72,0.8652,0.7357,7,2,2.5714,3,0,,1
ACC-10410,Mid-Market,24,23,3971.88,133,89,0.6692,11.96,0.646,0.8278,3,0,0.0001,3,0,45.0,0
ACC-10411,SMB,24,25,1840.05,29,27,0.931,10.0,1.0209,0.7071,6,0,0.0,2,0,67.0,0
ACC-10412,SMB,12,9,1549.6,20,16,0.8,15.34,0.8853,0.883,4,0,0.0001,4,0,,0
ACC-10413,Mid-Market,12,27,4682.37,146,110,0.7534,11.12,0.6382,0.4524,2,1,4.4995,4,0,,0
ACC-10414,Mid-Market,36,11,8091.58,60,52,0.8667,10.29,1.3172,0.8558,8,2,2.25,5,0,34.0,0
ACC-10415,Mid-Market,24,9,3383.57,51,35,0.6863,19.39,1.0516,0.7674,3,1,2.9998,5,0,-1.0,0
ACC-10416,Mid-Market,24,22,3417.27,114,100,0.8772,7.09,1.1085,0.8485,1,0,0.0003,10,0,,0
ACC-10417,Mid-Market,12,32,8121.84,142,125,0.8803,37.29,0.9169,0.7478,4,0,0.0001,0,8,,0
ACC-10418,SMB,12,20,2024.23,7,6,0.8571,8.76,1.3344,0.3641,5,2,3.5998,3,0,66.0,1
ACC-10419,SMB,24,18,886.42,29,18,0.6207,14.1,1.0414,0.5534,0,3,90001.0,2,0,11.0,1
ACC-10420,SMB,12,16,666.77,31,17,0.5484,18.54,0.8662,0.6884,5,0,0.0001,7,0,,0
ACC-10421,SMB,12,17,2462.82,8,5,0.625,19.79,0.8914,0.8577,5,0,0.0001,4,0,,0
ACC-10422,Enterprise,24,14,19129.51,399,183,0.4586,15.28,1.2718,0.8584,3,0,0.0001,1,0,30.0,0
ACC-10423,Mid-Market,12,23,4834.62,137,88,0.6423,19.78,0.7732,0.7393,4,0,0.0001,3,0,56.0,0
ACC-10424,Enterprise,24,17,8078.39,639,482,0.7543,24.67,0.7834,0.5905,5,0,0.0001,3,0,,0
ACC-10425,Mid-Market,24,52,4682.72,147,119,0.8095,19.53,0.9383,0.472,1,0,0.0003,1,0,,0
ACC-10426,Mid-Market,12,20,2660.63,111,65,0.5856,8.5,1.0434,0.6768,1,1,8.9976,4,0,55.0,0
ACC-10427,SMB,24,14,1819.52,34,20,0.5882,3.38,0.9454,0.6181,1,0,0.0003,7,0,7.0,0
ACC-10428,Mid-Market,12,9,4321.3,115,54,0.4696,14.77,1.01,0.5917,2,0,0.0001,4,0,34.0,0
ACC-10429,Enterprise,24,9,18985.35,437,380,0.8696,4.6,0.8798,0.5558,5,2,3.5998,5,0,25.0,0
ACC-10430,Enterprise,12,21,12563.96,858,673,0.7844,3.08,0.8179,0.7589,7,0,0.0,3,0,97.0,0
ACC-10431,SMB,12,12,1936.78,32,19,0.5938,9.04,1.4105,0.7329,3,0,0.0001,7,0,63.0,0
ACC-10432,Mid-Market,24,18,9278.47,97,61,0.6289,11.01,1.0944,0.901,2,0,0.0001,7,0,49.0,0
ACC-10433,Enterprise,12,33,11773.84,645,275,0.4264,10.33,1.6827,0.546,2,2,8.9988,5,0,,1
ACC-10434,Enterprise,36,8,25317.4,966,725,0.7505,9.45,1.2642,0.5538,3,1,2.9998,5,0,,0
ACC-10435,SMB,12,15,1407.69,15,10,0.6667,23.31,0.8859,0.6519,2,0,0.0001,2,0,60.0,0
ACC-10436,Enterprise,12,3,39888.64,101,54,0.5347,12.68,1.1893,0.6266,6,1,1.5,3,4,-30.0,0
ACC-10437,SMB,12,6,2081.48,24,22,0.9167,31.34,1.1551,0.7459,1,1,8.9976,2,0,,0
ACC-10438,SMB,12,19,1509.99,32,28,0.875,8.08,0.7702,0.8612,9,0,0.0,3,0,33.0,0
ACC-10439,Enterprise,12,7,17384.47,709,459,0.6474,14.88,0.7773,0.5981,3,0,0.0001,4,4,63.0,0
ACC-10440,Enterprise,24,7,19213.17,377,194,0.5146,29.09,0.9703,0.8343,3,1,2.9998,3,0,5.0,0
ACC-10441,SMB,24,39,1883.54,12,5,0.4167,19.99,0.8973,0.6823,6,0,0.0,6,0,5.0,0
ACC-10442,Mid-Market,24,11,2981.15,116,88,0.7586,16.1,1.4568,0.7271,3,0,0.0001,1,4,,0
ACC-10443,Mid-Market,36,9,6780.83,31,28,0.9032,10.09,1.0447,0.6036,2,1,4.4995,4,0,38.0,0
ACC-10444,SMB,12,33,2146.71,25,14,0.56,8.62,1.1647,0.679,2,0,0.0001,3,0,,0
ACC-10445,SMB,24,9,1434.09,17,16,0.9412,9.28,1.0435,0.5667,4,1,2.2499,5,0,45.0,0
ACC-10446,SMB,12,20,1278.53,19,14,0.7368,16.34,0.8713,0.4401,1,0,0.0003,6,0,-15.0,0
ACC-10447,SMB,24,20,749.0,13,12,0.9231,28.18,0.9353,0.8733,1,1,8.9976,4,0,38.0,0
ACC-10448,Mid-Market,12,26,5555.35,145,53,0.3655,15.26,0.9653,0.5324,5,0,0.0001,3,0,,0
ACC-10449,Enterprise,36,8,43080.24,693,528,0.7619,15.78,0.7762,0.7264,2,1,4.4995,3,0,,0
ACC-10450,SMB,24,10,1175.55,8,5,0.625,19.57,0.6733,0.8428,1,1,8.9976,4,0,50.0,0
ACC-10451,Mid-Market,36,11,4525.2,61,32,0.5246,20.89,1.8161,0.7959,4,0,0.0001,3,0,24.0,0
ACC-10452,Mid-Market,24,10,6475.41,78,63,0.8077,10.75,0.6927,0.8847,2,0,0.0001,5,0,12.0,0
ACC-10453,SMB,36,26,400.2,27,22,0.8148,16.61,0.8315,0.9061,2,2,8.9988,4,0,16.0,1
ACC-10454,Enterprise,24,20,35452.25,278,233,0.8381,18.67,1.0074,0.8124,7,1,1.2857,5,0,58.0,0
ACC-10455,Mid-Market,12,22,9243.45,33,24,0.7273,11.58,0.9615,0.4547,1,1,8.9976,7,0,6.0,0
ACC-10456,Enterprise,12,6,22270.95,563,429,0.762,27.47,1.0523,0.8404,0,3,90001.0,5,0,,1
ACC-10457,Mid-Market,12,19,9860.05,74,50,0.6757,3.97,0.8536,0.6955,1,1,8.9976,2,0,,0
ACC-10458,Enterprise,12,35,40338.09,307,217,0.7068,6.41,1.0906,0.8251,3,0,0.0001,6,0,,0
ACC-10459,Enterprise,12,48,17721.73,602,482,0.8007,31.17,1.1476,0.3683,2,0,0.0001,7,0,,0
ACC-10460,Enterprise,12,12,42195.0,100,90,0.9,13.0,0.7928,0.9106,3,3,8.9992,6,0,56.0,0
ACC-10461,Mid-Market,12,27,5978.21,132,101,0.7652,24.58,0.5574,0.9546,6,0,0.0,5,0,18.0,0
ACC-10462,SMB,36,10,1601.5,13,11,0.8462,15.72,0.7426,0.6967,6,1,1.5,6,0,43.0,0
ACC-10463,Mid-Market,36,6,3756.52,149,138,0.9262,19.7,0.8648,0.5178,3,0,0.0001,5,0,-3.0,0
ACC-10464,SMB,12,6,1290.7,15,10,0.6667,16.95,0.938,0.572,3,0,0.0001,2,0,30.0,0
ACC-10465,Mid-Market,12,33,2596.87,122,84,0.6885,24.34,1.3129,0.6668,2,1,4.4995,8,0,83.0,0
ACC-10466,Mid-Market,12,13,9090.13,139,126,0.9065,11.26,0.8858,0.3732,4,0,0.0001,4,0,,0
ACC-10467,SMB,12,11,939.07,30,16,0.5333,16.64,0.9046,0.6402,3,0,0.0001,5,0,,0
ACC-10468,Mid-Market,24,25,7382.47,95,68,0.7158,6.41,0.9847,0.5689,5,0,0.0001,4,0,,0
ACC-10469,SMB,12,7,630.13,22,15,0.6818,7.68,1.0609,0.345,5,3,5.3997,6,0,51.0,1
ACC-10470,Enterprise,24,22,12140.3,709,374,0.5275,4.68,1.1151,0.725,1,2,17.9949,2,0,,0
ACC-10471,SMB,24,14,1975.61,11,7,0.6364,16.13,1.0104,0.7231,2,0,0.0001,3,0,,0
ACC-10472,Enterprise,24,46,31080.56,775,564,0.7277,7.44,0.8985,0.7339,3,0,0.0001,2,0,55.0,0
ACC-10473,SMB,12,13,1789.87,10,6,0.6,25.75,1.104,0.8144,4,2,4.4997,4,0,33.0,1
ACC-10474,Mid-Market,24,15,3395.24,109,91,0.8349,21.01,1.007,0.5735,2,2,8.9988,2,0,60.0,1
ACC-10475,SMB,12,6,568.69,17,11,0.6471,12.1,1.0471,0.6834,0,0,1.0,9,4,,0
ACC-10476,Enterprise,12,50,15611.82,491,414,0.8432,0.89,1.1154,0.6542,6,1,1.5,3,0,19.0,0
ACC-10477,Mid-Market,12,13,4615.57,142,88,0.6197,13.36,0.704,0.5333,3,0,0.0001,0,0,100.0,0
ACC-10478,SMB,12,40,403.71,34,24,0.7059,10.36,1.1152,0.9009,5,0,0.0001,5,0,,0
ACC-10479,Mid-Market,12,5,7208.94,83,75,0.9036,7.41,1.4324,0.5706,3,1,2.9998,8,0,12.0,0
ACC-10480,Mid-Market,12,19,7903.9,107,65,0.6075,21.05,1.3638,0.8063,5,0,0.0001,1,0,46.0,0
ACC-10481,SMB,24,47,930.99,6,6,1.0,4.16,1.1212,0.75,4,0,0.0001,4,4,13.0,0
ACC-10482,Mid-Market,24,11,5033.37,68,45,0.6618,27.9,0.9286,0.7519,2,0,0.0001,4,0,31.0,0
ACC-10483,Mid-Market,12,19,9250.91,136,116,0.8529,20.18,0.9836,0.7121,1,2,17.9949,3,0,,1
ACC-10484,Mid-Market,12,33,2431.11,147,108,0.7347,17.67,1.3458,0.8108,6,1,1.5,1,0,61.0,0
ACC-10485,SMB,24,13,1015.28,14,10,0.7143,7.87,0.7868,0.4696,4,0,0.0001,6,0,21.0,0
ACC-10486,Enterprise,12,6,26049.32,788,515,0.6536,11.34,0.9163,0.7201,3,1,2.9998,5,0,12.0,0
ACC-10487,Mid-Market,36,12,6542.8,56,41,0.7321,12.64,1.0367,0.5405,1,0,0.0003,2,0,57.0,0
ACC-10488,SMB,24,20,1152.45,15,9,0.6,22.35,0.8333,0.7139,8,0,0.0,3,0,35.0,0
ACC-10489,SMB,12,19,1445.51,7,6,0.8571,10.63,1.3157,0.4497,5,0,0.0001,5,0,28.0,0
ACC-10490,Mid-Market,12,24,5290.33,71,48,0.6761,31.31,1.6493,0.9292,2,0,0.0001,5,0,62.0,0
ACC-10491,Mid-Market,12,10,2089.74,140,88,0.6286,8.04,1.125,0.7499,6,0,0.0,7,0,-21.0,0
ACC-10492,Mid-Market,12,45,7384.36,83,66,0.7952,21.3,1.1573,0.8933,8,0,0.0,5,0,13.0,0
ACC-10493,Enterprise,12,10,22234.44,395,342,0.8658,4.67,1.1545,0.4271,7,2,2.5714,4,0,-41.0,1
ACC-10494,Mid-Market,24,17,3057.3,115,96,0.8348,15.74,1.1286,0.5917,3,1,2.9998,5,0,,0
ACC-10495,Mid-Market,12,20,5081.58,41,36,0.878,8.02,0.9548,0.4008,2,0,0.0001,2,0,,0
ACC-10496,Mid-Market,12,19,4082.92,106,62,0.5849,13.2,0.7666,0.7517,4,1,2.2499,2,0,-4.0,0
ACC-10497,Enterprise,24,8,14365.23,337,215,0.638,5.65,1.0603,0.7183,3,0,0.0001,1,0,28.0,0
ACC-10498,SMB,12,34,1550.52,11,9,0.8182,7.05,0.9455,0.7845,2,0,0.0001,3,0,45.0,0
ACC-10499,SMB,12,12,2246.35,5,4,0.8,13.18,1.4039,0.5017,3,0,0.0001,4,0,,0
ACC-10500,SMB,12,21,1698.53,30,26,0.8667,23.42,0.7053,0.9128,2,0,0.0001,7,0,,0
ACC-10501,Mid-Market,12,19,3277.64,117,94,0.8034,6.09,0.9662,0.7856,1,0,0.0003,6,4,,0
ACC-10502,Mid-Market,24,18,7510.81,124,110,0.8871,10.87,1.0927,0.7508,3,0,0.0001,8,0,74.0,0
ACC-10503,SMB,12,6,1478.27,14,10,0.7143,11.3,1.0632,0.5554,1,1,8.9976,5,0,3.0,0
ACC-10504,SMB,24,11,2410.22,34,22,0.6471,14.85,1.5263,0.78,4,0,0.0001,3,0,-1.0,0
ACC-10505,Enterprise,12,21,25273.32,452,322,0.7124,21.61,1.1679,0.8072,6,0,0.0,5,0,87.0,0
ACC-10506,SMB,12,6,1969.87,34,28,0.8235,10.64,0.8286,0.6184,3,0,0.0001,0,0,100.0,0
ACC-10507,SMB,12,14,512.37,32,30,0.9375,6.6,1.0685,0.6829,1,1,8.9976,3,0,,0
ACC-10508,SMB,24,18,1880.78,6,4,0.6667,4.52,0.9565,0.7367,6,0,0.0,5,0,-15.0,0
ACC-10509,SMB,12,24,1426.51,14,12,0.8571,9.42,1.3082,0.3237,3,1,2.9998,3,0,10.0,1
ACC-10510,Mid-Market,12,17,4363.02,48,23,0.4792,17.67,0.823,0.798,5,2,3.5998,2,0,-36.0,1
ACC-10511,Mid-Market,24,15,4565.67,133,84,0.6316,19.9,0.9751,0.7169,0,0,1.0,4,0,49.0,0
ACC-10512,SMB,12,19,1141.94,8,5,0.625,6.98,1.4296,0.4952,8,0,0.0,3,0,,0
ACC-10513,SMB,12,14,2237.45,22,21,0.9545,16.72,1.0537,0.8157,5,0,0.0001,7,0,3.0,0
ACC-10514,Enterprise,24,9,13411.11,985,739,0.7503,12.43,0.9223,0.8052,4,0,0.0001,5,0,-5.0,0
ACC-10515,Enterprise,12,12,19905.81,238,132,0.5546,12.34,0.721,0.8141,4,1,2.2499,2,0,,0
ACC-10516,Mid-Market,24,21,8854.66,96,35,0.3646,10.06,0.6079,0.4734,4,0,0.0001,8,0,,0
ACC-10517,SMB,12,15,429.23,6,5,0.8333,7.69,0.7862,0.8169,3,0,0.0001,2,0,,0
ACC-10518,SMB,24,58,2142.06,9,8,0.8889,14.3,0.9549,0.5703,4,0,0.0001,4,0,65.0,0
ACC-10519,Enterprise,24,8,11128.25,627,400,0.638,10.04,1.0526,0.7681,4,0,0.0001,3,0,,0
ACC-10520,Mid-Market,12,20,6163.46,50,35,0.7,12.3,0.861,0.5635,4,0,0.0001,6,0,19.0,0
ACC-10521,Mid-Market,24,22,2207.18,40,37,0.925,2.76,0.9742,0.6271,2,0,0.0001,3,0,,0
ACC-10522,SMB,24,17,1348.59,26,16,0.6154,15.55,0.7721,0.7477,1,0,0.0003,8,8,39.0,0
ACC-10523,SMB,12,14,1519.68,30,21,0.7,10.14,0.7873,0.4608,1,0,0.0003,3,0,26.0,0
ACC-10524,SMB,12,16,1119.74,20,13,0.65,7.09,0.7859,0.8403,3,0,0.0001,2,0,56.0,0
ACC-10525,Mid-Market,24,16,8958.09,68,47,0.6912,20.0,1.405,0.6769,3,1,2.9998,3,0,83.0,0
ACC-10526,Mid-Market,24,38,9942.84,133,97,0.7293,8.92,0.9668,0.8304,3,0,0.0001,7,0,3.0,0
ACC-10527,Mid-Market,12,5,2889.32,56,41,0.7321,17.48,1.2874,0.4435,6,0,0.0,3,0,86.0,0
ACC-10528,Enterprise,24,9,43025.9,332,229,0.6898,11.37,0.7967,0.7473,2,2,8.9988,3,0,,0
ACC-10529,SMB,12,19,781.88,22,20,0.9091,7.46,0.8413,0.8015,3,0,0.0001,6,0,,0
ACC-10530,SMB,24,29,1196.08,20,16,0.8,21.55,1.045,0.7401,3,0,0.0001,4,0,,0
ACC-10531,SMB,24,10,1975.25,30,23,0.7667,12.49,0.8889,0.8819,4,1,2.2499,5,0,99.0,0
ACC-10532,SMB,36,8,2045.97,31,24,0.7742,23.05,1.4833,0.7634,6,0,0.0,6,0,25.0,0
ACC-10533,Mid-Market,12,15,9903.09,143,117,0.8182,8.21,1.3105,0.7943,3,1,2.9998,3,0,,0
ACC-10534,SMB,24,9,2082.18,7,5,0.7143,17.68,1.8378,0.7848,2,4,17.9975,2,0,,1
ACC-10535,SMB,12,15,1872.05,30,27,0.9,16.88,0.8585,0.3738,3,0,0.0001,2,12,27.0,0
ACC-10536,SMB,12,9,1856.08,23,14,0.6087,5.84,1.7579,0.8554,4,0,0.0001,4,0,36.0,0
ACC-10537,Mid-Market,12,24,3062.37,82,45,0.5488,5.23,1.0286,0.8549,4,0,0.0001,6,0,44.0,0
ACC-10538,Mid-Market,24,10,2011.56,113,58,0.5133,7.26,1.1536,0.6688,6,0,0.0,7,0,29.0,0
ACC-10539,Enterprise,12,5,42842.78,669,513,0.7668,14.93,1.0845,0.789,3,0,0.0001,3,4,46.0,0
ACC-10540,SMB,12,24,2322.51,14,11,0.7857,20.11,1.3853,0.8606,3,1,2.9998,3,0,,0
ACC-10541,Mid-Market,24,16,4671.69,106,81,0.7642,6.86,1.1536,0.8158,3,1,2.9998,5,0,,0
ACC-10542,Mid-Market,24,13,4836.32,61,52,0.8525,7.07,1.264,0.4868,5,0,0.0001,5,0,1.0,0
ACC-10543,SMB,24,13,687.81,17,8,0.4706,11.77,1.3671,0.6576,2,0,0.0001,2,0,57.0,0
ACC-10544,Mid-Market,36,18,6754.2,115,102,0.887,9.0,0.8856,0.6218,4,0,0.0001,2,0,94.0,0
ACC-10545,Mid-Market,12,8,7638.11,47,34,0.7234,16.01,1.4134,0.6495,1,0,0.0003,4,0,,0
ACC-10546,Enterprise,36,7,29652.45,258,198,0.7674,6.83,1.0265,0.7802,3,0,0.0001,0,0,33.0,0
ACC-10547,SMB,24,10,1538.15,29,22,0.7586,11.74,0.9632,0.4326,5,0,0.0001,0,0,63.0,0
ACC-10548,Mid-Market,12,14,9758.65,50,46,0.92,17.34,0.9731,0.52,6,0,0.0,5,0,,0
ACC-10549,SMB,12,9,2273.49,28,22,0.7857,11.14,0.8837,0.8765,5,0,0.0001,1,0,-1.0,0
ACC-10550,Mid-Market,12,37,2181.72,135,90,0.6667,10.42,1.4878,0.975,5,0,0.0001,3,0,37.0,0
ACC-10551,SMB,12,10,1226.46,5,4,0.8,5.06,1.0118,0.7453,4,0,0.0001,6,0,,0
ACC-10552,Mid-Market,24,17,3998.05,109,60,0.5505,19.94,1.4341,0.764,5,0,0.0001,3,0,-31.0,0
ACC-10553,Mid-Market,24,21,3852.51,45,28,0.6222,12.54,1.6127,0.5626,4,0,0.0001,4,0,32.0,0
ACC-10554,SMB,24,31,1744.49,11,7,0.6364,14.18,1.1372,0.7457,3,0,0.0001,2,0,,0
ACC-10555,Mid-Market,12,41,2929.23,98,78,0.7959,6.04,0.991,0.3814,3,0,0.0001,3,4,,0
ACC-10556,Enterprise,12,49,35565.02,886,816,0.921,5.76,1.268,0.7183,2,1,4.4995,4,0,,0
ACC-10557,Enterprise,24,30,25209.6,697,388,0.5567,16.96,0.8434,0.4136,4,3,6.7496,3,0,,1
ACC-10558,SMB,12,28,2017.31,29,25,0.8621,13.44,0.8569,0.5562,4,1,2.2499,5,0,66.0,0
ACC-10559,Mid-Market,36,8,6861.91,34,29,0.8529,14.35,1.7828,0.8313,4,0,0.0001,5,0,74.0,0
ACC-10560,SMB,12,22,1817.58,32,31,0.9688,7.67,0.7234,0.6473,7,2,2.5714,3,0,-7.0,1
ACC-10561,Mid-Market,36,14,5781.26,124,78,0.629,7.31,0.6198,0.7752,2,2,8.9988,3,0,91.0,0
ACC-10562,Enterprise,12,14,39739.24,284,232,0.8169,12.83,1.0358,0.5292,4,0,0.0001,2,0,,0
ACC-10563,Enterprise,12,13,19482.05,131,107,0.8168,8.74,1.3105,0.4332,4,0,0.0001,5,0,,0
ACC-10564,Mid-Market,12,8,4880.07,70,46,0.6571,13.92,0.9671,0.7391,2,0,0.0001,5,0,42.0,0
ACC-10565,Mid-Market,24,12,3953.4,71,65,0.9155,20.69,0.9617,0.9285,4,0,0.0001,9,0,18.0,0
ACC-10566,Mid-Market,24,9,7842.84,75,57,0.76,14.28,0.8246,0.457,5,1,1.8,3,0,,0
ACC-10567,Mid-Market,12,5,2726.19,32,27,0.8438,15.95,1.4154,0.6855,6,0,0.0,3,0,-20.0,0
ACC-10568,SMB,36,34,1707.41,32,29,0.9062,12.37,0.7989,0.7705,3,0,0.0001,6,0,,0
ACC-10569,Mid-Market,24,17,3253.86,54,47,0.8704,16.54,1.0073,0.6877,5,0,0.0001,2,0,87.0,0
ACC-10570,Mid-Market,24,17,7650.98,80,46,0.575,18.1,1.4746,0.4929,2,1,4.4995,4,0,,0
ACC-10571,SMB,24,16,1753.49,23,20,0.8696,5.32,0.7171,0.9821,7,1,1.2857,6,0,34.0,0
ACC-10572,Mid-Market,12,29,3926.43,96,80,0.8333,4.5,0.7118,0.7828,6,1,1.5,6,0,,0
ACC-10573,Mid-Market,12,18,7828.45,67,41,0.6119,6.86,1.0346,0.8155,2,0,0.0001,7,0,37.0,0
ACC-10574,SMB,36,34,1787.24,24,21,0.875,25.08,1.0135,0.5794,3,0,0.0001,4,0,,0
ACC-10575,SMB,36,23,1709.24,32,24,0.75,29.86,0.6398,0.4363,1,0,0.0003,1,0,48.0,0
ACC-10576,Enterprise,36,10,34305.38,116,99,0.8534,19.4,0.7247,0.655,5,0,0.0001,4,0,,0
ACC-10577,SMB,36,32,2430.57,24,18,0.75,12.71,0.6454,0.7988,3,2,5.9995,3,0,5.0,1
ACC-10578,Mid-Market,12,20,9424.48,40,30,0.75,10.59,1.1413,0.5065,3,1,2.9998,3,0,22.0,0
ACC-10579,Mid-Market,24,16,4173.45,57,41,0.7193,19.61,1.1184,0.631,3,0,0.0001,5,0,,0
ACC-10580,Mid-Market,12,27,4516.45,62,45,0.7258,8.44,1.3826,0.8839,5,0,0.0001,4,0,52.0,0
ACC-10581,SMB,36,17,2437.32,26,23,0.8846,17.92,0.719,0.4291,8,1,1.125,3,0,48.0,0
ACC-10582,Mid-Market,12,25,3788.14,69,57,0.8261,8.68,0.8181,0.4572,4,1,2.2499,4,0,50.0,0
ACC-10583,Mid-Market,24,8,9989.4,115,80,0.6957,14.26,1.057,0.3689,4,0,0.0001,3,0,35.0,0
ACC-10584,Mid-Market,12,17,2305.1,98,73,0.7449,8.19,0.9369,0.3438,6,1,1.5,4,0,44.0,0
ACC-10585,Mid-Market,12,11,8725.6,139,89,0.6403,27.0,1.1449,0.8149,5,0,0.0001,6,0,18.0,0
ACC-10586,Enterprise,12,48,35568.15,256,175,0.6836,7.5,1.0279,0.4999,5,0,0.0001,5,0,,0
ACC-10587,Enterprise,24,33,44421.92,386,261,0.6762,14.78,1.3819,0.4821,3,1,2.9998,3,0,-8.0,0
ACC-10588,Enterprise,24,19,13767.75,370,328,0.8865,16.93,1.1214,0.665,1,1,8.9976,5,0,,0
ACC-10589,Enterprise,12,32,9120.08,364,263,0.7225,12.11,2.0274,0.7183,2,0,0.0001,2,0,45.0,0
ACC-10590,Enterprise,24,11,21500.97,400,375,0.9375,12.6,1.2315,0.4615,5,1,1.8,5,0,84.0,0
ACC-10591,Mid-Market,24,12,9446.82,35,26,0.7429,10.83,0.6128,0.5487,4,0,0.0001,3,0,5.0,0
ACC-10592,Enterprise,12,4,30008.52,101,59,0.5842,12.86,1.318,0.8245,3,1,2.9998,5,0,30.0,0
ACC-10593,Mid-Market,12,24,5425.47,41,35,0.8537,6.56,0.8277,0.8765,4,0,0.0001,4,0,0.0,0
ACC-10594,SMB,24,4,1446.55,7,5,0.7143,19.86,1.1468,0.5417,5,0,0.0001,4,0,56.0,0
ACC-10595,Mid-Market,24,12,2571.18,34,23,0.6765,16.09,0.9692,0.7099,6,1,1.5,3,12,20.0,0
ACC-10596,SMB,12,7,959.59,25,18,0.72,7.11,2.4104,0.774,3,0,0.0001,1,4,,0
ACC-10597,Enterprise,24,29,42643.77,489,365,0.7464,15.18,0.795,0.7292,4,0,0.0001,7,8,41.0,0
ACC-10598,Enterprise,12,46,20228.77,570,417,0.7316,8.4,1.2827,0.5826,4,0,0.0001,6,0,,0
ACC-10599,Enterprise,12,26,32706.95,183,152,0.8306,25.7,0.8477,0.6353,2,0,0.0001,4,0,,0
ACC-10600,Enterprise,12,23,39759.0,552,467,0.846,9.5,0.7852,0.6428,4,0,0.0001,5,0,26.0,0
ACC-10601,Mid-Market,12,19,7672.79,96,70,0.7292,12.42,1.3008,0.6541,4,1,2.2499,7,0,,0
ACC-10602,Enterprise,24,18,27180.49,623,545,0.8748,10.42,0.8059,0.7795,4,0,0.0001,4,0,55.0,0
ACC-10603,Enterprise,36,10,9672.46,204,167,0.8186,5.21,1.0223,0.7595,3,1,2.9998,6,0,58.0,0
ACC-10604,Enterprise,12,6,13727.27,602,534,0.887,23.42,0.8517,0.5489,3,0,0.0001,4,0,,0
ACC-10605,Mid-Market,12,18,5675.43,57,52,0.9123,33.68,1.1859,0.8017,3,1,2.9998,3,0,2.0,0
ACC-10606,Mid-Market,24,20,5119.87,74,19,0.2568,18.28,1.0481,0.589,1,0,0.0003,6,0,-1.0,0
ACC-10607,Mid-Market,24,20,7053.27,38,31,0.8158,8.69,1.2285,0.4054,6,0,0.0,3,4,25.0,0
ACC-10608,Mid-Market,24,22,5050.68,65,62,0.9538,14.88,0.9692,0.9076,4,1,2.2499,6,0,34.0,0
ACC-10609,SMB,24,25,1498.52,19,13,0.6842,19.15,1.2835,0.8303,2,1,4.4995,1,0,49.0,0
ACC-10610,Enterprise,12,17,9483.06,386,233,0.6036,9.9,1.266,0.9196,4,0,0.0001,5,0,-1.0,0
ACC-10611,SMB,24,9,519.22,13,10,0.7692,4.09,0.8158,0.7289,3,3,8.9992,6,0,,0
ACC-10612,Mid-Market,12,21,5018.86,30,24,0.8,32.81,1.4194,0.2178,4,1,2.2499,4,0,,0
ACC-10613,Enterprise,12,24,39467.2,287,271,0.9443,16.87,0.7463,0.2281,2,0,0.0001,4,16,,1
ACC-10614,SMB,12,14,1874.7,21,12,0.5714,35.0,1.2519,0.7619,0,0,1.0,2,0,34.0,0
ACC-10615,SMB,12,24,1442.03,18,12,0.6667,18.14,1.1953,0.7129,3,2,5.9995,0,0,49.0,1
ACC-10616,Enterprise,36,18,24760.0,598,569,0.9515,5.95,0.7988,0.6675,9,0,0.0,4,0,-1.0,0
ACC-10617,Mid-Market,24,8,6476.02,94,76,0.8085,13.63,0.9726,0.6407,2,0,0.0001,2,0,,0
ACC-10618,SMB,12,54,1802.21,15,10,0.6667,5.89,0.6847,0.6892,5,0,0.0001,5,0,-16.0,0
ACC-10619,SMB,12,13,2345.57,15,12,0.8,7.92,1.0572,0.389,2,0,0.0001,3,0,,0
ACC-10620,Enterprise,12,9,24092.41,981,713,0.7268,11.76,0.6686,0.4991,3,2,5.9995,3,0,,1
ACC-10621,Mid-Market,12,11,7991.98,149,124,0.8322,7.85,1.2245,0.6365,4,0,0.0001,4,0,-1.0,0
ACC-10622,Mid-Market,24,3,7475.16,121,105,0.8678,8.83,0.8674,0.6951,2,1,4.4995,5,0,-4.0,0
ACC-10623,Mid-Market,36,14,9820.9,72,67,0.9306,5.97,1.0123,0.2217,7,1,1.2857,1,0,,0
ACC-10624,Mid-Market,36,34,6477.42,50,38,0.76,9.39,0.9407,0.8688,6,1,1.5,3,0,40.0,0
ACC-10625,Mid-Market,24,19,5061.41,136,116,0.8529,5.67,0.9175,0.5236,1,0,0.0003,7,0,50.0,0
ACC-10626,Mid-Market,24,10,5911.48,134,119,0.8881,8.46,1.0393,0.6784,4,0,0.0001,2,0,77.0,0
ACC-10627,SMB,12,16,923.67,24,20,0.8333,7.81,0.9295,0.7475,5,1,1.8,5,0,33.0,0
ACC-10628,Enterprise,12,4,42271.11,951,639,0.6719,6.01,0.9081,0.52,3,0,0.0001,8,0,56.0,0
ACC-10629,Mid-Market,12,16,8392.75,145,32,0.2207,20.3,1.282,0.3748,5,0,0.0001,2,0,30.0,0
ACC-10630,SMB,24,14,476.96,29,13,0.4483,9.06,1.0723,0.6461,1,0,0.0003,5,0,,0
ACC-10631,SMB,24,28,1748.3,29,24,0.8276,12.69,0.8216,0.4319,2,1,4.4995,3,0,25.0,0
ACC-10632,Mid-Market,12,20,6138.22,57,29,0.5088,10.18,1.483,0.7551,1,0,0.0003,2,0,50.0,0
ACC-10633,Mid-Market,12,9,7556.93,63,47,0.746,30.88,0.7642,0.8003,2,0,0.0001,5,4,4.0,0
ACC-10634,Enterprise,12,27,36158.07,137,89,0.6496,11.2,1.0828,0.8045,1,1,8.9976,4,0,17.0,0
ACC-10635,Mid-Market,36,32,5858.1,110,75,0.6818,19.68,0.9574,0.8131,2,0,0.0001,7,0,8.0,0
ACC-10636,Mid-Market,12,20,7548.0,33,25,0.7576,9.56,0.782,0.6282,6,1,1.5,2,0,-1.0,0
ACC-10637,Mid-Market,24,14,9616.01,149,90,0.604,13.63,1.0749,0.6412,4,2,4.4997,3,0,,0
ACC-10638,Mid-Market,24,12,3878.99,146,112,0.7671,21.29,0.9292,0.8149,2,2,8.9988,3,0,,1
ACC-10639,Mid-Market,12,38,4184.22,111,75,0.6757,18.31,1.3068,0.9014,0,0,1.0,5,8,4.0,0
ACC-10640,Enterprise,24,20,24964.12,147,98,0.6667,36.01,0.6421,0.8179,1,0,0.0003,1,0,,0
ACC-10641,Mid-Market,24,17,5399.91,125,85,0.68,12.48,0.7097,0.742,3,0,0.0001,5,4,-13.0,0
ACC-10642,Mid-Market,12,8,4899.75,108,66,0.6111,10.49,0.8808,0.2602,2,0,0.0001,2,0,,1
ACC-10643,Mid-Market,36,10,2010.18,141,112,0.7943,7.73,0.8662,0.5057,4,1,2.2499,3,0,22.0,0
ACC-10644,Enterprise,12,6,23677.83,219,175,0.7991,7.16,0.972,0.835,4,0,0.0001,3,0,78.0,0
ACC-10645,SMB,12,14,976.48,15,9,0.6,12.19,0.9695,0.6289,2,1,4.4995,3,0,38.0,0
ACC-10646,Mid-Market,24,12,6822.95,37,31,0.8378,19.25,1.1791,0.6014,6,1,1.5,7,8,,0
ACC-10647,SMB,24,18,2308.23,8,5,0.625,10.07,0.8459,0.3732,6,1,1.5,5,0,23.0,0
ACC-10648,SMB,36,30,2002.09,27,23,0.8519,11.19,1.247,0.7787,6,0,0.0,4,0,,0
ACC-10649,Mid-Market,24,24,6129.02,86,64,0.7442,3.81,0.8854,0.4661,1,1,8.9976,6,0,2.0,0
ACC-10650,Enterprise,36,27,19770.68,890,834,0.9371,24.79,0.8252,0.5688,4,0,0.0001,3,0,-59.0,0
ACC-10651,Mid-Market,24,30,9753.34,31,28,0.9032,11.25,0.8888,0.7701,1,0,0.0003,8,0,35.0,0
ACC-10652,Mid-Market,24,10,5588.92,122,89,0.7295,7.25,1.1582,0.4688,1,1,8.9976,6,0,21.0,0
ACC-10653,SMB,24,13,1220.54,18,12,0.6667,15.01,0.7721,0.8388,5,0,0.0001,4,0,75.0,0
ACC-10654,Mid-Market,12,12,3772.86,137,102,0.7445,14.89,1.1807,0.7723,3,1,2.9998,5,0,61.0,0
ACC-10655,Enterprise,36,25,20788.34,644,454,0.705,12.11,0.8752,0.8063,4,0,0.0001,3,4,-8.0,0
ACC-10656,Mid-Market,12,8,3583.14,103,82,0.7961,6.57,1.8391,0.6484,3,0,0.0001,4,0,19.0,0
ACC-10657,Mid-Market,12,35,6568.69,72,56,0.7778,12.53,0.7082,0.7383,5,0,0.0001,6,12,43.0,0
ACC-10658,Mid-Market,12,13,7728.7,110,84,0.7636,14.83,1.0834,0.735,0,0,1.0,2,0,40.0,0
ACC-10659,Mid-Market,24,8,5864.88,131,84,0.6412,11.2,1.0784,0.648,2,0,0.0001,2,0,89.0,0
ACC-10660,Mid-Market,12,13,4960.06,87,57,0.6552,17.9,1.0643,0.8567,2,1,4.4995,3,28,51.0,0
ACC-10661,SMB,12,14,452.6,15,7,0.4667,5.57,0.8711,0.6902,4,1,2.2499,2,0,27.0,0
ACC-10662,Mid-Market,24,15,9894.02,54,40,0.7407,16.56,1.0307,0.5983,2,0,0.0001,5,0,,0
ACC-10663,Mid-Market,12,15,3270.75,122,97,0.7951,7.77,2.2615,0.6661,3,0,0.0001,2,0,47.0,0
ACC-10664,Enterprise,24,30,15466.63,867,733,0.8454,3.54,1.2667,0.8376,5,1,1.8,3,0,52.0,0
ACC-10665,Enterprise,12,20,38758.06,429,394,0.9184,23.19,0.7757,0.4019,4,0,0.0001,5,0,45.0,0
ACC-10666,Mid-Market,12,8,9894.57,147,71,0.483,22.05,0.8807,0.7008,6,0,0.0,3,0,49.0,0
ACC-10667,Enterprise,12,13,23958.2,921,863,0.937,17.91,1.243,0.7087,2,0,0.0001,3,0,,0
ACC-10668,Enterprise,24,12,11150.65,889,737,0.829,17.56,0.8312,0.7293,2,1,4.4995,1,12,50.0,0
ACC-10669,Mid-Market,12,17,4198.68,83,50,0.6024,14.4,0.5558,0.6096,6,0,0.0,4,0,30.0,0
ACC-10670,Enterprise,36,16,13863.32,133,117,0.8797,20.9,0.9324,0.6069,3,0,0.0001,1,0,10.0,0
ACC-10671,SMB,12,41,645.59,25,12,0.48,8.81,1.1467,0.6153,1,0,0.0003,3,0,27.0,0
ACC-10672,Enterprise,12,27,13563.94,344,259,0.7529,27.06,1.0604,0.66,3,2,5.9995,1,8,44.0,1
ACC-10673,Mid-Market,12,23,8702.72,96,90,0.9375,4.93,1.4272,0.8277,1,1,8.9976,2,0,19.0,0
ACC-10674,Mid-Market,12,4,4369.13,130,112,0.8615,6.38,0.7895,0.4403,3,0,0.0001,4,0,42.0,0
ACC-10675,SMB,24,26,1349.35,33,26,0.7879,18.28,1.757,0.516,5,0,0.0001,1,4,,0
ACC-10676,Enterprise,24,5,42875.51,417,350,0.8393,13.99,0.9066,0.7243,4,0,0.0001,1,12,,0
ACC-10677,Mid-Market,24,12,6562.1,122,97,0.7951,3.94,2.0469,0.9092,6,0,0.0,5,0,-10.0,0
ACC-10678,SMB,12,13,1382.08,7,6,0.8571,10.07,0.8873,0.6853,5,1,1.8,5,0,79.0,0
ACC-10679,SMB,12,29,2160.96,27,27,1.0,6.99,0.8693,0.599,1,0,0.0003,6,0,43.0,0
ACC-10680,SMB,12,9,998.59,11,8,0.7273,11.22,0.9008,0.7741,1,0,0.0003,4,0,48.0,0
ACC-10681,Mid-Market,36,15,5371.28,46,44,0.9565,16.57,0.882,0.7445,2,0,0.0001,2,0,,0
ACC-10682,Enterprise,12,7,37302.02,946,545,0.5761,7.85,0.6807,0.803,1,0,0.0003,3,0,18.0,0
ACC-10683,SMB,24,22,1248.76,34,29,0.8529,21.86,1.525,0.7217,0,0,1.0,2,0,-2.0,0
ACC-10684,SMB,12,12,1216.8,30,22,0.7333,16.68,0.7442,0.5221,4,1,2.2499,3,0,36.0,0
ACC-10685,Mid-Market,12,18,6758.35,142,83,0.5845,25.96,0.685,0.8376,0,0,1.0,8,0,,0
ACC-10686,Mid-Market,12,2,6455.9,147,122,0.8299,21.1,0.7185,0.8783,3,0,0.0001,4,0,82.0,0
ACC-10687,Mid-Market,12,8,7570.55,139,128,0.9209,14.8,0.7147,0.4116,8,0,0.0,3,0,17.0,0
ACC-10688,SMB,24,18,1959.48,32,25,0.7812,17.17,0.7459,0.8643,3,0,0.0001,4,0,,0
ACC-10689,Enterprise,12,24,13077.05,673,649,0.9643,12.17,0.7522,0.8845,3,1,2.9998,6,0,,0
ACC-10690,Mid-Market,24,35,2000.75,82,68,0.8293,7.82,1.4985,0.4982,3,1,2.9998,5,0,-8.0,0
ACC-10691,Mid-Market,12,32,6711.71,107,73,0.6822,6.76,0.8404,0.4398,3,0,0.0001,2,0,,0
ACC-10692,Mid-Market,36,11,8124.45,125,98,0.784,15.8,3.0967,0.8253,8,0,0.0,6,0,0.0,0
ACC-10693,Mid-Market,12,18,5187.96,67,62,0.9254,9.32,0.671,0.7018,4,0,0.0001,2,0,,0
ACC-10694,Enterprise,24,25,27488.64,302,156,0.5166,29.14,0.8153,0.6305,5,0,0.0001,5,0,-19.0,0
ACC-10695,Mid-Market,24,20,2508.12,102,82,0.8039,22.99,0.8704,0.6959,4,0,0.0001,5,8,,0
ACC-10696,Mid-Market,36,13,8638.16,101,70,0.6931,9.19,1.036,0.6205,4,0,0.0001,7,0,18.0,0
ACC-10697,Mid-Market,12,18,2831.18,58,42,0.7241,5.06,0.8574,0.5481,2,1,4.4995,3,0,64.0,0
ACC-10698,Enterprise,24,34,8968.22,219,167,0.7626,9.43,0.7581,0.4806,3,0,0.0001,0,0,59.0,0
ACC-10699,Mid-Market,12,16,4841.92,68,36,0.5294,7.6,0.9695,0.539,8,2,2.25,6,0,47.0,0
ACC-10700,Mid-Market,12,22,5530.75,41,30,0.7317,10.36,0.6883,0.7861,2,1,4.4995,3,0,34.0,0
ACC-10701,Enterprise,12,19,27664.27,867,771,0.8893,2.37,0.8065,0.8342,3,1,2.9998,5,0,,0
ACC-10702,Mid-Market,12,11,4127.79,129,117,0.907,12.86,1.0152,0.7435,4,0,0.0001,4,0,,0
ACC-10703,Enterprise,36,29,14249.03,285,236,0.8281,7.22,0.9198,0.6625,1,0,0.0003,7,0,,0
ACC-10704,Enterprise,12,16,27461.59,860,683,0.7942,13.92,0.951,0.6985,2,0,0.0001,6,0,25.0,0
ACC-10705,SMB,24,13,973.83,33,27,0.8182,25.44,2.5025,0.6123,2,1,4.4995,6,16,,0
ACC-10706,Mid-Market,24,19,5886.3,115,93,0.8087,12.12,0.8788,0.3218,2,0,0.0001,9,0,67.0,0
ACC-10707,SMB,12,31,2247.27,15,9,0.6,7.74,0.9553,0.756,4,0,0.0001,1,0,,0
ACC-10708,Mid-Market,24,18,2863.67,54,32,0.5926,12.08,0.7913,0.7575,3,0,0.0001,3,0,36.0,0
ACC-10709,SMB,12,18,1598.36,17,10,0.5882,20.01,0.6262,0.7276,3,0,0.0001,3,0,34.0,0
ACC-10710,SMB,24,22,1973.23,18,17,0.9444,18.07,0.9482,0.9058,2,0,0.0001,2,0,62.0,0
ACC-10711,Mid-Market,12,25,4919.81,127,108,0.8504,28.35,0.914,0.243,1,2,17.9949,5,0,49.0,1
ACC-10712,Mid-Market,36,14,8328.97,93,75,0.8065,6.0,1.0402,0.4666,3,0,0.0001,4,0,36.0,0
ACC-10713,Mid-Market,24,15,7868.55,71,51,0.7183,42.7,1.3893,0.6658,4,0,0.0001,5,0,28.0,0
ACC-10714,Mid-Market,36,14,2355.07,34,29,0.8529,13.0,0.7352,0.7782,3,0,0.0001,5,16,47.0,0
ACC-10715,SMB,12,22,1761.01,22,20,0.9091,14.12,0.9298,0.6759,7,0,0.0,7,0,76.0,0
ACC-10716,SMB,12,16,642.66,6,5,0.8333,16.4,0.6206,0.7844,3,4,11.9989,2,0,24.0,1
ACC-10717,SMB,12,17,2320.67,24,19,0.7917,10.29,0.9881,0.4533,1,0,0.0003,8,0,49.0,0
ACC-10718,Enterprise,12,17,38833.28,321,297,0.9252,20.8,2.3376,0.405,1,1,8.9976,3,0,12.0,0
ACC-10719,SMB,12,7,1476.7,28,24,0.8571,3.74,0.8816,0.5922,1,0,0.0003,5,8,63.0,0
ACC-10720,SMB,24,23,2225.41,24,19,0.7917,5.99,1.3094,0.443,1,0,0.0003,2,0,57.0,0
ACC-10721,Enterprise,12,14,11829.69,354,233,0.6582,9.53,0.8392,0.7536,2,0,0.0001,2,0,9.0,0
ACC-10722,Enterprise,12,16,33281.4,657,392,0.5967,12.11,1.0483,0.8058,1,0,0.0003,5,0,5.0,0
ACC-10723,SMB,24,12,1952.1,11,8,0.7273,7.23,0.9934,0.509,3,0,0.0001,8,0,76.0,0
ACC-10724,Mid-Market,24,9,4586.63,105,65,0.619,37.46,0.9935,0.7624,5,0,0.0001,6,0,38.0,0
ACC-10725,SMB,12,18,2302.81,20,14,0.7,23.1,0.9361,0.5949,5,1,1.8,6,0,40.0,0
ACC-10726,Enterprise,12,21,24754.63,835,610,0.7305,9.09,0.9505,0.8892,5,0,0.0001,4,0,35.0,0
ACC-10727,SMB,12,54,2105.39,15,6,0.4,7.24,1.0157,0.684,3,0,0.0001,5,0,36.0,0
ACC-10728,Mid-Market,12,12,4989.67,122,83,0.6803,22.04,1.238,0.8871,3,0,0.0001,5,0,59.0,0
ACC-10729,Enterprise,24,26,38930.37,427,331,0.7752,17.41,0.8233,0.8873,2,0,0.0001,7,0,,0
ACC-10730,Enterprise,12,14,29627.23,400,281,0.7025,9.38,1.4485,0.7642,8,0,0.0,4,0,,0
ACC-10731,SMB,24,27,515.22,10,7,0.7,13.54,0.6498,0.668,6,0,0.0,5,0,,0
ACC-10732,SMB,24,23,936.19,13,7,0.5385,14.39,0.9478,0.5995,3,0,0.0001,2,0,43.0,0
ACC-10733,Mid-Market,24,12,6450.85,98,85,0.8673,16.79,0.7484,0.7165,1,0,0.0003,5,0,,0
ACC-10734,Mid-Market,12,8,4344.5,107,81,0.757,11.81,0.8838,0.6298,4,0,0.0001,7,0,-1.0,0
ACC-10735,SMB,12,7,678.18,19,13,0.6842,14.85,2.0047,0.8603,3,0,0.0001,1,0,29.0,0
ACC-10736,Mid-Market,24,28,4360.8,49,37,0.7551,17.48,1.1004,0.5374,6,2,2.9999,9,0,-14.0,1
ACC-10737,SMB,12,10,758.48,27,24,0.8889,10.58,1.4413,0.7287,2,0,0.0001,4,0,-13.0,0
ACC-10738,Mid-Market,12,6,2807.27,110,91,0.8273,31.55,0.664,0.8344,0,0,1.0,3,0,,0
ACC-10739,Mid-Market,12,28,5015.05,65,31,0.4769,10.25,0.9017,0.5063,3,0,0.0001,6,0,5.0,0
ACC-10740,Mid-Market,12,17,4070.07,63,49,0.7778,6.5,0.844,0.7575,3,0,0.0001,5,0,20.0,0
ACC-10741,Mid-Market,24,14,8884.33,42,38,0.9048,26.37,1.1281,0.7651,5,0,0.0001,3,0,,0
ACC-10742,SMB,12,25,2257.55,16,14,0.875,13.3,0.9812,0.5763,3,1,2.9998,2,0,41.0,0
ACC-10743,Mid-Market,12,14,7968.39,145,95,0.6552,5.64,0.6528,0.765,4,0,0.0001,4,0,,0
ACC-10744,Mid-Market,12,23,4164.54,103,96,0.932,17.91,1.546,0.768,3,0,0.0001,3,4,17.0,0
ACC-10745,SMB,24,12,2359.34,31,15,0.4839,16.36,0.5878,0.7624,4,0,0.0001,6,0,40.0,0
ACC-10746,Mid-Market,24,34,5143.58,65,33,0.5077,19.49,0.9999,0.7513,6,0,0.0,2,0,,0
ACC-10747,Mid-Market,24,11,6582.99,133,100,0.7519,2.26,2.0935,0.7008,4,0,0.0001,4,0,28.0,0
ACC-10748,SMB,12,23,2158.71,32,20,0.625,7.9,1.1777,0.6964,1,2,17.9949,3,0,36.0,1
ACC-10749,Mid-Market,12,30,4532.29,74,45,0.6081,13.39,1.1131,0.4725,2,1,4.4995,5,0,,0
ACC-10750,Enterprise,12,2,36554.84,335,261,0.7791,23.14,1.1018,0.8963,3,0,0.0001,2,0,68.0,0
ACC-10751,SMB,24,22,1652.88,32,28,0.875,10.73,0.9709,0.5276,1,0,0.0003,5,0,15.0,0
ACC-10752,Mid-Market,24,11,3199.08,128,113,0.8828,23.44,1.0294,0.6954,0,0,1.0,3,20,,0
ACC-10753,Mid-Market,24,24,3318.13,76,52,0.6842,15.46,1.2705,0.6209,4,1,2.2499,3,0,,0
ACC-10754,Enterprise,12,19,12152.22,147,132,0.898,12.82,0.861,0.4384,3,0,0.0001,6,0,2.0,0
ACC-10755,SMB,24,22,637.28,26,21,0.8077,12.99,0.6583,0.4478,6,0,0.0,4,0,7.0,0
ACC-10756,Mid-Market,12,16,9542.56,142,75,0.5282,3.79,1.0774,0.4372,4,2,4.4997,5,0,28.0,1
ACC-10757,Mid-Market,24,31,6953.14,34,27,0.7941,12.69,1.0033,0.5297,4,0,0.0001,6,0,21.0,0
ACC-10758,SMB,12,7,1548.18,24,19,0.7917,20.66,0.7925,0.6617,6,0,0.0,2,0,35.0,0
ACC-10759,SMB,24,30,1453.77,9,5,0.5556,11.99,0.992,0.6542,3,1,2.9998,3,0,63.0,0
ACC-10760,Enterprise,12,12,28570.95,858,483,0.5629,13.62,0.9089,0.6345,3,0,0.0001,4,0,46.0,0
ACC-10761,Mid-Market,12,5,9424.76,65,39,0.6,10.13,0.996,0.8682,2,0,0.0001,4,0,,0
ACC-10762,Mid-Market,24,17,6968.55,133,98,0.7368,8.87,0.8809,0.8737,6,0,0.0,3,0,5.0,0
ACC-10763,SMB,12,11,864.98,8,7,0.875,17.44,0.7017,0.5653,1,0,0.0003,6,0,,0
ACC-10764,Enterprise,24,21,10507.95,580,337,0.581,12.67,0.6411,0.7589,5,0,0.0001,5,0,72.0,0
ACC-10765,Mid-Market,24,23,7411.98,122,84,0.6885,17.21,1.1013,0.5442,4,0,0.0001,5,0,,0
ACC-10766,SMB,24,15,1835.86,15,7,0.4667,22.89,0.8029,0.6148,1,0,0.0003,6,0,16.0,0
ACC-10767,SMB,12,22,938.84,28,18,0.6429,22.93,0.8145,0.6102,2,0,0.0001,7,0,,0
ACC-10768,Mid-Market,12,20,8849.67,114,84,0.7368,14.79,1.2318,0.8186,7,0,0.0,5,0,,0
ACC-10769,SMB,24,17,1677.26,23,15,0.6522,6.98,0.7112,0.7744,4,0,0.0001,6,0,,0
ACC-10770,Enterprise,12,15,14575.69,754,602,0.7984,14.46,0.9555,0.5625,1,1,8.9976,2,0,21.0,0
ACC-10771,SMB,24,13,1849.04,21,15,0.7143,21.35,1.0653,0.6114,5,0,0.0001,4,0,-4.0,0
ACC-10772,Enterprise,12,41,34786.28,866,798,0.9215,9.74,0.9895,0.8973,6,0,0.0,5,0,,0
ACC-10773,Mid-Market,12,17,3579.12,58,29,0.5,3.69,1.3052,0.5273,1,0,0.0003,1,0,,0
ACC-10774,SMB,12,20,1608.45,5,3,0.6,11.77,0.8057,0.8035,3,0,0.0001,5,0,44.0,0
ACC-10775,Enterprise,12,24,10536.31,791,488,0.6169,23.51,3.4664,0.6426,5,0,0.0001,7,0,61.0,0
ACC-10776,Mid-Market,12,14,8815.54,119,96,0.8067,24.44,0.9159,0.5587,1,0,0.0003,5,0,-3.0,0
ACC-10777,SMB,24,21,1655.61,13,10,0.7692,12.63,0.8389,0.7099,2,1,4.4995,2,0,50.0,0
ACC-10778,SMB,24,39,1227.92,11,10,0.9091,14.78,0.765,0.6384,3,0,0.0001,3,0,-13.0,0
ACC-10779,Mid-Market,12,11,5064.84,129,95,0.7364,14.77,0.8186,0.5995,1,0,0.0003,2,0,68.0,0
ACC-10780,SMB,36,39,901.18,15,9,0.6,18.23,0.809,0.6816,5,0,0.0001,0,0,97.0,0
ACC-10781,Mid-Market,12,25,6802.49,77,43,0.5584,44.57,1.006,0.7302,5,0,0.0001,4,0,,0
ACC-10782,Mid-Market,36,12,9797.47,93,63,0.6774,8.6,1.2191,0.7149,2,0,0.0001,8,0,,0
ACC-10783,Mid-Market,24,11,9698.2,148,96,0.6486,4.51,0.8525,0.3071,1,0,0.0003,4,0,78.0,0
ACC-10784,Enterprise,24,39,29842.7,847,677,0.7993,11.55,1.1343,0.8737,1,0,0.0003,5,0,,0
ACC-10785,SMB,12,28,1355.83,15,11,0.7333,19.65,0.6729,0.7876,2,1,4.4995,4,0,,0
ACC-10786,Mid-Market,12,16,6223.87,71,57,0.8028,2.96,1.1476,0.7678,2,0,0.0001,3,0,29.0,0
ACC-10787,Mid-Market,12,13,2380.09,121,114,0.9421,10.9,0.9922,0.7169,1,1,8.9976,6,0,-31.0,0
ACC-10788,Mid-Market,24,12,3011.35,54,40,0.7407,10.24,1.3212,0.2567,1,0,0.0003,3,0,44.0,0
ACC-10789,SMB,12,15,2173.23,32,25,0.7812,22.36,0.727,0.6572,3,0,0.0001,3,0,,0
ACC-10790,Enterprise,24,16,38345.44,761,656,0.862,10.64,0.7775,0.5124,3,1,2.9998,2,12,11.0,0
ACC-10791,Mid-Market,12,19,2623.48,82,56,0.6829,5.63,0.9171,0.6028,1,0,0.0003,5,0,13.0,0
ACC-10792,Mid-Market,24,10,9601.97,84,62,0.7381,14.68,1.3365,0.5624,2,0,0.0001,6,0,,0
ACC-10793,Mid-Market,12,12,4213.8,100,86,0.86,15.77,1.0901,0.595,7,1,1.2857,4,0,49.0,0
ACC-10794,Enterprise,12,15,33494.3,875,662,0.7566,8.56,0.9207,0.4552,3,0,0.0001,2,0,11.0,0
ACC-10795,SMB,12,47,2394.02,31,13,0.4194,7.64,0.9492,0.5896,8,0,0.0,2,0,52.0,0
ACC-10796,SMB,12,20,590.12,14,7,0.5,15.27,1.359,0.7443,9,1,1.0,7,0,,0
ACC-10797,Mid-Market,12,8,9930.66,91,77,0.8462,3.77,2.4972,0.4618,3,2,5.9995,0,0,100.0,1
ACC-10798,SMB,24,10,1699.54,5,4,0.8,9.91,0.953,0.4801,1,1,8.9976,3,0,,0
ACC-10799,SMB,12,39,2258.25,5,5,1.0,14.42,0.9547,0.7347,5,0,0.0001,2,0,8.0,0
ACC-10800,SMB,12,32,770.65,12,10,0.8333,11.9,0.9608,0.7289,4,0,0.0001,4,0,7.0,0
ACC-10801,Enterprise,24,14,35495.2,872,686,0.7867,25.38,0.8735,0.8366,2,0,0.0001,3,0,,0
ACC-10802,Mid-Market,12,22,3126.92,67,55,0.8209,15.1,0.871,0.6453,2,0,0.0001,6,0,3.0,0
ACC-10803,Mid-Market,36,21,3002.27,58,47,0.8103,30.97,0.8141,0.6466,7,1,1.2857,2,28,55.0,0
ACC-10804,Mid-Market,36,17,7865.06,65,51,0.7846,29.47,1.2603,0.5339,8,0,0.0,3,0,14.0,0
ACC-10805,SMB,12,11,1432.98,22,21,0.9545,5.31,1.3153,0.9246,3,0,0.0001,4,0,17.0,0
ACC-10806,SMB,12,6,1200.84,14,11,0.7857,12.19,0.7095,0.5233,1,0,0.0003,2,0,,0
ACC-10807,SMB,12,27,1595.08,26,17,0.6538,30.14,0.7917,0.8411,1,2,17.9949,6,0,,1
ACC-10808,Mid-Market,24,21,3955.77,100,87,0.87,22.89,0.8438,0.6779,3,0,0.0001,0,0,10.0,0
ACC-10809,Enterprise,24,11,10553.7,220,208,0.9455,11.07,0.878,0.5447,9,0,0.0,4,0,25.0,0
ACC-10810,SMB,24,31,1425.99,26,22,0.8462,6.52,0.763,0.5962,2,0,0.0001,6,8,-0.0,0
ACC-10811,SMB,24,38,460.31,21,18,0.8571,17.2,0.6612,0.7167,5,0,0.0001,3,0,67.0,0
ACC-10812,Enterprise,12,19,35294.67,207,116,0.5604,21.63,0.7671,0.4188,1,0,0.0003,5,0,,0
ACC-10813,SMB,24,17,1218.22,20,11,0.55,24.73,0.979,0.7943,5,0,0.0001,5,0,,0
ACC-10814,SMB,24,7,1518.08,24,19,0.7917,9.2,1.4404,0.5546,0,0,1.0,2,0,,0
ACC-10815,Mid-Market,24,15,3645.18,33,29,0.8788,16.25,1.214,0.8475,5,0,0.0001,6,0,34.0,0
ACC-10816,Mid-Market,24,9,4652.87,49,40,0.8163,14.28,1.0399,0.6996,6,1,1.5,1,0,3.0,0
ACC-10817,Mid-Market,24,16,2130.88,78,71,0.9103,17.96,0.7537,0.7488,0,0,1.0,4,0,,0
ACC-10818,Enterprise,12,29,18709.88,614,582,0.9479,27.84,0.8886,0.8072,5,0,0.0001,2,0,39.0,0
ACC-10819,Mid-Market,12,24,6414.1,65,54,0.8308,11.3,0.8177,0.605,6,0,0.0,4,0,43.0,0
ACC-10820,SMB,12,31,1412.78,23,15,0.6522,6.37,0.8853,0.7289,1,1,8.9976,4,0,10.0,0
ACC-10821,Enterprise,12,15,18448.25,627,422,0.673,8.52,0.718,0.7187,4,1,2.2499,2,0,46.0,0
ACC-10822,Mid-Market,36,8,8597.43,75,39,0.52,9.65,0.859,0.6981,4,0,0.0001,6,0,,0
ACC-10823,Mid-Market,12,14,9671.23,127,64,0.5039,8.93,0.8044,0.8396,0,0,1.0,4,0,34.0,0
ACC-10824,Mid-Market,24,19,4648.32,68,41,0.6029,34.23,0.659,0.6437,3,0,0.0001,2,0,65.0,0
ACC-10825,SMB,12,32,1434.52,33,29,0.8788,15.47,0.984,0.5903,1,2,17.9949,4,0,95.0,1
ACC-10826,Mid-Market,12,26,4714.69,114,92,0.807,22.89,0.842,0.7861,2,1,4.4995,4,0,57.0,0
ACC-10827,Mid-Market,36,6,4862.85,123,84,0.6829,34.9,0.9767,0.5731,4,0,0.0001,5,0,84.0,0
ACC-10828,SMB,24,19,1090.04,30,22,0.7333,10.41,1.2916,0.9387,3,1,2.9998,2,0,31.0,0
ACC-10829,Mid-Market,12,29,4571.47,142,110,0.7746,15.82,0.9574,0.7581,5,0,0.0001,4,0,-11.0,0
ACC-10830,Mid-Market,12,33,7030.27,136,107,0.7868,23.08,0.7262,0.7864,6,0,0.0,4,0,80.0,0
ACC-10831,Mid-Market,12,30,8311.1,90,42,0.4667,24.04,1.5291,0.5983,5,0,0.0001,5,0,7.0,0
ACC-10832,Enterprise,12,11,39632.06,773,711,0.9198,16.52,0.8463,0.4737,3,0,0.0001,6,0,35.0,0
ACC-10833,Enterprise,12,12,28114.66,144,135,0.9375,13.1,0.9767,0.5159,0,1,30001.0,3,0,41.0,0
ACC-10834,Mid-Market,12,41,6390.41,38,27,0.7105,10.74,0.9265,0.4696,6,0,0.0,5,8,32.0,0
ACC-10835,Mid-Market,36,13,4041.49,148,76,0.5135,26.75,0.8539,0.7951,3,1,2.9998,8,0,48.0,0
ACC-10836,SMB,24,38,1358.84,18,10,0.5556,25.19,0.9592,0.6489,4,2,4.4997,5,0,11.0,1
ACC-10837,Mid-Market,24,10,7597.11,40,31,0.775,12.66,1.0033,0.8015,4,0,0.0001,2,0,32.0,0
ACC-10838,Mid-Market,24,16,5528.7,139,117,0.8417,13.7,0.8081,0.9269,4,1,2.2499,6,0,71.0,0
ACC-10839,Mid-Market,12,5,5194.68,72,59,0.8194,9.51,0.8955,0.6025,2,0,0.0001,6,0,,0
ACC-10840,Enterprise,24,15,11319.63,736,522,0.7092,4.32,1.27,0.6865,4,1,2.2499,5,0,-5.0,0
ACC-10841,SMB,12,10,714.26,25,23,0.92,10.59,0.795,0.7522,1,2,17.9949,7,0,21.0,1
ACC-10842,Enterprise,24,24,20833.89,514,259,0.5039,11.34,1.1306,0.5023,6,0,0.0,4,0,,0
ACC-10843,SMB,12,24,1104.56,29,5,0.1724,15.48,0.5674,0.4871,8,1,1.125,3,0,47.0,0
ACC-10844,Enterprise,12,21,9480.25,533,272,0.5103,11.8,1.0879,0.5052,4,1,2.2499,4,0,,0
ACC-10845,Mid-Market,24,11,2472.31,59,49,0.8305,15.6,1.45,0.656,5,0,0.0001,4,0,,0
ACC-10846,Enterprise,24,31,24841.16,408,382,0.9363,11.8,1.4013,0.5893,4,0,0.0001,6,0,21.0,0
ACC-10847,SMB,24,17,1012.17,12,9,0.75,22.86,0.6724,0.7374,2,0,0.0001,6,0,,0
ACC-10848,Mid-Market,36,25,5118.34,30,24,0.8,10.77,1.1662,0.7143,2,0,0.0001,0,0,99.0,0
ACC-10849,Mid-Market,12,30,4475.49,37,25,0.6757,10.86,0.8114,0.6232,1,0,0.0003,0,4,51.0,0
ACC-10850,Enterprise,12,18,14626.3,132,111,0.8409,6.08,0.7549,0.876,1,1,8.9976,3,0,22.0,0
ACC-10851,SMB,12,7,1228.28,22,14,0.6364,11.81,0.8234,0.6361,4,0,0.0001,8,0,55.0,0
ACC-10852,Mid-Market,24,20,9584.99,138,127,0.9203,16.55,0.8599,0.8615,1,1,8.9976,4,0,42.0,0
ACC-10853,SMB,24,15,496.45,24,19,0.7917,15.8,0.7483,0.7699,0,0,1.0,5,0,-1.0,0
ACC-10854,Mid-Market,12,10,7763.15,99,73,0.7374,5.17,0.7908,0.6887,4,0,0.0001,4,0,,0
ACC-10855,Enterprise,24,35,38651.92,790,646,0.8177,4.01,0.7859,0.9089,1,0,0.0003,6,0,,0
ACC-10856,Enterprise,24,14,42819.11,857,775,0.9043,33.43,0.9429,0.6346,3,1,2.9998,4,16,30.0,1
ACC-10857,Mid-Market,12,23,9402.86,132,113,0.8561,8.07,1.0005,0.5628,3,0,0.0001,5,0,18.0,0
ACC-10858,Mid-Market,24,26,6557.93,46,36,0.7826,20.37,1.0149,0.7586,4,0,0.0001,5,0,18.0,0
ACC-10859,Enterprise,24,20,14327.13,122,80,0.6557,7.15,1.7634,0.5276,3,0,0.0001,2,16,64.0,0
ACC-10860,SMB,36,13,1911.89,6,4,0.6667,11.35,0.8278,0.5563,5,0,0.0001,1,0,68.0,0
ACC-10861,Mid-Market,12,7,6437.5,69,57,0.8261,2.23,0.9053,0.7637,1,0,0.0003,4,4,,0
ACC-10862,Mid-Market,12,21,2481.64,72,50,0.6944,19.21,1.2288,0.9686,5,0,0.0001,3,0,,0
ACC-10863,Mid-Market,12,14,8346.2,51,41,0.8039,10.64,0.675,0.4612,5,1,1.8,4,0,40.0,0
ACC-10864,Mid-Market,12,41,8368.79,91,69,0.7582,27.54,1.5138,0.5918,3,0,0.0001,6,28,32.0,0
ACC-10865,Mid-Market,36,12,7977.05,108,62,0.5741,36.52,1.2053,0.7839,4,2,4.4997,3,0,36.0,1
ACC-10866,Enterprise,12,5,11544.0,761,346,0.4547,13.06,0.7012,0.6942,1,1,8.9976,4,0,,0
ACC-10867,Enterprise,24,9,32026.6,834,479,0.5743,9.22,0.7606,0.6418,0,1,30001.0,1,0,78.0,0
ACC-10868,SMB,12,30,454.35,11,10,0.9091,32.68,0.9484,0.5952,7,0,0.0,8,0,,0
ACC-10869,SMB,12,26,2231.98,6,3,0.5,11.81,0.8216,0.7,5,1,1.8,2,0,-5.0,0
ACC-10870,Mid-Market,12,35,6673.91,31,25,0.8065,8.27,0.7409,0.7107,5,1,1.8,2,0,27.0,0
ACC-10871,Mid-Market,24,15,4188.86,74,46,0.6216,10.31,0.7481,0.7201,3,0,0.0001,4,0,13.0,0
ACC-10872,Mid-Market,24,25,3424.07,145,99,0.6828,11.09,0.8531,0.6369,0,0,1.0,7,0,,0
ACC-10873,Mid-Market,12,19,5017.29,70,39,0.5571,7.48,1.2007,0.7242,3,0,0.0001,4,0,,0
ACC-10874,Enterprise,36,12,28757.18,354,319,0.9011,9.27,1.1147,0.6794,2,0,0.0001,1,0,33.0,0
ACC-10875,Enterprise,12,17,29266.24,848,769,0.9068,8.73,1.3012,0.7291,4,0,0.0001,6,0,44.0,0
ACC-10876,SMB,12,14,1429.07,6,3,0.5,1.69,1.1991,0.8229,2,1,4.4995,5,0,64.0,0
ACC-10877,SMB,12,34,2072.76,9,6,0.6667,8.94,0.8521,0.7241,1,1,8.9976,7,0,,0
ACC-10878,Enterprise,12,12,39963.13,103,75,0.7282,22.12,0.8285,0.8367,3,2,5.9995,4,0,,1
ACC-10879,Mid-Market,36,37,5153.71,55,47,0.8545,11.65,1.2701,0.7907,3,0,0.0001,4,0,11.0,0
ACC-10880,Mid-Market,12,12,2767.28,66,40,0.6061,10.89,1.2395,0.7018,1,0,0.0003,1,0,100.0,0
ACC-10881,SMB,12,14,1587.87,14,12,0.8571,10.98,1.2609,0.8513,3,1,2.9998,10,0,25.0,0
ACC-10882,Enterprise,12,18,19470.09,584,440,0.7534,13.03,1.0492,0.631,5,0,0.0001,3,12,,0
ACC-10883,Enterprise,24,11,32846.09,830,544,0.6554,10.61,1.3399,0.9683,8,1,1.125,5,0,,0
ACC-10884,SMB,12,18,878.61,15,11,0.7333,13.24,0.8745,0.7576,2,0,0.0001,5,0,,0
ACC-10885,Enterprise,24,19,43147.87,438,258,0.589,17.89,1.1431,0.2669,6,0,0.0,3,0,69.0,0
ACC-10886,SMB,12,33,2058.76,27,22,0.8148,7.01,1.0533,0.8025,4,0,0.0001,3,0,48.0,0
ACC-10887,Mid-Market,12,5,8492.9,105,65,0.619,19.65,0.8842,0.6995,3,1,2.9998,4,12,-16.0,0
ACC-10888,Enterprise,24,12,20062.43,665,471,0.7083,10.13,0.9618,0.7886,3,0,0.0001,5,0,60.0,0
ACC-10889,Mid-Market,12,40,6453.99,54,39,0.7222,11.79,1.3489,0.7948,1,1,8.9976,5,4,,0
ACC-10890,SMB,24,14,1775.29,25,15,0.6,16.93,1.1004,0.7693,4,1,2.2499,2,0,42.0,0
ACC-10891,SMB,12,14,1855.63,33,29,0.8788,7.88,2.321,0.4853,3,1,2.9998,4,0,1.0,0
ACC-10892,SMB,24,11,1753.94,29,23,0.7931,20.62,0.9497,0.6245,4,0,0.0001,7,0,35.0,0
ACC-10893,Mid-Market,12,24,5943.59,105,61,0.581,15.96,0.9409,0.3473,1,0,0.0003,3,8,44.0,0
ACC-10894,SMB,24,7,1160.13,27,13,0.4815,7.52,1.023,0.6907,1,0,0.0003,5,0,78.0,0
ACC-10895,Mid-Market,12,21,4728.79,34,25,0.7353,13.13,1.0313,0.8958,2,1,4.4995,2,0,81.0,0
ACC-10896,Mid-Market,12,43,7279.87,64,54,0.8438,5.76,1.1366,0.5792,5,1,1.8,3,8,29.0,0
ACC-10897,SMB,12,6,736.71,28,16,0.5714,31.44,0.7567,0.4489,5,0,0.0001,5,0,25.0,0
ACC-10898,Enterprise,12,25,26279.85,662,565,0.8535,11.07,1.4021,0.4908,3,0,0.0001,5,0,37.0,0
ACC-10899,Enterprise,12,8,16207.32,125,94,0.752,23.22,0.6733,0.6826,5,0,0.0001,3,0,57.0,0
ACC-10900,Mid-Market,12,21,8700.91,53,36,0.6792,15.02,1.2724,0.7166,2,0,0.0001,3,0,95.0,0
ACC-10901,Enterprise,24,20,32479.03,827,675,0.8162,19.67,1.0129,0.7226,5,1,1.8,1,4,,0
ACC-10902,Enterprise,24,25,44304.73,836,542,0.6483,15.15,0.9767,0.461,3,0,0.0001,10,0,41.0,0
ACC-10903,Mid-Market,24,13,6564.09,120,103,0.8583,22.51,0.7281,0.39,4,1,2.2499,4,0,24.0,0
ACC-10904,Mid-Market,24,13,6501.22,100,80,0.8,16.82,0.9074,0.4393,3,0,0.0001,5,0,11.0,0
ACC-10905,SMB,12,26,1170.39,30,23,0.7667,27.56,1.2518,0.7314,4,0,0.0001,6,0,13.0,0
ACC-10906,SMB,12,13,1943.25,13,8,0.6154,16.31,1.1851,0.88,4,0,0.0001,7,0,55.0,0
ACC-10907,Mid-Market,12,27,7353.14,62,43,0.6935,13.22,0.7434,0.7818,7,0,0.0,2,0,59.0,0
ACC-10908,Mid-Market,24,4,9139.37,71,57,0.8028,10.68,0.7634,0.5821,6,0,0.0,12,0,21.0,0
ACC-10909,Mid-Market,12,20,7970.09,87,63,0.7241,15.17,0.9509,0.4576,2,0,0.0001,3,0,48.0,0
ACC-10910,Mid-Market,12,27,3655.23,47,29,0.617,20.73,0.8265,0.9527,4,1,2.2499,9,0,24.0,0
ACC-10911,Mid-Market,24,15,3776.77,147,112,0.7619,20.28,0.9965,0.847,2,0,0.0001,5,0,57.0,0
ACC-10912,Mid-Market,12,34,3992.1,73,68,0.9315,10.33,0.9802,0.7986,5,3,5.3997,1,0,59.0,1
ACC-10913,Mid-Market,24,13,8643.5,79,61,0.7722,15.35,1.6084,0.4742,1,0,0.0003,7,0,,0
ACC-10914,Mid-Market,24,19,9133.89,90,78,0.8667,4.45,1.1586,0.6225,6,0,0.0,2,0,69.0,0
ACC-10915,Mid-Market,12,29,8460.23,84,39,0.4643,15.59,0.7592,0.759,1,0,0.0003,5,0,62.0,0
ACC-10916,Mid-Market,12,9,6455.43,98,84,0.8571,18.54,0.7311,0.687,2,1,4.4995,7,0,36.0,0
ACC-10917,SMB,12,30,2453.95,6,5,0.8333,28.62,1.3637,0.8638,2,0,0.0001,7,0,54.0,0
ACC-10918,SMB,24,21,447.09,31,19,0.6129,13.49,1.8232,0.87,6,1,1.5,3,0,,0
ACC-10919,Enterprise,12,11,35874.02,693,372,0.5368,5.82,0.9761,0.8118,5,0,0.0001,2,0,,0
ACC-10920,SMB,24,17,680.03,5,4,0.8,9.26,1.645,0.4517,2,0,0.0001,2,0,27.0,0
ACC-10921,Mid-Market,24,10,2891.51,46,44,0.9565,14.85,0.9948,0.753,4,0,0.0001,3,0,41.0,0
ACC-10922,SMB,12,23,1664.43,27,22,0.8148,16.39,0.7579,0.8691,6,0,0.0,6,0,59.0,0
ACC-10923,SMB,12,15,689.47,9,7,0.7778,8.46,1.0772,0.8241,5,0,0.0001,1,0,75.0,0
ACC-10924,Mid-Market,24,14,7385.05,85,56,0.6588,9.71,2.1042,0.3545,2,2,8.9988,6,0,,1
ACC-10925,Enterprise,12,24,8885.76,128,67,0.5234,6.65,0.7108,0.6364,2,0,0.0001,2,0,25.0,0
ACC-10926,Mid-Market,24,15,6992.82,99,51,0.5152,10.74,0.7612,0.6119,1,2,17.9949,4,0,,1
ACC-10927,Mid-Market,12,17,2096.3,90,69,0.7667,17.67,1.1834,0.8828,6,1,1.5,5,0,28.0,0
ACC-10928,Mid-Market,24,17,6484.08,131,92,0.7023,11.52,1.0683,0.5944,1,1,8.9976,2,0,,0
ACC-10929,Mid-Market,24,4,6513.9,81,31,0.3827,2.0,0.8215,0.566,3,0,0.0001,4,0,97.0,0
ACC-10930,Enterprise,24,7,27241.99,878,783,0.8918,20.32,0.9685,0.8576,4,0,0.0001,6,0,,0
ACC-10931,SMB,12,12,1397.66,15,12,0.8,8.12,0.7642,0.8423,8,1,1.125,2,12,89.0,0
ACC-10932,SMB,12,12,1530.29,7,4,0.5714,7.6,1.2053,0.6901,3,0,0.0001,4,0,58.0,0
ACC-10933,Mid-Market,24,4,3559.34,101,89,0.8812,17.79,0.7937,0.8424,7,1,1.2857,0,0,30.0,0
ACC-10934,Enterprise,12,17,13425.81,664,517,0.7786,8.64,1.2115,0.5139,3,0,0.0001,5,0,,0
ACC-10935,Mid-Market,12,16,4879.21,82,50,0.6098,18.82,0.7511,0.8902,4,1,2.2499,8,8,61.0,0
ACC-10936,Enterprise,36,18,32473.55,139,78,0.5612,7.93,0.8578,0.6402,2,0,0.0001,7,0,57.0,0
ACC-10937,SMB,12,14,1131.11,10,7,0.7,15.14,0.6397,0.5581,8,0,0.0,6,0,49.0,0
ACC-10938,Enterprise,12,36,19357.43,800,608,0.76,17.79,1.2201,0.832,8,0,0.0,6,0,57.0,0
ACC-10939,Mid-Market,12,22,4609.31,69,42,0.6087,17.55,0.7847,0.696,8,1,1.125,3,0,28.0,0
ACC-10940,Mid-Market,24,39,8510.47,31,26,0.8387,10.08,1.6201,0.5776,1,0,0.0003,0,0,55.0,0
ACC-10941,Mid-Market,24,9,6035.89,88,73,0.8295,17.3,0.8716,0.7385,3,0,0.0001,4,0,-9.0,0
ACC-10942,SMB,12,14,788.72,6,6,1.0,8.57,0.7915,0.5983,4,0,0.0001,5,0,,0
ACC-10943,SMB,12,12,1702.64,13,12,0.9231,8.25,0.8263,0.7571,4,1,2.2499,7,0,33.0,0
ACC-10944,Mid-Market,12,6,5457.66,105,79,0.7524,12.02,0.7671,0.7359,3,3,8.9992,4,0,-1.0,1
ACC-10945,Enterprise,24,15,27835.08,929,677,0.7287,16.39,0.9247,0.6948,4,1,2.2499,4,0,35.0,0
ACC-10946,Enterprise,12,4,24522.21,630,504,0.8,13.91,1.1651,0.853,2,0,0.0001,5,0,80.0,0
ACC-10947,SMB,36,23,2112.64,31,25,0.8065,32.64,1.1159,0.7722,2,1,4.4995,4,0,72.0,0
ACC-10948,SMB,12,32,1995.19,30,24,0.8,14.9,0.892,0.7206,1,0,0.0003,1,0,,0
ACC-10949,Mid-Market,36,15,7571.97,105,81,0.7714,14.2,1.414,0.3277,6,0,0.0,6,0,28.0,0
ACC-10950,Mid-Market,12,18,7731.72,124,110,0.8871,3.88,1.2231,0.6511,2,0,0.0001,3,0,,0
ACC-10951,SMB,24,32,557.94,28,23,0.8214,35.07,0.7286,0.6668,6,0,0.0,8,0,32.0,0
ACC-10952,Enterprise,12,10,12592.13,231,218,0.9437,16.99,0.9525,0.5654,3,0,0.0001,7,0,59.0,0
ACC-10953,SMB,12,6,926.06,19,12,0.6316,17.27,2.5219,0.8866,6,2,2.9999,6,0,79.0,0
ACC-10954,Mid-Market,24,4,2686.53,84,38,0.4524,16.01,0.9234,0.6091,3,1,2.9998,2,0,-11.0,0
ACC-10955,Mid-Market,24,10,3312.72,60,27,0.45,9.36,1.138,0.4295,6,0,0.0,5,0,41.0,0
ACC-10956,Mid-Market,12,11,7488.08,56,33,0.5893,7.18,0.7066,0.8296,3,0,0.0001,4,0,6.0,0
ACC-10957,Enterprise,24,24,29995.76,660,599,0.9076,26.78,1.1551,0.5858,6,0,0.0,5,0,57.0,0
ACC-10958,Enterprise,24,7,9500.19,305,206,0.6754,7.46,0.8103,0.791,4,0,0.0001,1,0,77.0,0
ACC-10959,SMB,24,6,1256.68,5,5,1.0,22.44,1.1402,0.759,3,0,0.0001,7,0,-2.0,0
ACC-10960,Enterprise,12,27,13680.36,520,388,0.7462,7.75,1.0101,0.4844,5,0,0.0001,2,4,43.0,0
ACC-10961,Mid-Market,12,12,7958.65,117,103,0.8803,12.55,1.0848,0.4312,4,0,0.0001,5,0,10.0,0
ACC-10962,Mid-Market,12,18,9858.13,90,85,0.9444,14.61,1.3116,0.5201,4,1,2.2499,2,0,,1
ACC-10963,Mid-Market,12,25,4849.58,142,119,0.838,14.35,0.9139,0.7848,7,0,0.0,6,0,-6.0,0
ACC-10964,Mid-Market,24,58,2617.25,58,39,0.6724,45.98,1.0952,0.7612,4,0,0.0001,5,0,63.0,0
ACC-10965,Mid-Market,12,21,3589.93,65,55,0.8462,2.23,1.0669,0.7249,2,0,0.0001,2,0,73.0,0
ACC-10966,SMB,12,11,533.12,9,6,0.6667,7.13,1.0048,0.6765,1,2,17.9949,5,0,,1
ACC-10967,Mid-Market,24,26,7612.66,40,27,0.675,7.93,0.7621,0.3897,4,0,0.0001,3,0,55.0,0
ACC-10968,Mid-Market,24,9,7034.73,78,71,0.9103,14.17,0.8233,0.608,3,1,2.9998,1,0,100.0,0
ACC-10969,Mid-Market,12,32,4466.67,59,40,0.678,17.59,0.6884,0.8673,3,0,0.0001,2,0,45.0,0
ACC-10970,SMB,12,11,2496.66,28,18,0.6429,3.3,0.8294,0.439,2,0,0.0001,3,0,,0
ACC-10971,SMB,36,8,1027.42,28,22,0.7857,15.6,0.9169,0.5462,3,0,0.0001,3,0,,0
ACC-10972,SMB,12,17,2391.4,31,17,0.5484,28.66,1.3486,0.8097,1,0,0.0003,1,0,1.0,0
ACC-10973,Mid-Market,24,21,6421.75,58,30,0.5172,19.91,1.2006,0.548,3,0,0.0001,2,0,7.0,0
ACC-10974,Enterprise,24,9,17390.79,328,216,0.6585,8.63,1.6151,0.8276,3,2,5.9995,3,0,35.0,1
ACC-10975,Mid-Market,12,12,3528.11,64,55,0.8594,22.21,1.8438,0.7497,6,0,0.0,5,0,74.0,0
ACC-10976,Mid-Market,36,22,4880.31,39,23,0.5897,11.37,0.7139,0.7923,7,0,0.0,3,0,1.0,0
ACC-10977,Enterprise,24,19,9692.43,170,144,0.8471,5.28,1.0551,0.2424,3,1,2.9998,5,0,10.0,0
ACC-10978,Mid-Market,12,21,4211.75,105,68,0.6476,3.72,0.7465,0.7373,0,0,1.0,5,0,32.0,0
ACC-10979,Mid-Market,24,32,2057.8,98,64,0.6531,6.71,0.9603,0.59,5,0,0.0001,3,0,18.0,0
ACC-10980,Mid-Market,24,20,6536.92,93,76,0.8172,11.53,1.1929,0.7268,6,0,0.0,10,0,-19.0,0
ACC-10981,SMB,24,37,900.05,6,5,0.8333,5.49,1.2644,0.7348,3,1,2.9998,9,0,,0
ACC-10982,Enterprise,24,27,32852.76,733,431,0.588,23.43,0.8565,0.6927,3,0,0.0001,6,4,60.0,0
ACC-10983,Enterprise,12,12,22657.6,445,240,0.5393,10.84,0.7163,0.7952,4,0,0.0001,2,0,,0
ACC-10984,SMB,12,33,1674.64,5,4,0.8,20.91,0.507,0.829,5,1,1.8,3,8,,0
ACC-10985,Mid-Market,12,19,8698.34,39,18,0.4615,19.99,1.0794,0.8123,3,0,0.0001,3,0,60.0,0
ACC-10986,SMB,12,30,627.14,16,10,0.625,11.65,0.7556,0.8284,3,0,0.0001,5,0,,0
ACC-10987,Mid-Market,12,21,5198.29,63,48,0.7619,22.13,1.0045,0.7288,2,1,4.4995,9,0,,0
ACC-10988,Mid-Market,24,42,7743.85,108,75,0.6944,4.4,0.8915,0.8287,7,1,1.2857,5,0,-26.0,0
ACC-10989,SMB,24,8,1803.38,23,14,0.6087,2.96,0.8982,0.4359,5,0,0.0001,2,0,18.0,0
ACC-10990,SMB,24,15,1374.79,31,24,0.7742,10.77,1.139,0.6428,0,0,1.0,4,0,,0
ACC-10991,SMB,24,24,1356.96,5,3,0.6,7.33,0.9345,0.7835,3,1,2.9998,9,0,20.0,0
ACC-10992,Mid-Market,24,18,2452.07,125,82,0.656,7.82,0.7641,0.6977,1,1,8.9976,0,0,7.0,0
ACC-10993,Mid-Market,12,9,6445.62,36,25,0.6944,6.81,0.8863,0.7906,3,1,2.9998,1,0,28.0,0
ACC-10994,Mid-Market,24,40,8668.67,133,88,0.6617,24.98,1.2385,0.9329,3,2,5.9995,5,0,,0
ACC-10995,Enterprise,12,16,17430.26,257,153,0.5953,20.33,1.0296,0.4912,1,1,8.9976,8,0,,0
ACC-10996,SMB,36,28,1938.31,12,8,0.6667,7.97,0.6289,0.6908,3,1,2.9998,4,0,8.0,0
ACC-10997,Enterprise,24,23,16952.46,756,527,0.6971,11.96,1.3196,0.7044,5,0,0.0001,3,0,54.0,0
ACC-10998,SMB,12,26,2216.22,16,7,0.4375,20.12,1.0878,0.7965,1,1,8.9976,1,0,30.0,0
ACC-10999,Mid-Market,24,8,3731.1,104,96,0.9231,8.14,0.9218,0.9626,0,0,1.0,6,0,-21.0,0
ACC-11000,Enterprise,12,16,35785.85,397,240,0.6045,14.28,0.8942,0.858,4,0,0.0001,3,12,27.0,0
ACC-11001,Mid-Market,12,26,3016.43,85,44,0.5176,8.36,0.7791,0.9434,9,1,1.0,7,0,68.0,0
ACC-11002,SMB,24,28,1189.26,24,20,0.8333,9.57,1.3075,0.4417,2,0,0.0001,9,0,54.0,0
ACC-11003,SMB,12,27,1110.69,31,28,0.9032,11.04,1.0668,0.7923,3,0,0.0001,2,0,32.0,0
ACC-11004,SMB,12,11,1142.29,24,20,0.8333,12.1,0.915,0.6854,6,0,0.0,9,0,64.0,0
ACC-11005,SMB,36,6,2322.12,32,19,0.5938,15.8,2.44,0.6338,4,0,0.0001,5,0,0.0,0
ACC-11006,SMB,24,7,2335.74,17,9,0.5294,12.52,1.3635,0.7268,4,0,0.0001,5,0,,0
ACC-11007,SMB,24,17,2260.15,24,23,0.9583,22.86,0.7386,0.3404,3,1,2.9998,1,0,41.0,0
ACC-11008,Mid-Market,24,18,9130.0,105,64,0.6095,9.54,1.2397,0.2147,5,0,0.0001,3,0,45.0,0
ACC-11009,Mid-Market,12,17,5653.16,139,107,0.7698,24.31,0.6714,0.9114,5,0,0.0001,5,0,36.0,0
ACC-11010,Mid-Market,12,8,7650.64,71,65,0.9155,19.01,0.7451,0.6635,4,0,0.0001,4,16,15.0,0
ACC-11011,SMB,24,12,1752.35,29,23,0.7931,22.41,0.9267,0.2771,3,1,2.9998,1,0,25.0,0
ACC-11012,SMB,36,39,1937.72,27,25,0.9259,7.52,0.8437,0.415,3,0,0.0001,4,0,77.0,0
ACC-11013,Enterprise,12,21,24489.04,677,515,0.7607,9.49,0.9513,0.3767,2,0,0.0001,3,0,71.0,0
ACC-11014,SMB,24,16,2495.54,28,23,0.8214,9.26,0.8486,0.8149,7,0,0.0,4,0,24.0,0
ACC-11015,SMB,36,39,2125.36,16,5,0.3125,8.23,0.9482,0.8131,5,1,1.8,5,0,,0
ACC-11016,Enterprise,24,44,30460.34,645,382,0.5922,24.41,0.8269,0.5187,2,0,0.0001,11,0,-29.0,0
ACC-11017,Mid-Market,36,13,3377.24,78,57,0.7308,16.58,1.4678,0.6188,4,1,2.2499,4,0,,0
ACC-11018,SMB,12,21,1394.52,32,23,0.7188,10.56,0.9798,0.8282,3,1,2.9998,6,0,,0
ACC-11019,Enterprise,36,6,15980.59,238,171,0.7185,15.92,1.0703,0.6269,4,0,0.0001,1,0,-1.0,0
ACC-11020,SMB,24,5,2412.35,21,13,0.619,16.04,0.759,0.2943,4,0,0.0001,4,16,,1
ACC-11021,Mid-Market,12,15,5069.81,115,90,0.7826,24.49,1.091,0.5435,5,1,1.8,1,0,43.0,0
ACC-11022,SMB,36,8,1156.32,31,18,0.5806,7.38,0.9143,0.7403,1,0,0.0003,2,0,,0
ACC-11023,SMB,12,12,2207.99,30,21,0.7,6.79,1.2442,0.9333,2,1,4.4995,7,0,,0
ACC-11024,SMB,12,20,1521.22,25,22,0.88,15.77,1.0086,0.7067,3,0,0.0001,6,0,23.0,0
ACC-11025,Mid-Market,24,35,7722.44,133,105,0.7895,22.85,0.9653,0.8479,2,0,0.0001,3,0,13.0,0
ACC-11026,SMB,12,21,1453.22,24,15,0.625,18.11,0.932,0.7131,2,0,0.0001,2,0,75.0,0
ACC-11027,SMB,12,13,2236.88,23,20,0.8696,9.02,0.5682,0.6091,6,0,0.0,5,0,-17.0,0
ACC-11028,Mid-Market,24,45,4801.86,76,52,0.6842,10.86,1.0871,0.9532,1,0,0.0003,3,0,92.0,0
ACC-11029,SMB,12,18,1080.38,22,15,0.6818,7.82,0.7798,0.5019,3,1,2.9998,5,0,53.0,1
ACC-11030,Enterprise,12,29,30111.21,591,463,0.7834,13.6,0.9801,0.8348,3,2,5.9995,4,0,,0
ACC-11031,Mid-Market,12,30,5426.34,101,72,0.7129,15.11,1.0613,0.7169,0,0,1.0,3,0,,0
ACC-11032,Mid-Market,12,16,6154.09,104,76,0.7308,16.21,0.7903,0.5892,2,0,0.0001,4,0,69.0,0
ACC-11033,Enterprise,24,3,20570.81,495,447,0.903,19.46,1.2088,0.3122,3,0,0.0001,7,0,,0
ACC-11034,Enterprise,24,5,10111.7,545,487,0.8936,24.66,0.9366,0.6904,6,0,0.0,5,0,77.0,0
ACC-11035,SMB,36,11,1915.14,7,6,0.8571,12.32,0.7905,0.2767,3,0,0.0001,5,0,69.0,0
ACC-11036,Mid-Market,24,12,7670.24,131,105,0.8015,8.59,0.9235,0.6077,7,0,0.0,3,4,55.0,0
ACC-11037,SMB,12,17,1858.31,10,8,0.8,30.97,1.2888,0.6834,2,0,0.0001,5,0,73.0,0
ACC-11038,Enterprise,36,14,11200.24,928,819,0.8825,13.62,1.3461,0.7542,6,0,0.0,2,0,22.0,0
ACC-11039,Mid-Market,24,15,9012.0,127,76,0.5984,5.69,0.9562,0.8709,1,0,0.0003,3,0,,0
ACC-11040,Mid-Market,24,17,3325.09,39,33,0.8462,6.92,0.9632,0.9388,1,0,0.0003,3,0,38.0,0
ACC-11041,SMB,24,19,2094.8,9,7,0.7778,28.74,0.9915,0.7027,4,1,2.2499,3,0,,0
ACC-11042,Mid-Market,36,6,7820.55,93,52,0.5591,27.52,0.957,0.8108,1,1,8.9976,2,4,95.0,0
ACC-11043,Mid-Market,24,19,8670.56,102,80,0.7843,19.86,0.7533,0.7726,4,0,0.0001,8,0,42.0,0
ACC-11044,SMB,12,25,618.57,23,20,0.8696,3.11,0.992,0.5686,2,1,4.4995,0,0,66.0,0
ACC-11045,Mid-Market,24,45,9151.29,73,52,0.7123,6.42,0.8984,0.6846,3,1,2.9998,7,0,29.0,0
ACC-11046,Mid-Market,12,18,3159.82,80,60,0.75,12.78,1.5362,0.7244,6,1,1.5,1,0,,0
ACC-11047,Enterprise,12,28,16219.36,104,77,0.7404,8.93,1.0744,0.8885,5,0,0.0001,6,0,,0
ACC-11048,SMB,12,23,595.44,23,16,0.6957,9.69,0.9727,0.545,4,0,0.0001,7,0,59.0,0
ACC-11049,Enterprise,12,10,31877.04,367,305,0.8311,9.18,1.1357,0.7733,3,0,0.0001,1,0,-22.0,0
ACC-11050,SMB,12,19,1770.68,17,13,0.7647,10.05,0.6806,0.5715,1,1,8.9976,1,0,19.0,0
ACC-11051,Mid-Market,12,37,5359.37,143,110,0.7692,13.71,0.9876,0.7553,1,0,0.0003,6,0,50.0,0
ACC-11052,SMB,24,36,2219.16,31,23,0.7419,16.75,0.7369,0.6505,1,0,0.0003,6,0,8.0,0
ACC-11053,SMB,24,36,512.33,7,3,0.4286,11.36,0.7055,0.7456,5,1,1.8,9,0,,0
ACC-11054,SMB,36,60,1094.07,17,9,0.5294,29.49,0.861,0.6851,5,0,0.0001,5,0,17.0,0
ACC-11055,Mid-Market,12,24,7629.4,88,31,0.3523,14.41,0.83,0.8752,6,1,1.5,1,0,21.0,0
ACC-11056,SMB,24,13,2027.78,13,10,0.7692,12.79,1.4761,0.8195,2,0,0.0001,4,0,44.0,0
ACC-11057,Mid-Market,36,25,5054.91,109,79,0.7248,9.44,0.9717,0.7757,6,0,0.0,2,0,34.0,0
ACC-11058,Mid-Market,12,10,3916.48,135,89,0.6593,15.1,1.0629,0.4125,3,0,0.0001,5,0,62.0,0
ACC-11059,Mid-Market,24,22,8271.16,85,77,0.9059,6.43,1.0222,0.5715,3,0,0.0001,2,0,84.0,0
ACC-11060,SMB,24,9,1554.79,7,6,0.8571,5.64,0.6778,0.4227,4,0,0.0001,4,0,-5.0,0
ACC-11061,SMB,12,11,1485.36,7,6,0.8571,20.82,0.9939,0.8326,9,0,0.0,4,0,-40.0,0
ACC-11062,SMB,24,5,1389.14,21,13,0.619,8.46,0.8965,0.4245,3,0,0.0001,4,0,33.0,0
ACC-11063,Mid-Market,24,22,6136.9,79,51,0.6456,17.69,0.8076,0.5844,3,0,0.0001,8,0,52.0,0
ACC-11064,Mid-Market,12,35,2498.08,141,88,0.6241,11.96,1.5296,0.7253,3,0,0.0001,3,0,4.0,0
ACC-11065,SMB,12,18,1696.96,22,16,0.7273,11.2,1.0177,0.4158,1,0,0.0003,1,0,,0
ACC-11066,Mid-Market,12,17,7284.67,61,58,0.9508,15.11,1.0452,0.7758,2,1,4.4995,3,0,29.0,0
ACC-11067,Enterprise,12,12,29772.99,948,848,0.8945,9.88,1.3649,0.7755,3,1,2.9998,3,0,70.0,0
ACC-11068,Mid-Market,12,29,8833.68,53,50,0.9434,12.16,1.0956,0.596,2,0,0.0001,3,0,,0
ACC-11069,Mid-Market,12,32,4720.42,65,60,0.9231,16.29,1.4687,0.8356,5,0,0.0001,3,0,73.0,0
ACC-11070,Mid-Market,12,7,3597.46,110,82,0.7455,25.01,0.9935,0.7187,3,0,0.0001,2,0,,0
ACC-11071,Mid-Market,36,19,5547.08,123,96,0.7805,7.56,0.889,0.7403,2,0,0.0001,2,0,10.0,0
ACC-11072,Enterprise,12,29,22309.91,520,495,0.9519,9.77,0.9726,0.6828,3,0,0.0001,2,0,,0
ACC-11073,Enterprise,12,13,37508.56,879,797,0.9067,15.61,1.0851,0.3199,3,0,0.0001,0,0,37.0,0
ACC-11074,SMB,12,6,1484.65,16,13,0.8125,6.0,1.3233,0.6761,2,0,0.0001,5,4,72.0,0
ACC-11075,Mid-Market,12,9,7670.94,85,68,0.8,10.0,1.1253,0.6084,3,0,0.0001,3,0,-3.0,0
ACC-11076,Mid-Market,12,38,7818.45,45,37,0.8222,15.08,0.9677,0.2653,3,0,0.0001,4,0,,0
ACC-11077,SMB,12,31,670.37,15,6,0.4,18.16,0.7273,0.7034,1,0,0.0003,14,0,34.0,0
ACC-11078,Mid-Market,12,33,3244.56,47,34,0.7234,16.85,0.8712,0.6687,5,0,0.0001,2,0,16.0,0
ACC-11079,SMB,24,7,2326.52,12,11,0.9167,8.68,0.747,0.488,4,1,2.2499,10,0,44.0,0
ACC-11080,SMB,36,28,2239.39,34,25,0.7353,13.78,2.0025,0.5806,3,1,2.9998,3,0,30.0,0
ACC-11081,Enterprise,12,39,31095.91,967,671,0.6939,18.9,0.8599,0.5515,6,0,0.0,6,0,,0
ACC-11082,Mid-Market,12,11,4445.99,147,102,0.6939,6.12,1.3918,0.7978,1,1,8.9976,2,0,44.0,0
ACC-11083,SMB,24,15,1916.92,21,18,0.8571,10.12,1.1331,0.8113,6,0,0.0,4,0,28.0,0
ACC-11084,SMB,24,20,1833.13,31,26,0.8387,11.97,1.2514,0.5419,3,0,0.0001,5,0,72.0,0
ACC-11085,Mid-Market,12,22,2940.13,117,93,0.7949,12.88,1.0529,0.8127,1,0,0.0003,5,0,-42.0,0
ACC-11086,Mid-Market,36,14,9539.71,74,38,0.5135,5.17,1.3412,0.673,5,0,0.0001,3,0,34.0,0
ACC-11087,Enterprise,24,30,41192.36,829,535,0.6454,9.09,0.8314,0.391,1,0,0.0003,5,0,,0
ACC-11088,SMB,12,24,2381.87,6,5,0.8333,10.69,0.9858,0.6015,4,0,0.0001,5,0,-21.0,0
ACC-11089,Mid-Market,24,10,3830.66,69,38,0.5507,4.13,0.79,0.486,4,1,2.2499,1,8,15.0,0
ACC-11090,SMB,36,29,1407.15,5,3,0.6,10.69,0.7935,0.7102,6,0,0.0,3,4,97.0,0
ACC-11091,Mid-Market,24,16,9720.56,104,89,0.8558,8.04,0.7949,0.6345,3,0,0.0001,4,0,10.0,0
ACC-11092,Mid-Market,12,24,5159.6,129,71,0.5504,14.21,0.8268,0.7041,6,0,0.0,3,0,19.0,0
ACC-11093,Mid-Market,12,10,4831.79,132,116,0.8788,8.8,1.3423,0.5361,3,0,0.0001,0,0,14.0,0
ACC-11094,Mid-Market,12,11,4477.28,78,65,0.8333,8.0,0.74,0.3595,3,1,2.9998,1,0,41.0,0
ACC-11095,Enterprise,12,6,17709.49,378,237,0.627,13.48,0.8595,0.6526,9,0,0.0,2,0,56.0,0
ACC-11096,Mid-Market,24,32,8234.82,71,58,0.8169,13.71,0.761,0.6119,8,2,2.25,8,0,,1
ACC-11097,Enterprise,24,28,17056.17,579,356,0.6149,6.24,0.7387,0.9626,1,2,17.9949,7,0,65.0,0
ACC-11098,SMB,24,20,2016.33,13,11,0.8462,9.21,0.9229,0.7933,2,1,4.4995,10,0,22.0,0
ACC-11099,Mid-Market,36,7,7978.27,79,54,0.6835,28.53,0.8386,0.5635,3,1,2.9998,2,0,,0
ACC-11100,Enterprise,12,35,39021.95,659,501,0.7602,20.84,1.347,0.5113,5,1,1.8,5,0,23.0,0
ACC-11101,SMB,24,24,2290.17,26,20,0.7692,5.54,0.885,0.7266,4,0,0.0001,5,0,,0
ACC-11102,SMB,24,14,849.72,31,25,0.8065,18.48,0.8568,0.9061,4,1,2.2499,3,0,16.0,0
ACC-11103,SMB,12,21,853.62,16,12,0.75,12.05,1.1743,0.8073,6,1,1.5,5,0,11.0,0
ACC-11104,SMB,24,16,1467.2,13,9,0.6923,19.1,0.8707,0.4292,1,0,0.0003,4,0,37.0,0
ACC-11105,Enterprise,12,24,15775.21,402,391,0.9726,13.9,0.8571,0.5774,3,0,0.0001,2,0,9.0,0
ACC-11106,Mid-Market,24,9,4851.14,66,57,0.8636,19.95,0.9165,0.7135,0,1,30001.0,4,0,26.0,0
ACC-11107,SMB,12,4,504.19,25,18,0.72,6.7,0.7544,0.8319,8,0,0.0,3,8,57.0,0
ACC-11108,SMB,12,23,473.39,5,3,0.6,10.07,1.2483,0.5728,6,1,1.5,2,0,38.0,0
ACC-11109,Enterprise,24,25,40135.72,618,436,0.7055,12.97,0.761,0.4186,1,0,0.0003,5,8,2.0,0
ACC-11110,SMB,24,6,2219.06,17,10,0.5882,12.85,1.1256,0.8013,1,0,0.0003,6,0,33.0,0
ACC-11111,Mid-Market,12,3,2202.33,51,41,0.8039,22.5,1.1897,0.3921,5,0,0.0001,2,0,50.0,0
ACC-11112,Mid-Market,12,20,8477.86,57,38,0.6667,15.9,0.757,0.4604,2,2,8.9988,5,0,,1
ACC-11113,Mid-Market,12,23,6661.74,118,84,0.7119,17.41,0.898,0.776,4,0,0.0001,2,0,100.0,0
ACC-11114,Mid-Market,24,15,4803.46,114,88,0.7719,7.84,0.7715,0.9708,7,0,0.0,2,0,9.0,0
ACC-11115,Mid-Market,24,10,7345.77,106,79,0.7453,11.07,1.0798,0.9115,3,0,0.0001,3,0,34.0,0
ACC-11116,Enterprise,36,46,44180.07,839,613,0.7306,9.05,1.0507,0.6088,2,1,4.4995,4,0,,0
ACC-11117,SMB,12,22,441.52,22,20,0.9091,3.97,1.4755,0.7107,1,0,0.0003,5,0,,0
ACC-11118,Mid-Market,24,32,4290.37,80,36,0.45,10.75,0.9838,0.7604,6,1,1.5,4,0,,0
ACC-11119,Enterprise,12,8,11161.81,350,258,0.7371,10.76,1.2039,0.3786,9,0,0.0,5,0,,0
ACC-11120,SMB,24,35,1044.0,26,18,0.6923,8.3,0.7841,0.8081,5,1,1.8,4,0,,0
ACC-11121,SMB,12,22,1922.12,12,10,0.8333,11.44,0.8412,0.4765,7,0,0.0,2,0,41.0,0
ACC-11122,SMB,12,43,645.8,7,4,0.5714,12.0,1.5129,0.6287,3,0,0.0001,2,0,54.0,0
ACC-11123,SMB,24,24,2024.41,33,28,0.8485,10.2,1.0243,0.887,2,1,4.4995,3,8,56.0,0
ACC-11124,SMB,12,18,637.25,23,17,0.7391,9.18,0.7535,0.7929,3,0,0.0001,6,0,74.0,0
ACC-11125,Mid-Market,24,16,3323.54,49,37,0.7551,11.62,1.3227,0.5951,4,0,0.0001,3,0,52.0,0
ACC-11126,Enterprise,24,12,32225.01,806,658,0.8164,7.31,1.2413,0.7701,4,0,0.0001,4,0,-7.0,0
ACC-11127,Mid-Market,12,17,3474.67,134,66,0.4925,11.9,0.8701,0.299,2,0,0.0001,6,0,1.0,0
ACC-11128,Mid-Market,12,25,9714.91,51,39,0.7647,5.63,1.0499,0.4228,7,0,0.0,1,0,27.0,0
ACC-11129,Mid-Market,24,27,4645.23,41,27,0.6585,24.05,0.8408,0.4901,2,0,0.0001,4,0,29.0,0
ACC-11130,SMB,24,10,2246.17,33,24,0.7273,14.09,0.812,0.5397,2,0,0.0001,4,0,,0
ACC-11131,Mid-Market,12,7,2640.49,56,38,0.6786,13.48,0.6374,0.8117,2,0,0.0001,4,0,42.0,0
ACC-11132,Enterprise,12,21,34981.4,753,582,0.7729,13.37,1.3429,0.8038,2,1,4.4995,7,0,66.0,0
ACC-11133,Mid-Market,24,5,5669.44,75,48,0.64,7.26,0.6203,0.7766,3,1,2.9998,7,0,1.0,0
ACC-11134,SMB,24,17,1419.09,14,10,0.7143,36.29,0.6892,0.6592,2,0,0.0001,4,0,,0
ACC-11135,Enterprise,12,7,24979.92,714,385,0.5392,8.27,0.9144,0.7183,1,0,0.0003,4,0,78.0,0
ACC-11136,SMB,12,27,1993.02,6,4,0.6667,33.07,0.7187,0.362,2,0,0.0001,0,0,38.0,0
ACC-11137,Mid-Market,24,13,8459.11,118,88,0.7458,6.37,1.1446,0.9058,6,0,0.0,2,0,,0
ACC-11138,Mid-Market,24,15,3692.94,92,62,0.6739,9.54,0.9106,0.8889,6,0,0.0,2,0,38.0,0
ACC-11139,Mid-Market,36,6,5599.06,97,65,0.6701,13.98,1.2145,0.6373,4,0,0.0001,5,0,34.0,0
ACC-11140,SMB,24,30,1417.94,30,24,0.8,30.3,0.6625,0.5937,5,0,0.0001,2,0,66.0,0
ACC-11141,Mid-Market,36,19,3633.6,125,83,0.664,9.77,0.9626,0.6653,0,0,1.0,3,0,24.0,0
ACC-11142,SMB,12,20,1697.95,33,29,0.8788,17.44,0.6607,0.7139,5,0,0.0001,3,0,77.0,0
ACC-11143,Mid-Market,24,8,2991.99,74,60,0.8108,14.98,1.0965,0.7177,4,0,0.0001,3,0,6.0,0
ACC-11144,Mid-Market,12,5,2853.83,43,37,0.8605,14.79,1.0936,0.815,4,0,0.0001,7,0,-22.0,0
ACC-11145,SMB,24,10,879.08,9,3,0.3333,20.41,0.7973,0.5428,3,0,0.0001,5,8,-23.0,0
ACC-11146,SMB,12,13,881.23,5,5,1.0,9.23,1.5129,0.8515,4,1,2.2499,6,0,,0
ACC-11147,SMB,12,10,2331.18,13,10,0.7692,22.74,1.1764,0.5668,3,1,2.9998,4,8,60.0,0
ACC-11148,SMB,24,43,1062.17,34,23,0.6765,3.56,0.8721,0.5709,1,0,0.0003,4,0,,0
ACC-11149,SMB,24,31,1264.06,9,6,0.6667,9.49,1.4279,0.8463,4,0,0.0001,5,0,-19.0,0
ACC-11150,SMB,12,17,1890.22,19,15,0.7895,16.3,1.0208,0.4927,3,1,2.9998,9,0,3.0,0
ACC-11151,SMB,24,11,1573.68,12,10,0.8333,15.97,0.9471,0.8624,3,0,0.0001,3,0,64.0,0
ACC-11152,SMB,12,8,1848.44,15,14,0.9333,8.34,1.1699,0.737,4,0,0.0001,4,0,34.0,0
ACC-11153,SMB,12,17,511.66,18,10,0.5556,27.14,0.7417,0.5295,4,0,0.0001,3,0,27.0,0
ACC-11154,Mid-Market,24,20,7901.78,114,55,0.4825,5.31,1.0349,0.855,2,0,0.0001,3,0,52.0,0
ACC-11155,SMB,12,13,1970.13,13,10,0.7692,11.97,0.7851,0.6484,5,0,0.0001,2,0,61.0,0
ACC-11156,Enterprise,36,22,41001.01,700,405,0.5786,11.18,0.8337,0.7364,2,0,0.0001,6,0,5.0,0
ACC-11157,SMB,12,12,1281.71,8,7,0.875,9.26,0.729,0.5447,7,0,0.0,5,0,,0
ACC-11158,SMB,24,8,525.96,16,16,1.0,10.7,0.9059,0.7906,4,1,2.2499,4,0,22.0,0
ACC-11159,Enterprise,24,22,36037.46,866,750,0.8661,10.11,1.9176,0.5033,2,0,0.0001,7,0,14.0,0
ACC-11160,SMB,12,5,860.83,11,11,1.0,15.62,0.6425,0.5256,8,0,0.0,8,0,18.0,0
ACC-11161,Enterprise,12,7,31586.58,734,414,0.564,3.45,0.8664,0.5979,3,0,0.0001,5,0,,0
ACC-11162,Mid-Market,24,9,7557.18,106,72,0.6792,8.13,0.8744,0.4519,3,0,0.0001,5,0,,0
ACC-11163,SMB,24,12,521.43,7,4,0.5714,12.09,0.886,0.6854,2,0,0.0001,3,0,-1.0,0
ACC-11164,Enterprise,12,25,38791.26,659,508,0.7709,10.42,1.3402,0.7697,3,0,0.0001,2,0,,0
ACC-11165,SMB,12,6,1176.27,7,5,0.7143,3.67,0.687,0.722,3,1,2.9998,2,0,,0
ACC-11166,SMB,12,15,2375.26,19,10,0.5263,32.17,0.885,0.3526,2,1,4.4995,4,0,49.0,0
ACC-11167,Mid-Market,12,20,8237.64,82,67,0.8171,13.68,0.8105,0.6736,6,1,1.5,6,0,33.0,0
ACC-11168,Enterprise,12,19,34957.08,194,99,0.5103,15.98,0.8889,0.6665,4,0,0.0001,4,0,-48.0,0
ACC-11169,Mid-Market,12,25,6376.78,43,36,0.8372,24.44,1.0512,0.7646,5,0,0.0001,8,0,22.0,0
ACC-11170,Mid-Market,24,15,3713.28,111,95,0.8559,5.9,0.9075,0.7469,3,0,0.0001,2,0,15.0,0
ACC-11171,SMB,24,11,2147.95,11,9,0.8182,12.94,1.0877,0.4476,3,0,0.0001,4,0,14.0,0
ACC-11172,Mid-Market,36,34,7625.88,32,23,0.7188,6.61,0.9841,0.4527,3,0,0.0001,2,0,33.0,0
ACC-11173,Mid-Market,24,11,4165.52,134,120,0.8955,8.13,1.2868,0.6939,3,0,0.0001,4,0,26.0,0
ACC-11174,Mid-Market,36,10,6994.16,67,57,0.8507,12.35,0.8531,0.588,3,0,0.0001,3,0,,0
ACC-11175,Mid-Market,24,10,6129.54,134,109,0.8134,13.26,1.2779,0.3163,2,0,0.0001,3,0,39.0,0
ACC-11176,SMB,24,10,634.57,26,22,0.8462,8.21,0.8181,0.4654,3,0,0.0001,5,8,30.0,0
ACC-11177,Enterprise,36,38,8965.08,566,445,0.7862,14.12,0.9004,0.6533,2,0,0.0001,2,0,3.0,0
ACC-11178,SMB,24,41,943.4,5,2,0.4,5.95,1.0286,0.4954,3,0,0.0001,3,0,,0
ACC-11179,Mid-Market,12,26,9423.11,73,52,0.7123,7.14,0.904,0.7273,3,1,2.9998,4,0,,0
ACC-11180,SMB,24,22,1836.34,19,15,0.7895,6.14,0.7756,0.7863,4,0,0.0001,6,0,10.0,0
ACC-11181,Mid-Market,36,10,8565.25,88,33,0.375,17.79,1.0624,0.717,2,0,0.0001,7,0,-16.0,0
ACC-11182,Mid-Market,24,13,9358.59,62,46,0.7419,13.23,0.9812,0.6935,4,0,0.0001,4,0,7.0,0
ACC-11183,SMB,24,6,1105.82,26,25,0.9615,11.03,0.9849,0.852,5,0,0.0001,7,0,,0
ACC-11184,Enterprise,24,15,41630.37,482,375,0.778,5.98,0.9445,0.4565,0,1,30001.0,2,0,,0
ACC-11185,SMB,36,7,1492.19,26,22,0.8462,22.68,0.6977,0.3542,3,0,0.0001,1,0,10.0,0
ACC-11186,SMB,12,19,580.15,27,17,0.6296,6.2,0.7632,0.3251,3,0,0.0001,3,0,,0
ACC-11187,Enterprise,24,11,29852.55,501,478,0.9541,16.95,0.7185,0.7919,4,0,0.0001,1,0,11.0,0
ACC-11188,Mid-Market,12,20,6928.54,89,70,0.7865,15.17,1.0894,0.5335,0,0,1.0,6,0,20.0,0
ACC-11189,SMB,24,10,1834.49,19,15,0.7895,18.84,0.8142,0.6813,3,0,0.0001,2,12,58.0,0
ACC-11190,Enterprise,24,5,23535.94,732,507,0.6926,22.77,0.6033,0.6265,3,1,2.9998,7,0,33.0,0
ACC-11191,Mid-Market,12,9,5702.31,49,32,0.6531,10.3,0.9674,0.7542,1,0,0.0003,4,0,82.0,0
ACC-11192,Mid-Market,12,20,7349.89,51,43,0.8431,25.98,0.9502,0.6104,4,0,0.0001,1,0,9.0,0
ACC-11193,Mid-Market,24,21,3782.46,55,32,0.5818,20.48,1.3361,0.7743,4,0,0.0001,3,0,,0
ACC-11194,Enterprise,12,20,14750.41,517,369,0.7137,13.9,0.7034,0.6031,3,0,0.0001,3,0,10.0,0
ACC-11195,SMB,12,18,2227.14,18,13,0.7222,11.2,0.7471,0.7562,4,0,0.0001,4,0,32.0,0
ACC-11196,SMB,24,17,1085.57,27,22,0.8148,17.77,0.985,0.659,6,1,1.5,1,0,25.0,0
ACC-11197,SMB,12,24,1451.96,22,16,0.7273,12.17,0.7367,0.6493,2,0,0.0001,4,0,-1.0,0
ACC-11198,SMB,12,3,501.18,18,17,0.9444,5.97,0.9875,0.9029,2,0,0.0001,7,0,55.0,0
ACC-11199,Enterprise,36,37,25249.5,849,603,0.7102,21.87,0.6058,0.3916,4,1,2.2499,1,0,26.0,0
ACC-11200,SMB,12,14,1530.97,21,16,0.7619,8.21,1.6538,0.8692,4,1,2.2499,5,0,,0
ACC-11201,Enterprise,12,24,32144.06,167,135,0.8084,8.37,1.6015,0.4064,5,1,1.8,3,16,20.0,0
ACC-11202,Enterprise,24,16,17002.28,846,605,0.7151,6.22,0.6033,0.7671,5,1,1.8,0,0,26.0,0
ACC-11203,Mid-Market,24,11,3385.03,118,86,0.7288,11.51,0.9167,0.6295,0,0,1.0,4,0,-7.0,0
ACC-11204,Mid-Market,36,14,6347.75,90,73,0.8111,17.15,0.9659,0.6952,4,0,0.0001,6,0,23.0,0
ACC-11205,SMB,36,8,2441.24,20,18,0.9,8.26,1.8879,0.5483,6,0,0.0,4,0,43.0,0
ACC-11206,SMB,24,9,1970.99,21,13,0.619,5.09,1.3117,0.891,2,0,0.0001,4,0,,0
ACC-11207,Mid-Market,12,22,7118.21,54,38,0.7037,10.93,1.3683,0.2756,2,1,4.4995,6,0,25.0,0
ACC-11208,Mid-Market,12,19,2467.42,112,50,0.4464,9.13,1.8612,0.6959,7,0,0.0,5,0,,0
ACC-11209,SMB,12,5,1233.43,25,23,0.92,17.9,1.1516,0.4002,1,0,0.0003,5,0,,0
ACC-11210,Mid-Market,12,10,4776.1,68,59,0.8676,2.2,1.0273,0.6469,2,1,4.4995,5,0,42.0,0
ACC-11211,Mid-Market,24,14,8538.84,78,49,0.6282,8.69,0.6566,0.6041,6,0,0.0,5,0,85.0,0
ACC-11212,Enterprise,24,16,15032.14,842,740,0.8789,24.45,0.7587,0.8623,6,1,1.5,5,0,30.0,0
ACC-11213,SMB,12,45,1521.25,15,8,0.5333,5.49,0.7914,0.9817,3,1,2.9998,4,0,57.0,0
ACC-11214,SMB,24,18,1186.15,19,13,0.6842,9.81,0.963,0.6576,3,1,2.9998,3,0,88.0,0
ACC-11215,Mid-Market,12,4,8639.59,36,29,0.8056,26.18,1.2796,0.7476,3,0,0.0001,2,4,,0
ACC-11216,Enterprise,12,17,9298.84,549,369,0.6721,7.13,1.3392,0.4063,1,0,0.0003,4,8,,0
ACC-11217,SMB,24,7,485.68,11,8,0.7273,16.15,1.0283,0.7985,3,1,2.9998,6,0,,0
ACC-11218,SMB,12,15,1329.76,26,19,0.7308,22.78,1.0441,0.5388,3,0,0.0001,9,0,,0
ACC-11219,Mid-Market,12,47,9449.96,34,26,0.7647,13.32,1.5982,0.7544,2,1,4.4995,5,0,,0
ACC-11220,SMB,12,12,1398.54,27,21,0.7778,12.87,1.1244,0.6919,2,0,0.0001,2,0,,0
ACC-11221,Enterprise,12,27,28885.2,375,258,0.688,15.94,1.1316,0.5162,1,0,0.0003,4,0,45.0,0
ACC-11222,Mid-Market,24,17,9958.43,120,100,0.8333,29.25,1.2273,0.9515,3,0,0.0001,1,0,94.0,0
ACC-11223,SMB,36,36,1361.85,30,26,0.8667,12.31,1.0596,0.5072,7,1,1.2857,5,0,-8.0,0
ACC-11224,Mid-Market,12,23,9265.75,31,18,0.5806,6.51,0.8496,0.6632,2,0,0.0001,6,0,1.0,0
ACC-11225,Mid-Market,12,29,6810.87,137,63,0.4599,14.67,1.061,0.5972,5,0,0.0001,5,0,,0
ACC-11226,Mid-Market,24,20,9466.27,36,23,0.6389,9.7,1.0931,0.8229,6,0,0.0,1,0,3.0,0
ACC-11227,Mid-Market,36,12,7544.22,62,49,0.7903,5.2,1.0091,0.6935,1,0,0.0003,0,0,,0
ACC-11228,SMB,12,34,1430.62,12,7,0.5833,14.07,1.44,0.7244,4,2,4.4997,3,0,54.0,1
ACC-11229,Mid-Market,12,19,4901.03,39,21,0.5385,11.64,1.0156,0.336,8,0,0.0,4,4,51.0,0
ACC-11230,SMB,24,13,2439.59,10,8,0.8,11.26,1.3052,0.4311,5,0,0.0001,9,0,41.0,0
ACC-11231,Mid-Market,24,11,8884.1,43,33,0.7674,35.82,0.8192,0.7255,3,0,0.0001,5,0,44.0,0
ACC-11232,Mid-Market,12,19,4075.79,36,29,0.8056,11.99,1.3667,0.5428,3,2,5.9995,1,0,,1
ACC-11233,Enterprise,24,30,44719.67,280,160,0.5714,14.55,0.7019,0.826,1,0,0.0003,1,0,,0
ACC-11234,SMB,12,21,1231.5,29,20,0.6897,3.25,1.9975,0.5477,0,0,1.0,6,0,37.0,0
ACC-11235,Mid-Market,12,13,4917.64,132,99,0.75,15.68,0.845,0.5991,3,0,0.0001,4,0,-3.0,0
ACC-11236,SMB,12,21,1461.11,17,14,0.8235,31.28,1.0471,0.7462,4,1,2.2499,1,0,,0
ACC-11237,Mid-Market,24,26,4925.96,50,25,0.5,27.0,0.7817,0.5581,6,0,0.0,2,4,16.0,0
ACC-11238,SMB,12,6,2390.38,10,8,0.8,12.04,1.08,0.5621,4,0,0.0001,1,0,,0
ACC-11239,Enterprise,12,7,37673.23,626,456,0.7284,18.96,1.8815,0.2985,0,0,1.0,7,0,90.0,0
ACC-11240,SMB,12,24,637.49,32,17,0.5312,15.2,1.3628,0.8221,2,0,0.0001,3,0,14.0,0
ACC-11241,SMB,24,7,1827.31,18,12,0.6667,22.67,1.0508,0.4905,5,0,0.0001,4,0,-33.0,0
ACC-11242,SMB,12,15,543.13,17,12,0.7059,7.56,1.4216,0.6746,5,0,0.0001,2,0,,0
ACC-11243,SMB,12,18,554.78,22,10,0.4545,19.91,0.9148,0.8574,6,0,0.0,6,0,14.0,0
ACC-11244,SMB,12,9,1248.17,16,12,0.75,17.07,0.7766,0.8527,3,0,0.0001,3,0,-6.0,0
ACC-11245,Mid-Market,24,15,4002.94,146,68,0.4658,27.79,1.1625,0.7655,5,0,0.0001,5,0,,0
ACC-11246,Enterprise,12,18,20593.87,889,665,0.748,7.57,0.8547,0.6734,6,0,0.0,2,0,56.0,0
ACC-11247,Enterprise,12,31,20682.04,525,255,0.4857,5.0,0.9038,0.8861,2,1,4.4995,2,12,63.0,0
ACC-11248,SMB,12,29,2175.19,18,15,0.8333,18.52,0.8286,0.4512,3,0,0.0001,5,0,-11.0,0
ACC-11249,Mid-Market,24,19,2577.99,113,84,0.7434,46.09,1.1288,0.8055,4,0,0.0001,5,0,43.0,0
ACC-11250,SMB,24,11,2287.78,33,25,0.7576,28.07,0.852,0.6471,6,0,0.0,4,0,66.0,0
ACC-11251,Mid-Market,24,30,6580.7,80,51,0.6375,3.82,0.8296,0.5147,3,0,0.0001,8,0,60.0,0
ACC-11252,Enterprise,24,30,10535.27,826,766,0.9274,6.84,0.8564,0.9003,6,0,0.0,4,0,,0
ACC-11253,Enterprise,36,10,32301.45,709,520,0.7334,11.45,0.7902,0.7693,9,0,0.0,5,36,16.0,0
ACC-11254,SMB,12,18,2101.83,27,20,0.7407,12.2,0.9673,0.8883,2,0,0.0001,1,0,,0
ACC-11255,Mid-Market,36,13,7548.36,55,29,0.5273,15.2,1.1012,0.8137,2,0,0.0001,3,0,10.0,0
ACC-11256,Mid-Market,12,20,8476.78,81,77,0.9506,7.52,0.8718,0.8652,3,0,0.0001,2,0,,0
ACC-11257,Mid-Market,12,10,9030.95,102,74,0.7255,4.65,1.3675,0.7039,2,0,0.0001,2,0,99.0,0
ACC-11258,Enterprise,24,25,27775.44,683,534,0.7818,18.39,1.0646,0.8523,8,1,1.125,6,4,,0
ACC-11259,Mid-Market,12,20,6236.64,119,112,0.9412,20.59,0.6406,0.6871,5,0,0.0001,5,0,26.0,0
ACC-11260,Mid-Market,12,10,9027.28,63,50,0.7937,33.47,1.1392,0.848,2,0,0.0001,8,0,85.0,0
ACC-11261,SMB,12,24,1558.31,28,20,0.7143,18.34,1.1912,0.6559,3,0,0.0001,7,0,-32.0,0
ACC-11262,Mid-Market,24,11,2237.79,97,80,0.8247,12.34,1.1189,0.544,2,0,0.0001,5,0,-7.0,0
ACC-11263,Mid-Market,12,5,9635.36,67,52,0.7761,6.41,1.437,0.676,2,0,0.0001,5,0,63.0,0
ACC-11264,Enterprise,24,9,20248.92,741,414,0.5587,18.77,1.1364,0.7811,3,0,0.0001,3,0,76.0,0
ACC-11265,Enterprise,24,27,32702.78,703,528,0.7511,8.71,1.0528,0.7003,5,0,0.0001,2,0,,0
ACC-11266,Mid-Market,24,38,9749.86,73,67,0.9178,20.59,0.9379,0.591,1,0,0.0003,6,0,,0
ACC-11267,Mid-Market,12,39,4498.28,134,113,0.8433,21.3,0.9115,0.5815,7,0,0.0,5,0,-11.0,0
ACC-11268,Mid-Market,36,12,4331.29,130,88,0.6769,6.23,0.8179,0.79,5,0,0.0001,5,0,88.0,0
ACC-11269,Mid-Market,12,15,8929.99,32,22,0.6875,10.68,1.1648,0.5221,2,1,4.4995,3,0,,0
ACC-11270,SMB,12,13,1206.37,28,26,0.9286,12.52,0.6265,0.4518,2,0,0.0001,2,0,,0
ACC-11271,SMB,12,16,830.92,18,11,0.6111,6.63,1.3098,0.4605,10,1,0.9,3,0,31.0,0
ACC-11272,SMB,24,7,1387.23,6,4,0.6667,1.61,1.0351,0.811,2,0,0.0001,1,0,19.0,0
ACC-11273,Enterprise,12,12,25754.03,224,165,0.7366,18.77,0.8625,0.6894,8,0,0.0,6,0,38.0,0
ACC-11274,Mid-Market,12,18,9179.03,113,96,0.8496,9.72,1.0898,0.4268,3,0,0.0001,6,0,73.0,0
ACC-11275,Enterprise,12,27,20732.98,813,640,0.7872,13.5,0.9708,0.6844,5,0,0.0001,3,0,16.0,0
ACC-11276,Mid-Market,12,19,6751.63,94,81,0.8617,11.96,1.0993,0.7347,2,0,0.0001,1,0,,0
ACC-11277,SMB,24,14,1248.23,14,3,0.2143,8.37,0.8825,0.4884,4,0,0.0001,8,0,,0
ACC-11278,Enterprise,24,9,20821.99,923,641,0.6945,12.35,0.8991,0.4659,2,1,4.4995,3,0,,0
ACC-11279,Mid-Market,24,28,2814.87,50,25,0.5,9.8,0.7027,0.3326,4,0,0.0001,4,4,7.0,0
ACC-11280,Mid-Market,12,6,7371.88,122,67,0.5492,16.39,1.1898,0.6125,1,1,8.9976,5,0,43.0,0
ACC-11281,SMB,12,7,1489.71,18,13,0.7222,11.71,1.0553,0.6878,7,0,0.0,2,0,,0
ACC-11282,Mid-Market,36,23,7530.63,136,104,0.7647,14.68,0.9335,0.8565,3,0,0.0001,3,0,8.0,0
ACC-11283,Enterprise,12,25,12864.79,400,334,0.835,6.23,1.605,0.6137,3,1,2.9998,4,0,,0
ACC-11284,Mid-Market,24,3,4559.86,91,83,0.9121,11.02,0.7168,0.5456,0,1,30001.0,6,0,,0
ACC-11285,Mid-Market,12,14,3577.88,63,50,0.7937,23.69,0.6741,0.6975,3,0,0.0001,5,0,28.0,0
ACC-11286,Enterprise,36,4,29324.35,374,304,0.8128,24.49,0.9924,0.8823,4,2,4.4997,1,0,-1.0,1
ACC-11287,Mid-Market,12,15,8650.83,131,99,0.7557,12.53,0.9566,0.4702,4,0,0.0001,1,0,17.0,0
ACC-11288,Enterprise,12,13,14791.87,148,124,0.8378,23.38,0.7846,0.8318,1,0,0.0003,6,0,46.0,0
ACC-11289,Enterprise,24,34,23625.9,861,576,0.669,20.56,0.9396,0.4363,4,0,0.0001,2,0,52.0,0
ACC-11290,Mid-Market,24,21,9715.21,100,87,0.87,20.11,0.9893,0.5029,4,1,2.2499,3,0,-52.0,0
ACC-11291,Enterprise,12,21,42200.1,252,234,0.9286,8.22,0.9603,0.6874,4,0,0.0001,4,0,,0
ACC-11292,Mid-Market,24,31,3547.35,116,104,0.8966,15.24,0.7031,0.7816,1,0,0.0003,4,0,,0
ACC-11293,SMB,24,31,2008.75,8,6,0.75,8.66,0.7245,0.5817,2,0,0.0001,3,0,3.0,0
ACC-11294,SMB,12,18,1002.33,31,25,0.8065,6.36,1.8556,0.5754,4,1,2.2499,6,0,,0
ACC-11295,Mid-Market,12,11,4791.74,135,115,0.8519,11.94,0.6019,0.6073,4,0,0.0001,7,0,,0
ACC-11296,Enterprise,12,26,38219.32,785,718,0.9146,6.47,0.8661,0.8025,3,0,0.0001,6,0,-1.0,0
ACC-11297,Enterprise,12,26,11225.23,139,127,0.9137,10.18,0.8389,0.4091,2,0,0.0001,3,12,-2.0,0
ACC-11298,Mid-Market,24,23,4769.14,53,34,0.6415,2.39,1.0235,0.6075,2,1,4.4995,5,0,,0
ACC-11299,SMB,12,18,984.72,25,17,0.68,10.13,0.6541,0.6759,3,1,2.9998,3,4,37.0,0
ACC-11300,Enterprise,12,15,37101.16,128,102,0.7969,10.13,1.2061,0.7696,2,0,0.0001,7,0,55.0,0
ACC-11301,SMB,12,32,1391.49,24,17,0.7083,26.85,1.8611,0.8254,3,0,0.0001,1,0,7.0,0
ACC-11302,Enterprise,12,13,36625.67,750,500,0.6667,11.17,0.8717,0.9531,6,0,0.0,5,0,,0
ACC-11303,Mid-Market,12,11,4565.48,93,68,0.7312,10.88,1.6027,0.6545,3,0,0.0001,7,0,67.0,0
ACC-11304,SMB,12,14,522.66,15,10,0.6667,7.51,0.8897,0.5982,4,0,0.0001,4,0,30.0,0
ACC-11305,SMB,12,10,1048.57,17,12,0.7059,21.46,0.7713,0.3882,2,1,4.4995,6,0,,0
ACC-11306,SMB,36,26,1050.5,20,17,0.85,14.89,0.9356,0.4491,2,0,0.0001,4,0,34.0,0
ACC-11307,SMB,12,18,1835.02,27,12,0.4444,31.68,1.0034,0.8594,3,0,0.0001,6,16,34.0,0
ACC-11308,Mid-Market,24,5,8503.61,49,42,0.8571,16.7,1.3128,0.6932,5,1,1.8,2,0,99.0,0
ACC-11309,SMB,12,21,409.29,23,18,0.7826,11.06,1.0707,0.6633,4,0,0.0001,9,0,60.0,0
ACC-11310,Enterprise,12,15,13731.26,424,341,0.8042,13.23,1.3114,0.7641,5,0,0.0001,7,12,,0
ACC-11311,SMB,12,17,1654.93,10,9,0.9,12.56,0.6292,0.7028,2,0,0.0001,1,4,81.0,0
ACC-11312,Mid-Market,12,19,8329.38,122,105,0.8607,9.73,0.8735,0.8645,1,1,8.9976,1,0,,0
ACC-11313,SMB,36,12,792.7,10,8,0.8,11.97,1.6867,0.6617,6,2,2.9999,6,0,30.0,1
ACC-11314,Mid-Market,36,11,3194.68,51,30,0.5882,32.17,0.6605,0.7097,0,0,1.0,5,0,44.0,0
ACC-11315,Mid-Market,24,23,5999.15,142,123,0.8662,9.24,0.8668,0.7114,2,1,4.4995,3,0,31.0,0
ACC-11316,Mid-Market,24,8,9596.66,106,77,0.7264,9.85,0.9597,0.8968,2,0,0.0001,2,0,23.0,0
ACC-11317,SMB,12,9,1334.12,7,5,0.7143,14.52,0.8496,0.8623,2,0,0.0001,4,0,59.0,0
ACC-11318,Enterprise,12,10,14114.12,812,658,0.8103,7.8,0.889,0.5974,3,1,2.9998,4,0,,0
ACC-11319,Enterprise,36,28,8677.29,712,592,0.8315,9.24,0.7953,0.5372,4,2,4.4997,2,0,,1
ACC-11320,Mid-Market,24,32,7713.51,86,70,0.814,5.43,0.7184,0.6235,5,0,0.0001,5,36,,1
ACC-11321,Enterprise,24,10,29149.37,682,342,0.5015,9.51,0.9402,0.9546,3,1,2.9998,10,0,70.0,0
ACC-11322,SMB,12,9,874.61,11,10,0.9091,28.57,0.8146,0.7499,3,1,2.9998,5,0,,0
ACC-11323,Mid-Market,12,18,4158.81,89,72,0.809,12.34,1.2222,0.6391,2,0,0.0001,6,0,90.0,0
ACC-11324,SMB,36,15,1529.0,23,19,0.8261,13.11,0.9453,0.7566,3,2,5.9995,1,0,92.0,0
ACC-11325,Mid-Market,12,26,6809.27,130,115,0.8846,13.53,0.869,0.8205,2,0,0.0001,7,0,,0
ACC-11326,Enterprise,12,22,43323.31,743,591,0.7954,9.35,0.9284,0.3731,2,1,4.4995,1,0,,1
ACC-11327,SMB,12,40,1482.08,14,8,0.5714,16.78,0.7671,0.8499,6,1,1.5,1,0,,0
ACC-11328,SMB,24,10,2053.13,27,21,0.7778,5.96,1.4329,0.7856,4,1,2.2499,2,0,,0
ACC-11329,Mid-Market,12,26,6296.32,145,104,0.7172,17.21,0.6791,0.6568,1,0,0.0003,5,0,24.0,0
ACC-11330,Mid-Market,24,13,3361.92,120,46,0.3833,18.71,0.8052,0.3949,4,1,2.2499,6,0,-6.0,0
ACC-11331,SMB,12,9,1637.75,26,22,0.8462,8.98,1.154,0.6047,5,2,3.5998,3,0,33.0,1
ACC-11332,Mid-Market,24,13,3686.4,126,95,0.754,24.35,0.77,0.3365,2,1,4.4995,5,0,41.0,0
ACC-11333,SMB,24,14,846.46,24,17,0.7083,14.26,1.0565,0.7259,6,2,2.9999,1,8,14.0,1
ACC-11334,SMB,12,31,2099.62,25,16,0.64,10.6,1.0347,0.6866,3,0,0.0001,7,0,63.0,0
ACC-11335,SMB,24,6,1016.57,34,25,0.7353,8.17,0.7718,0.4573,2,0,0.0001,5,0,,0
ACC-11336,Enterprise,12,11,8594.11,179,142,0.7933,15.05,1.0156,0.663,6,0,0.0,4,0,17.0,0
ACC-11337,SMB,12,17,1341.67,25,19,0.76,6.53,1.2833,0.7321,3,0,0.0001,1,0,,0
ACC-11338,Enterprise,24,9,38974.93,488,329,0.6742,14.67,0.8442,0.7366,5,0,0.0001,7,0,80.0,0
ACC-11339,Enterprise,12,38,44730.8,435,407,0.9356,12.85,1.201,0.8233,5,0,0.0001,5,0,-3.0,0
ACC-11340,Mid-Market,12,41,3132.25,93,73,0.7849,5.94,0.7137,0.6473,3,1,2.9998,5,0,68.0,0
ACC-11341,Mid-Market,12,16,6308.91,49,34,0.6939,21.9,1.1155,0.4071,2,0,0.0001,0,0,14.0,0
ACC-11342,SMB,12,23,2139.21,20,14,0.7,10.89,1.2204,0.717,6,0,0.0,2,0,,0
ACC-11343,SMB,24,35,1938.8,21,14,0.6667,6.61,0.9606,0.6664,1,0,0.0003,2,0,66.0,0
ACC-11344,SMB,12,15,1074.16,14,12,0.8571,17.35,0.9893,0.6964,3,1,2.9998,6,0,-40.0,0
ACC-11345,Mid-Market,36,22,7537.41,81,46,0.5679,21.23,2.0701,0.7565,4,0,0.0001,4,0,30.0,0
ACC-11346,Mid-Market,36,8,4205.52,30,19,0.6333,8.58,1.1007,0.6934,2,0,0.0001,8,0,,0
ACC-11347,Mid-Market,12,5,7864.39,136,98,0.7206,17.63,1.5468,0.6673,2,0,0.0001,6,0,57.0,0
ACC-11348,SMB,12,27,1979.65,9,7,0.7778,31.47,1.2315,0.7638,3,0,0.0001,2,0,75.0,0
ACC-11349,Enterprise,24,16,30918.5,779,536,0.6881,7.53,1.0378,0.7015,3,0,0.0001,6,0,50.0,0
ACC-11350,SMB,12,40,2053.56,33,29,0.8788,23.28,0.9161,0.935,6,0,0.0,7,0,49.0,0
ACC-11351,Mid-Market,12,12,6213.94,74,67,0.9054,15.54,0.9148,0.5036,3,0,0.0001,1,0,23.0,0
ACC-11352,Mid-Market,12,7,3254.52,87,65,0.7471,13.5,0.8377,0.634,1,0,0.0003,7,0,1.0,0
ACC-11353,SMB,24,26,673.72,7,4,0.5714,12.79,0.9257,0.7548,6,0,0.0,2,0,40.0,0
ACC-11354,Mid-Market,24,39,9126.71,71,52,0.7324,14.93,1.4664,0.8664,7,0,0.0,0,0,62.0,0
ACC-11355,SMB,12,8,912.37,10,6,0.6,14.64,0.7813,0.6277,3,0,0.0001,2,0,6.0,0
ACC-11356,SMB,12,9,718.64,17,14,0.8235,14.65,0.9684,0.7228,6,0,0.0,4,0,19.0,0
ACC-11357,Mid-Market,36,34,5004.45,48,43,0.8958,14.9,1.038,0.7056,5,0,0.0001,2,0,52.0,0
ACC-11358,Mid-Market,24,47,2954.54,126,99,0.7857,25.03,0.6985,0.7536,3,0,0.0001,4,0,,0
ACC-11359,Mid-Market,24,22,5562.52,78,38,0.4872,12.88,1.1435,0.8415,3,0,0.0001,6,4,30.0,0
ACC-11360,SMB,24,11,2268.01,15,12,0.8,14.16,1.3134,0.9388,8,0,0.0,3,8,39.0,0
ACC-11361,Mid-Market,12,32,7884.62,149,111,0.745,12.0,1.4201,0.3963,3,0,0.0001,4,0,,0
ACC-11362,Mid-Market,24,14,9951.07,51,44,0.8627,22.9,0.8702,0.9111,2,0,0.0001,5,0,,0
ACC-11363,Mid-Market,12,11,2799.01,62,26,0.4194,11.29,2.9735,0.983,3,1,2.9998,0,0,17.0,0
ACC-11364,SMB,12,12,1298.2,11,8,0.7273,18.57,1.0301,0.8129,4,1,2.2499,1,0,57.0,0
ACC-11365,Enterprise,24,24,30395.04,787,577,0.7332,12.58,0.859,0.8391,3,0,0.0001,5,0,77.0,0
ACC-11366,SMB,12,17,470.21,12,8,0.6667,8.7,1.0244,0.763,5,0,0.0001,3,0,,0
ACC-11367,SMB,36,21,1545.51,7,6,0.8571,8.57,0.7189,0.3506,2,0,0.0001,2,0,,0
ACC-11368,Enterprise,12,26,25883.53,111,65,0.5856,5.67,0.9892,0.402,4,0,0.0001,2,0,,0
ACC-11369,Mid-Market,36,14,5775.86,38,25,0.6579,22.62,1.2571,0.9604,4,0,0.0001,6,0,33.0,0
ACC-11370,SMB,36,28,2241.66,25,20,0.8,8.39,1.6118,0.8259,1,0,0.0003,5,0,,0
ACC-11371,Enterprise,12,17,31327.36,212,193,0.9104,19.57,0.9832,0.5263,2,0,0.0001,1,0,32.0,0
ACC-11372,SMB,24,12,2040.07,34,24,0.7059,9.4,1.0401,0.5423,1,0,0.0003,5,0,51.0,0
ACC-11373,Mid-Market,12,6,8686.28,62,53,0.8548,3.69,1.7289,0.6826,5,0,0.0001,4,0,,0
ACC-11374,Mid-Market,36,14,7634.06,93,48,0.5161,9.42,1.3515,0.551,4,1,2.2499,3,0,,0
ACC-11375,SMB,12,36,728.41,21,16,0.7619,13.1,1.5325,0.4395,1,1,8.9976,6,0,,0
ACC-11376,Mid-Market,24,26,3614.5,123,89,0.7236,13.24,1.1594,0.6396,3,0,0.0001,2,0,29.0,0
ACC-11377,Mid-Market,12,21,7568.78,144,89,0.6181,16.24,1.2325,0.8994,3,1,2.9998,5,0,,0
ACC-11378,Mid-Market,12,8,8500.04,68,57,0.8382,12.33,0.9004,0.6771,5,1,1.8,3,0,48.0,0
ACC-11379,Mid-Market,12,12,8266.45,131,110,0.8397,6.43,1.1923,0.6808,4,1,2.2499,4,0,,0
ACC-11380,Enterprise,12,24,26958.33,786,514,0.6539,11.13,0.7975,0.5825,1,2,17.9949,7,0,17.0,1
ACC-11381,Mid-Market,24,27,9036.86,50,32,0.64,16.51,0.9601,0.6743,3,2,5.9995,3,0,,1
ACC-11382,SMB,24,26,1674.56,26,22,0.8462,12.91,1.1844,0.6714,7,1,1.2857,4,0,79.0,0
ACC-11383,Mid-Market,24,19,8375.94,92,66,0.7174,13.11,1.3766,0.5418,1,0,0.0003,4,0,,0
ACC-11384,SMB,12,10,464.05,10,9,0.9,23.34,1.1222,0.9272,0,1,30001.0,9,0,34.0,0
ACC-11385,Mid-Market,12,27,4720.52,121,77,0.6364,14.12,0.8634,0.6744,2,1,4.4995,2,0,,0
ACC-11386,SMB,12,12,1472.27,13,12,0.9231,10.17,1.2287,0.8296,3,1,2.9998,2,0,-20.0,0
ACC-11387,Enterprise,24,27,13071.89,123,99,0.8049,22.83,0.8503,0.4559,2,0,0.0001,3,0,,0
ACC-11388,SMB,36,14,2041.29,33,19,0.5758,9.17,0.853,0.7868,5,0,0.0001,2,0,,0
ACC-11389,Mid-Market,12,39,4623.43,81,44,0.5432,5.47,0.6458,0.7333,3,0,0.0001,4,0,,0
ACC-11390,Mid-Market,12,13,2201.02,42,22,0.5238,16.74,0.7085,0.9385,0,0,1.0,5,0,50.0,0
ACC-11391,Enterprise,12,13,37073.79,987,724,0.7335,14.96,1.1757,0.8523,3,0,0.0001,5,0,83.0,0
ACC-11392,Enterprise,24,16,33721.65,484,347,0.7169,18.14,1.4785,0.9512,4,1,2.2499,2,0,10.0,0
ACC-11393,Mid-Market,24,10,7996.77,65,52,0.8,28.63,0.9318,0.5579,3,1,2.9998,5,0,100.0,0
ACC-11394,Mid-Market,24,9,5322.52,65,55,0.8462,19.09,0.9211,0.8144,1,2,17.9949,4,0,,1
ACC-11395,SMB,12,10,1256.94,15,13,0.8667,11.72,0.8702,0.6442,4,0,0.0001,8,0,,0
ACC-11396,Mid-Market,24,33,7119.07,54,41,0.7593,17.41,0.9649,0.8725,3,2,5.9995,1,0,100.0,0
ACC-11397,Mid-Market,24,10,7751.5,96,60,0.625,19.19,1.0571,0.7999,6,0,0.0,4,0,,0
ACC-11398,Mid-Market,12,13,5851.88,142,64,0.4507,7.23,0.7591,0.3223,0,1,30001.0,3,0,12.0,0
ACC-11399,SMB,12,50,1025.65,29,25,0.8621,8.12,0.8036,0.5139,4,2,4.4997,7,0,-5.0,1
ACC-11400,Enterprise,12,28,39517.79,439,393,0.8952,14.51,0.998,0.5411,6,1,1.5,2,0,,0
ACC-11401,Enterprise,12,27,42876.83,777,748,0.9627,15.33,0.7231,0.7766,4,0,0.0001,3,0,,0
ACC-11402,Enterprise,24,46,44025.61,704,447,0.6349,31.81,1.0667,0.8725,3,1,2.9998,5,0,21.0,0
ACC-11403,SMB,12,16,1758.78,12,5,0.4167,10.43,0.7186,0.7023,6,0,0.0,5,16,,1
ACC-11404,SMB,24,5,818.51,29,17,0.5862,11.21,1.1769,0.7859,9,0,0.0,5,0,,0
ACC-11405,Mid-Market,24,26,5000.6,136,58,0.4265,14.39,1.2229,0.7499,1,0,0.0003,11,0,-0.0,0
ACC-11406,SMB,12,15,2198.0,12,7,0.5833,17.73,0.8905,0.727,4,1,2.2499,8,0,43.0,0
ACC-11407,SMB,24,50,1321.03,12,9,0.75,6.2,0.7851,0.894,3,1,2.9998,6,0,49.0,0
ACC-11408,Mid-Market,12,4,6634.81,66,48,0.7273,7.34,1.1689,0.5059,6,1,1.5,2,4,,0
ACC-11409,SMB,12,9,2206.39,8,5,0.625,7.25,1.6069,0.7025,3,0,0.0001,1,0,26.0,0
ACC-11410,Mid-Market,12,12,2944.96,99,35,0.3535,14.39,0.8872,0.7041,4,0,0.0001,5,0,13.0,0
ACC-11411,Enterprise,12,16,15459.66,217,167,0.7696,5.65,1.5309,0.3059,3,1,2.9998,10,0,100.0,0
ACC-11412,Mid-Market,12,7,4605.9,63,22,0.3492,22.9,0.9766,0.6135,2,1,4.4995,4,0,,0
ACC-11413,Enterprise,12,20,30878.16,603,447,0.7413,19.13,2.068,0.4243,1,0,0.0003,2,0,,0
ACC-11414,Mid-Market,12,11,6220.84,46,11,0.2391,6.01,0.8976,0.6604,2,0,0.0001,2,0,,0
ACC-11415,SMB,12,29,1332.23,18,16,0.8889,13.71,0.8775,0.7639,5,0,0.0001,2,0,44.0,0
ACC-11416,Enterprise,36,34,22353.25,288,224,0.7778,5.81,0.6552,0.4521,3,1,2.9998,5,0,,0
ACC-11417,Enterprise,12,14,18539.17,322,303,0.941,11.73,0.9015,0.7873,3,1,2.9998,3,0,18.0,0
ACC-11418,Mid-Market,24,22,3249.39,62,50,0.8065,16.89,0.9044,0.7757,4,0,0.0001,5,0,,0
ACC-11419,SMB,12,17,2128.23,10,9,0.9,14.47,1.0754,0.7132,0,0,1.0,0,0,38.0,0
ACC-11420,Mid-Market,24,16,3741.83,59,39,0.661,27.5,0.792,0.513,3,0,0.0001,3,0,8.0,0
ACC-11421,Mid-Market,12,7,3832.88,88,78,0.8864,7.78,1.154,0.3844,6,0,0.0,4,0,38.0,0
ACC-11422,Enterprise,36,15,10254.25,703,602,0.8563,16.62,1.3603,0.372,4,0,0.0001,5,0,20.0,0
ACC-11423,Enterprise,12,27,25868.85,572,407,0.7115,36.01,0.9668,0.711,4,1,2.2499,3,0,37.0,0
ACC-11424,SMB,24,21,916.94,18,10,0.5556,4.66,1.3271,0.7592,6,0,0.0,3,20,63.0,0
ACC-11425,SMB,12,9,723.45,23,18,0.7826,12.83,0.8109,0.6899,1,0,0.0003,4,0,73.0,0
ACC-11426,Enterprise,12,7,15645.35,758,339,0.4472,19.41,1.3156,0.7446,5,0,0.0001,7,0,20.0,0
ACC-11427,SMB,24,15,1710.04,29,21,0.7241,6.48,0.9764,0.5121,1,1,8.9976,3,0,,0
ACC-11428,Mid-Market,12,10,2473.98,130,103,0.7923,7.07,0.9471,0.528,3,0,0.0001,5,0,55.0,0
ACC-11429,SMB,12,11,601.38,31,15,0.4839,12.56,0.7792,0.4689,4,0,0.0001,5,0,2.0,0
ACC-11430,Mid-Market,12,11,9932.06,76,60,0.7895,24.46,0.6865,0.8502,3,2,5.9995,6,0,,1
ACC-11431,Mid-Market,24,17,4854.14,86,77,0.8953,13.74,0.5832,0.4275,4,1,2.2499,4,8,,0
ACC-11432,Mid-Market,36,23,3672.32,33,30,0.9091,13.93,0.6995,0.6137,2,1,4.4995,2,0,-27.0,0
ACC-11433,SMB,12,10,1499.79,6,5,0.8333,15.78,1.8177,0.7045,5,1,1.8,1,0,23.0,0
ACC-11434,Enterprise,24,10,30442.27,908,870,0.9581,18.51,0.9666,0.6765,4,1,2.2499,4,0,,0
ACC-11435,Enterprise,12,7,15542.38,293,258,0.8805,10.19,0.6701,0.8353,3,0,0.0001,5,0,18.0,0
ACC-11436,Mid-Market,12,18,4160.49,54,39,0.7222,13.61,1.8139,0.4462,2,1,4.4995,5,0,81.0,0
ACC-11437,SMB,36,27,950.12,12,9,0.75,21.47,0.7317,0.455,2,1,4.4995,3,0,80.0,0
ACC-11438,Mid-Market,24,15,4133.39,140,116,0.8286,27.47,1.2382,0.7586,4,0,0.0001,2,0,,0
ACC-11439,SMB,24,23,1210.68,32,27,0.8438,10.03,0.9441,0.6099,5,1,1.8,7,0,77.0,0
ACC-11440,SMB,12,31,1578.71,6,5,0.8333,8.67,0.6108,0.9166,1,0,0.0003,6,4,72.0,0
ACC-11441,Enterprise,12,19,27129.44,519,452,0.8709,23.59,1.5873,0.6679,3,0,0.0001,6,0,18.0,0
ACC-11442,SMB,12,9,570.58,13,11,0.8462,11.22,0.7427,0.7555,2,0,0.0001,0,8,68.0,0
ACC-11443,Mid-Market,12,9,4810.14,134,77,0.5746,20.5,1.0501,0.5677,3,0,0.0001,2,0,53.0,0
ACC-11444,SMB,12,10,1955.01,28,18,0.6429,11.74,1.0751,0.9088,1,0,0.0003,3,0,45.0,0
ACC-11445,Enterprise,24,42,15662.13,837,680,0.8124,6.09,0.7458,0.6515,3,0,0.0001,5,0,60.0,0
ACC-11446,SMB,24,49,1830.13,15,13,0.8667,16.9,0.9605,0.2579,4,0,0.0001,1,4,39.0,0
ACC-11447,SMB,12,13,2136.77,7,6,0.8571,9.75,0.8733,0.7464,2,0,0.0001,3,0,26.0,0
ACC-11448,SMB,12,30,712.79,17,13,0.7647,28.41,0.9897,0.703,3,0,0.0001,2,0,-4.0,0
ACC-11449,SMB,24,33,1243.58,20,14,0.7,14.9,0.849,0.5864,1,0,0.0003,1,0,31.0,0
ACC-11450,Mid-Market,12,7,5776.62,84,50,0.5952,9.93,0.809,0.8055,1,1,8.9976,3,0,-3.0,0
ACC-11451,Mid-Market,24,41,7055.67,111,95,0.8559,6.23,1.9579,0.8367,0,0,1.0,4,0,-2.0,0
ACC-11452,SMB,12,14,1630.27,7,6,0.8571,11.53,0.5827,0.8022,4,0,0.0001,6,0,,0
ACC-11453,Mid-Market,12,14,3513.2,45,36,0.8,2.48,0.7363,0.8606,5,0,0.0001,2,0,6.0,0
ACC-11454,Enterprise,36,8,44689.53,570,469,0.8228,16.89,1.1718,0.4438,1,0,0.0003,10,0,39.0,0
ACC-11455,SMB,12,42,1378.31,30,25,0.8333,13.18,1.0329,0.3961,4,1,2.2499,4,0,20.0,0
ACC-11456,SMB,12,17,1269.27,10,6,0.6,16.92,0.8331,0.7839,3,0,0.0001,2,0,93.0,0
ACC-11457,SMB,12,40,879.32,10,7,0.7,3.49,0.7576,0.8745,4,0,0.0001,2,0,4.0,0
ACC-11458,Mid-Market,36,32,3654.29,130,104,0.8,27.32,1.1034,0.6044,3,0,0.0001,2,0,-9.0,0
ACC-11459,SMB,24,13,2243.65,25,20,0.8,12.83,1.1857,0.8057,5,0,0.0001,4,0,,0
ACC-11460,Mid-Market,12,18,9446.3,121,76,0.6281,11.54,1.1145,0.6471,1,0,0.0003,1,0,,0
ACC-11461,SMB,12,11,2024.27,18,10,0.5556,5.32,1.1604,0.3127,2,0,0.0001,0,0,,0
ACC-11462,Enterprise,24,12,36791.96,963,346,0.3593,7.33,1.2586,0.768,5,0,0.0001,6,0,,0
ACC-11463,SMB,12,21,1788.62,29,24,0.8276,9.41,1.7749,0.4827,2,0,0.0001,2,0,30.0,0
ACC-11464,SMB,24,25,542.23,11,8,0.7273,21.33,0.9937,0.401,6,1,1.5,4,4,88.0,0
ACC-11465,Enterprise,12,5,26781.7,115,92,0.8,11.86,0.8007,0.7126,5,1,1.8,3,0,-11.0,0
ACC-11466,SMB,12,5,1545.64,15,13,0.8667,22.61,0.8892,0.6087,5,0,0.0001,5,0,35.0,0
ACC-11467,Mid-Market,24,12,8750.42,85,73,0.8588,4.69,0.9524,0.7955,4,0,0.0001,3,0,28.0,0
ACC-11468,SMB,12,19,2394.34,29,13,0.4483,16.59,0.623,0.866,2,0,0.0001,4,0,,0
ACC-11469,SMB,24,33,1631.76,28,21,0.75,11.73,0.7008,0.9006,2,3,13.4981,5,0,44.0,0
ACC-11470,Mid-Market,12,17,9887.13,119,78,0.6555,31.02,0.6105,0.577,3,0,0.0001,7,0,,0
ACC-11471,SMB,12,14,2185.98,20,17,0.85,7.2,0.8521,0.6536,4,0,0.0001,6,0,32.0,0
ACC-11472,SMB,36,23,1747.76,10,7,0.7,11.75,1.2279,0.6506,3,0,0.0001,6,0,47.0,0
ACC-11473,Mid-Market,12,9,4508.19,149,113,0.7584,4.97,1.008,0.7646,5,0,0.0001,5,0,43.0,0
ACC-11474,Mid-Market,24,17,7460.8,102,86,0.8431,11.83,0.5754,0.8925,6,0,0.0,6,8,16.0,0
ACC-11475,SMB,12,15,1895.75,12,6,0.5,23.0,1.2567,0.8356,3,1,2.9998,4,0,,0
ACC-11476,SMB,24,18,792.32,13,10,0.7692,15.94,0.7408,0.6732,5,0,0.0001,1,0,7.0,0
ACC-11477,SMB,24,31,1512.37,29,16,0.5517,5.95,1.1618,0.5191,3,2,5.9995,10,0,54.0,0
ACC-11478,SMB,12,5,1217.7,29,24,0.8276,7.96,1.2466,0.5302,3,0,0.0001,5,0,,0
ACC-11479,Mid-Market,24,16,3738.94,144,137,0.9514,8.04,0.8136,0.564,3,0,0.0001,5,0,65.0,0
ACC-11480,SMB,24,25,2008.83,32,28,0.875,4.83,0.7699,0.7815,2,1,4.4995,5,0,,0
ACC-11481,Enterprise,12,22,18015.47,282,217,0.7695,14.7,0.9788,0.6103,6,0,0.0,5,0,,0
ACC-11482,Mid-Market,24,6,4671.94,95,49,0.5158,5.7,1.4618,0.8606,1,1,8.9976,0,0,63.0,0
ACC-11483,Enterprise,24,5,19559.96,871,691,0.7933,25.16,0.8619,0.5743,4,0,0.0001,2,0,37.0,0
ACC-11484,Mid-Market,12,24,2099.49,145,84,0.5793,13.33,0.9717,0.6526,3,0,0.0001,5,0,25.0,0
ACC-11485,Mid-Market,12,6,5187.85,95,81,0.8526,17.92,1.5928,0.8539,0,0,1.0,3,0,33.0,0
ACC-11486,Mid-Market,12,18,7003.48,124,50,0.4032,21.23,1.0696,0.7669,4,1,2.2499,4,0,33.0,0
ACC-11487,SMB,12,30,2309.52,27,15,0.5556,3.99,0.8387,0.7885,2,0,0.0001,3,0,68.0,0
ACC-11488,Mid-Market,24,6,2488.29,80,69,0.8625,12.56,1.0726,0.5776,4,0,0.0001,3,0,,0
ACC-11489,Mid-Market,12,40,4432.93,54,29,0.537,24.15,1.2523,0.7379,2,0,0.0001,4,0,40.0,0
ACC-11490,Mid-Market,36,24,9177.56,141,88,0.6241,10.55,0.7734,0.5811,0,0,1.0,3,0,71.0,0
ACC-11491,Mid-Market,12,60,3640.41,85,42,0.4941,29.06,0.9628,0.8103,1,1,8.9976,5,0,50.0,0
ACC-11492,Mid-Market,12,12,7848.09,84,65,0.7738,8.12,0.7078,0.8735,13,1,0.6923,3,0,35.0,0
ACC-11493,Enterprise,24,34,25163.92,559,474,0.8479,18.16,0.8351,0.564,2,0,0.0001,4,28,46.0,0
ACC-11494,Mid-Market,12,13,4864.5,59,32,0.5424,12.45,0.629,0.8523,6,0,0.0,7,0,45.0,0
ACC-11495,SMB,12,17,2337.6,14,8,0.5714,13.08,1.0225,0.7181,3,0,0.0001,6,0,,0
ACC-11496,Mid-Market,12,11,6373.65,69,57,0.8261,19.15,1.1222,0.7864,3,0,0.0001,1,0,-33.0,0
ACC-11497,Mid-Market,12,16,2152.18,44,41,0.9318,15.6,0.8833,0.6733,3,1,2.9998,6,0,-18.0,0
ACC-11498,Mid-Market,12,28,3021.53,88,73,0.8295,12.89,1.1449,0.6578,3,1,2.9998,2,0,,0
ACC-11499,SMB,36,41,1453.14,29,17,0.5862,8.87,0.9572,0.8612,4,0,0.0001,3,0,-7.0,0
ACC-11500,Mid-Market,12,10,9649.7,80,78,0.975,11.36,1.2553,0.5883,4,1,2.2499,5,0,86.0,0
ACC-11501,Mid-Market,24,18,3728.1,32,14,0.4375,15.19,0.8692,0.7822,4,0,0.0001,6,0,32.0,0
ACC-11502,Enterprise,24,12,34901.07,603,439,0.728,12.15,0.98,0.6195,5,0,0.0001,3,0,16.0,0
ACC-11503,Mid-Market,12,19,8022.68,93,66,0.7097,13.27,1.0448,0.8724,4,0,0.0001,5,0,,0
ACC-11504,Mid-Market,12,30,2167.53,124,117,0.9435,6.98,0.9314,0.6092,1,0,0.0003,5,0,100.0,0
ACC-11505,Mid-Market,24,12,2807.55,113,63,0.5575,10.22,1.4814,0.6626,8,0,0.0,4,0,31.0,0
ACC-11506,Mid-Market,24,21,7018.72,50,37,0.74,9.63,1.3187,0.651,1,0,0.0003,6,0,-25.0,0
ACC-11507,Mid-Market,12,9,6664.8,129,80,0.6202,22.43,0.7829,0.8495,1,0,0.0003,2,0,-47.0,0
ACC-11508,Mid-Market,12,31,8656.22,77,68,0.8831,2.76,0.9441,0.7948,3,1,2.9998,2,0,46.0,0
ACC-11509,SMB,12,26,1377.47,13,11,0.8462,11.33,1.0787,0.4064,5,2,3.5998,5,0,,1
ACC-11510,SMB,12,10,1227.49,17,15,0.8824,10.47,1.6115,0.4832,4,0,0.0001,4,0,,0
ACC-11511,SMB,24,10,1895.22,14,11,0.7857,9.83,0.8477,0.7407,2,0,0.0001,2,0,-17.0,0
ACC-11512,SMB,24,35,873.69,10,7,0.7,15.65,1.1849,0.8513,4,0,0.0001,5,0,68.0,0
ACC-11513,Enterprise,12,47,28901.75,550,425,0.7727,18.53,1.3685,0.6558,7,0,0.0,1,0,53.0,0
ACC-11514,Enterprise,24,11,40811.73,283,256,0.9046,9.83,1.6254,0.5188,6,0,0.0,1,0,,0
ACC-11515,Enterprise,24,28,12547.0,667,359,0.5382,14.15,1.011,0.5686,0,1,30001.0,2,0,71.0,0
ACC-11516,Mid-Market,12,13,4200.19,138,112,0.8116,6.53,0.8011,0.7281,2,0,0.0001,9,0,-3.0,0
ACC-11517,SMB,12,35,1343.07,17,7,0.4118,25.39,0.9077,0.5314,2,0,0.0001,6,0,,0
ACC-11518,Mid-Market,24,14,8343.88,57,31,0.5439,21.09,1.1137,0.6551,3,0,0.0001,2,0,26.0,0
ACC-11519,SMB,24,24,1590.07,27,22,0.8148,15.75,0.875,0.7586,5,0,0.0001,3,0,,0
ACC-11520,Enterprise,24,18,8828.69,758,412,0.5435,11.26,0.9313,0.5892,4,1,2.2499,4,0,,0
ACC-11521,SMB,12,4,2346.75,13,8,0.6154,15.3,1.0276,0.6402,3,0,0.0001,5,0,26.0,0
ACC-11522,Mid-Market,12,10,4070.05,63,45,0.7143,11.72,0.7339,0.546,5,0,0.0001,0,0,-10.0,0
ACC-11523,Enterprise,12,24,33434.47,888,704,0.7928,20.42,0.7127,0.7101,4,0,0.0001,2,0,66.0,0
ACC-11524,Mid-Market,24,23,3979.73,70,64,0.9143,7.0,1.0219,0.7289,2,1,4.4995,3,0,0.0,0
ACC-11525,Mid-Market,24,19,4729.05,72,62,0.8611,11.5,1.1642,0.6644,2,0,0.0001,4,0,25.0,0
ACC-11526,Mid-Market,12,41,9893.29,101,84,0.8317,18.67,0.9752,0.8844,8,0,0.0,5,0,28.0,0
ACC-11527,Mid-Market,24,27,3289.46,67,54,0.806,11.41,1.3768,0.772,9,0,0.0,3,0,,0
ACC-11528,SMB,24,25,761.89,27,16,0.5926,11.36,1.0519,0.9583,3,0,0.0001,3,0,54.0,0
ACC-11529,Mid-Market,24,4,6719.62,98,73,0.7449,9.46,0.9538,0.8856,3,0,0.0001,2,0,39.0,0
ACC-11530,Mid-Market,36,27,7896.86,123,63,0.5122,11.07,1.1564,0.8826,2,0,0.0001,4,0,8.0,0
ACC-11531,Mid-Market,12,6,5269.36,89,84,0.9438,15.06,0.8118,0.8155,0,1,30001.0,5,0,7.0,0
ACC-11532,SMB,36,16,1089.35,6,4,0.6667,34.05,0.917,0.6815,6,0,0.0,3,0,7.0,0
ACC-11533,Mid-Market,12,6,9226.62,73,54,0.7397,13.21,0.8227,0.6434,0,0,1.0,2,0,58.0,0
ACC-11534,Mid-Market,12,22,2904.11,135,113,0.837,18.03,0.6232,0.5407,4,0,0.0001,3,0,,0
ACC-11535,Enterprise,24,31,32130.37,586,482,0.8225,26.24,0.7618,0.8463,2,0,0.0001,4,0,12.0,0
ACC-11536,Enterprise,36,16,36148.06,991,956,0.9647,20.27,1.6838,0.4539,5,0,0.0001,3,0,,0
ACC-11537,SMB,12,16,432.92,16,12,0.75,9.19,1.4378,0.7148,5,1,1.8,2,0,78.0,0
ACC-11538,Enterprise,24,9,35661.9,491,405,0.8248,23.29,1.1196,0.6966,2,1,4.4995,2,0,76.0,0
ACC-11539,Mid-Market,24,30,2681.84,105,69,0.6571,17.63,1.0546,0.9655,4,1,2.2499,7,0,,0
ACC-11540,SMB,24,6,535.78,6,5,0.8333,8.5,0.9145,0.6373,2,0,0.0001,4,0,,0
ACC-11541,Enterprise,12,18,30604.7,775,665,0.8581,13.59,1.1379,0.2242,1,0,0.0003,12,4,13.0,0
ACC-11542,Mid-Market,24,16,6885.05,114,84,0.7368,31.44,1.4465,0.6131,9,0,0.0,1,0,34.0,0
ACC-11543,Mid-Market,12,21,4544.48,86,63,0.7326,37.14,0.8154,0.5936,5,0,0.0001,1,0,42.0,0
ACC-11544,SMB,12,26,2293.07,30,26,0.8667,13.04,1.0621,0.4174,4,0,0.0001,6,0,44.0,0
ACC-11545,Mid-Market,12,15,4591.33,76,62,0.8158,16.3,1.7678,0.5949,5,0,0.0001,5,0,28.0,0
ACC-11546,SMB,12,28,2321.58,17,15,0.8824,13.44,0.8272,0.8645,2,0,0.0001,5,0,31.0,0
ACC-11547,Mid-Market,36,16,3973.42,63,40,0.6349,22.54,1.475,0.8613,3,0,0.0001,1,0,43.0,0
ACC-11548,Enterprise,12,20,40545.43,438,277,0.6324,10.53,1.449,0.8315,6,0,0.0,4,0,60.0,0
ACC-11549,Mid-Market,36,8,5478.41,52,19,0.3654,9.48,0.8116,0.801,4,0,0.0001,3,0,63.0,0
ACC-11550,SMB,12,13,2115.38,6,5,0.8333,20.01,1.3469,0.6837,4,0,0.0001,6,0,-16.0,0
ACC-11551,Mid-Market,24,6,6388.25,107,71,0.6636,14.15,0.7343,0.6477,4,0,0.0001,4,0,35.0,0
ACC-11552,SMB,24,17,1562.24,29,26,0.8966,4.28,0.7749,0.8575,1,0,0.0003,2,0,28.0,0
ACC-11553,SMB,24,25,410.1,32,28,0.875,6.86,1.454,0.3408,5,1,1.8,1,0,19.0,0
ACC-11554,Mid-Market,24,15,7532.86,34,25,0.7353,21.89,1.2416,0.5585,3,1,2.9998,5,0,3.0,0
ACC-11555,Mid-Market,24,16,5242.76,107,78,0.729,21.36,1.2051,0.9126,5,0,0.0001,2,0,,0
ACC-11556,Mid-Market,24,21,9239.45,69,47,0.6812,9.49,1.0338,0.4433,5,1,1.8,2,0,20.0,0
ACC-11557,Mid-Market,24,22,2772.58,124,77,0.621,11.86,0.8032,0.6773,3,0,0.0001,3,0,14.0,0
ACC-11558,SMB,12,5,1005.59,12,8,0.6667,20.98,0.7719,0.7105,3,0,0.0001,2,0,5.0,0
ACC-11559,SMB,24,11,1200.87,10,8,0.8,16.22,0.9497,0.6084,1,2,17.9949,6,0,67.0,0
ACC-11560,Mid-Market,12,6,8581.83,72,53,0.7361,19.82,0.9296,0.5942,6,1,1.5,2,0,54.0,0
ACC-11561,Mid-Market,12,13,4493.76,69,57,0.8261,22.15,1.0913,0.7799,1,0,0.0003,5,0,21.0,0
ACC-11562,SMB,24,37,603.39,28,23,0.8214,14.12,0.8211,0.567,6,0,0.0,4,0,35.0,0
ACC-11563,Mid-Market,12,25,2863.92,59,45,0.7627,16.96,0.9783,0.7784,1,0,0.0003,3,0,,0
ACC-11564,SMB,24,16,1297.63,16,8,0.5,6.87,1.4179,0.6125,6,0,0.0,3,0,31.0,0
ACC-11565,Mid-Market,12,43,2775.58,34,18,0.5294,11.86,0.8063,0.5184,3,0,0.0001,2,0,,0
ACC-11566,SMB,12,20,2159.55,31,23,0.7419,19.01,1.1054,0.7914,2,1,4.4995,1,0,13.0,0
ACC-11567,Enterprise,12,56,18038.63,144,104,0.7222,14.1,1.2153,0.6515,7,2,2.5714,1,0,,1
ACC-11568,Mid-Market,12,18,5731.79,57,53,0.9298,15.49,0.926,0.8099,2,0,0.0001,2,0,10.0,0
ACC-11569,Mid-Market,24,11,6072.49,137,110,0.8029,8.7,0.6505,0.8952,1,0,0.0003,3,0,12.0,0
ACC-11570,Mid-Market,12,8,2747.15,34,15,0.4412,20.56,0.999,0.7812,0,1,30001.0,5,0,46.0,0
ACC-11571,Enterprise,12,24,10152.25,940,593,0.6309,6.78,0.8477,0.5559,4,0,0.0001,3,0,66.0,0
ACC-11572,SMB,12,13,1381.69,31,26,0.8387,13.29,1.171,0.9042,5,1,1.8,9,0,68.0,0
ACC-11573,SMB,12,18,726.55,28,20,0.7143,7.7,0.6715,0.8393,4,1,2.2499,5,0,43.0,0
ACC-11574,Mid-Market,24,22,9107.71,125,80,0.64,22.27,0.8802,0.7606,2,1,4.4995,8,0,74.0,0
ACC-11575,Enterprise,12,10,10291.05,319,192,0.6019,17.09,0.7635,0.7708,0,0,1.0,4,0,38.0,0
ACC-11576,Enterprise,24,19,19887.99,711,401,0.564,12.31,0.7885,0.6641,3,0,0.0001,2,0,45.0,0
ACC-11577,Mid-Market,36,15,7770.82,37,28,0.7568,19.83,0.8525,0.5366,3,0,0.0001,4,0,13.0,0
ACC-11578,Mid-Market,24,6,5789.71,102,81,0.7941,9.76,1.1093,0.8585,2,0,0.0001,2,0,43.0,0
ACC-11579,Mid-Market,24,22,6905.32,72,60,0.8333,17.77,1.0953,0.8933,3,2,5.9995,6,0,100.0,0
ACC-11580,Mid-Market,12,24,3077.63,85,32,0.3765,12.64,1.0369,0.4624,3,2,5.9995,5,0,5.0,1
ACC-11581,Mid-Market,12,33,7986.85,49,46,0.9388,18.09,0.722,0.7363,5,0,0.0001,2,0,8.0,0
ACC-11582,Mid-Market,24,8,2485.31,48,32,0.6667,23.49,1.0907,0.9026,5,1,1.8,2,0,-0.0,0
ACC-11583,Mid-Market,24,48,9522.72,46,20,0.4348,25.12,1.0824,0.4662,5,0,0.0001,3,0,25.0,0
ACC-11584,SMB,24,10,718.58,10,8,0.8,3.87,0.999,0.5015,2,0,0.0001,6,0,-5.0,0
ACC-11585,Enterprise,24,4,28208.58,437,350,0.8009,19.94,1.3123,0.7008,2,0,0.0001,5,0,27.0,0
ACC-11586,SMB,12,17,2467.47,30,19,0.6333,2.63,0.8992,0.729,5,1,1.8,5,0,16.0,0
ACC-11587,Mid-Market,12,21,4679.5,110,60,0.5455,8.63,0.7238,0.3359,3,0,0.0001,2,0,,0
ACC-11588,Mid-Market,24,15,7259.36,65,50,0.7692,14.3,1.0365,0.7438,4,2,4.4997,3,0,60.0,0
ACC-11589,SMB,24,8,1627.74,31,23,0.7419,12.48,0.9998,0.5723,5,0,0.0001,5,0,,0
ACC-11590,SMB,12,12,1148.09,28,18,0.6429,11.98,0.7729,0.7123,5,0,0.0001,5,0,45.0,0
ACC-11591,SMB,24,20,2329.46,31,24,0.7742,10.97,0.8317,0.4021,2,0,0.0001,3,0,44.0,0
ACC-11592,Enterprise,12,52,17270.76,939,752,0.8009,15.64,0.7199,0.4263,4,0,0.0001,5,0,,0
ACC-11593,Enterprise,12,8,23457.25,958,751,0.7839,20.66,0.9794,0.551,6,1,1.5,6,0,35.0,0
ACC-11594,SMB,24,11,1628.06,14,11,0.7857,16.67,0.9858,0.6482,2,0,0.0001,2,0,,0
ACC-11595,Mid-Market,24,7,7264.61,62,48,0.7742,10.71,0.7819,0.4063,4,0,0.0001,3,4,,0
ACC-11596,Mid-Market,12,13,6318.63,49,29,0.5918,16.4,1.1895,0.8355,3,2,5.9995,3,0,51.0,0
ACC-11597,Enterprise,12,16,10998.75,896,642,0.7165,7.15,0.6521,0.6039,4,1,2.2499,4,0,,0
ACC-11598,Enterprise,12,29,39105.73,776,664,0.8557,7.26,0.902,0.721,1,1,8.9976,5,0,10.0,0
ACC-11599,SMB,24,20,1946.59,30,21,0.7,10.13,0.7082,0.5543,4,2,4.4997,6,0,47.0,1
ACC-11600,Enterprise,12,36,13026.43,699,397,0.568,28.25,0.9852,0.5705,0,1,30001.0,2,0,,0
ACC-11601,Mid-Market,24,16,9241.37,95,84,0.8842,33.35,0.6795,0.9253,2,0,0.0001,6,0,79.0,0
ACC-11602,Mid-Market,36,2,9375.72,139,128,0.9209,12.19,1.3943,0.9213,5,0,0.0001,4,0,23.0,0
ACC-11603,Mid-Market,24,21,9289.81,86,42,0.4884,24.4,0.8728,0.4918,6,1,1.5,8,0,70.0,0
ACC-11604,Enterprise,12,5,35163.87,712,583,0.8188,15.69,1.4548,0.7891,5,0,0.0001,1,0,,0
ACC-11605,Mid-Market,24,28,2409.42,43,35,0.814,21.01,0.965,0.3847,3,0,0.0001,2,0,,0
ACC-11606,Enterprise,12,16,12958.77,172,116,0.6744,10.01,0.9681,0.7429,3,0,0.0001,5,0,-1.0,0
ACC-11607,SMB,12,11,1519.7,15,12,0.8,36.09,0.846,0.424,6,1,1.5,8,0,,0
ACC-11608,Mid-Market,12,7,9591.05,137,116,0.8467,17.63,0.8595,0.7511,1,0,0.0003,5,0,35.0,0
ACC-11609,Mid-Market,12,12,6936.04,77,70,0.9091,14.66,0.9693,0.3533,4,0,0.0001,6,0,-3.0,0
ACC-11610,SMB,36,16,2218.73,22,15,0.6818,26.97,0.8571,0.8531,1,0,0.0003,1,0,44.0,0
ACC-11611,SMB,12,44,2057.34,22,9,0.4091,3.9,0.8912,0.6092,6,0,0.0,4,0,,0
ACC-11612,Mid-Market,12,15,2612.93,36,26,0.7222,16.13,0.9315,0.8343,2,0,0.0001,3,8,,0
ACC-11613,Mid-Market,36,19,6223.4,72,57,0.7917,8.66,0.9503,0.8485,3,0,0.0001,4,0,,0
ACC-11614,Mid-Market,12,15,3614.46,129,128,0.9922,12.52,1.7389,0.7524,5,1,1.8,7,0,,0
ACC-11615,SMB,24,19,2021.95,27,23,0.8519,5.55,0.8272,0.8243,5,1,1.8,7,4,52.0,0
ACC-11616,SMB,12,18,1070.38,34,31,0.9118,7.11,0.705,0.6235,5,0,0.0001,6,0,,0
ACC-11617,SMB,12,16,870.17,29,26,0.8966,15.47,0.8554,0.7218,4,0,0.0001,4,0,56.0,0
ACC-11618,Mid-Market,36,11,8509.04,105,65,0.619,12.42,0.9239,0.8519,4,0,0.0001,7,0,,0
ACC-11619,SMB,12,24,2490.55,12,11,0.9167,13.13,0.6912,0.6394,2,0,0.0001,1,0,,0
ACC-11620,Mid-Market,24,8,2312.78,146,103,0.7055,24.29,0.9343,0.685,4,1,2.2499,4,0,26.0,0
ACC-11621,Enterprise,12,22,33600.45,544,484,0.8897,14.82,0.8989,0.7802,6,2,2.9999,0,0,56.0,1
ACC-11622,Mid-Market,12,25,9533.63,99,97,0.9798,9.31,0.5849,0.7,2,0,0.0001,9,0,,0
ACC-11623,SMB,12,4,2164.58,10,6,0.6,14.3,1.2192,0.5509,3,0,0.0001,5,0,,0
ACC-11624,Enterprise,12,8,34086.43,785,478,0.6089,10.04,0.8833,0.9155,2,0,0.0001,4,0,50.0,0
ACC-11625,SMB,12,5,1905.06,11,9,0.8182,21.8,0.7427,0.3731,0,1,30001.0,5,0,26.0,1
ACC-11626,Mid-Market,24,33,8007.24,124,106,0.8548,11.32,0.9199,0.4033,5,0,0.0001,3,0,,0
ACC-11627,Mid-Market,12,12,4526.38,77,56,0.7273,13.97,1.02,0.4113,7,0,0.0,5,0,30.0,0
ACC-11628,Enterprise,12,32,31826.01,105,85,0.8095,16.68,1.0196,0.7667,6,1,1.5,5,0,84.0,0
ACC-11629,Mid-Market,12,13,5827.94,130,103,0.7923,13.75,0.9143,0.4235,3,0,0.0001,5,0,-11.0,0
ACC-11630,SMB,36,8,2258.46,12,10,0.8333,7.92,1.0993,0.8189,3,0,0.0001,4,12,,0
ACC-11631,Mid-Market,36,10,3597.74,31,10,0.3226,14.18,1.0127,0.7037,3,0,0.0001,8,0,29.0,0
ACC-11632,SMB,24,18,1737.61,11,11,1.0,22.99,0.7709,0.4207,4,1,2.2499,7,4,,0
ACC-11633,SMB,24,24,1271.4,8,5,0.625,12.4,2.1328,0.5508,3,0,0.0001,6,0,-5.0,0
ACC-11634,SMB,12,17,421.8,13,11,0.8462,21.01,0.8778,0.7764,2,1,4.4995,4,0,,0
ACC-11635,Mid-Market,12,28,8298.93,104,93,0.8942,24.34,1.3175,0.606,4,0,0.0001,4,0,-30.0,0
ACC-11636,Mid-Market,24,15,4212.35,144,114,0.7917,9.81,0.8606,0.5608,4,1,2.2499,5,0,16.0,0
ACC-11637,Enterprise,24,16,13261.47,865,551,0.637,19.64,0.886,0.5612,5,2,3.5998,7,0,63.0,0
ACC-11638,SMB,12,10,488.53,11,8,0.7273,12.05,0.8729,0.7382,2,1,4.4995,3,0,54.0,0
ACC-11639,SMB,12,9,774.35,27,26,0.963,5.47,0.7898,0.6238,1,0,0.0003,5,0,11.0,0
ACC-11640,Mid-Market,36,25,3799.73,114,72,0.6316,10.1,1.144,0.519,1,1,8.9976,1,0,64.0,0
ACC-11641,SMB,24,8,584.07,18,7,0.3889,21.81,0.8801,0.3475,3,1,2.9998,6,0,,0
ACC-11642,Mid-Market,12,13,2913.25,142,47,0.331,5.3,0.8245,0.6787,2,0,0.0001,1,0,,0
ACC-11643,Mid-Market,24,26,7617.85,106,79,0.7453,18.0,0.7266,0.5867,4,0,0.0001,5,20,51.0,0
ACC-11644,Enterprise,12,5,33491.75,451,293,0.6497,18.88,0.9356,0.8278,5,0,0.0001,4,0,54.0,0
ACC-11645,SMB,12,33,736.95,30,17,0.5667,24.8,1.066,0.8761,1,3,26.9922,4,0,43.0,1
ACC-11646,Enterprise,12,9,15228.72,549,441,0.8033,15.54,1.6191,0.6157,1,0,0.0003,4,0,,0
ACC-11647,SMB,12,33,1062.86,33,30,0.9091,13.55,0.7734,0.6001,6,1,1.5,3,0,-4.0,0
ACC-11648,SMB,12,8,794.65,29,24,0.8276,22.57,0.9094,0.525,3,0,0.0001,2,0,19.0,0
ACC-11649,SMB,24,25,689.76,25,21,0.84,10.2,1.5345,0.5074,4,0,0.0001,0,4,-29.0,0
ACC-11650,Enterprise,12,12,31662.24,628,448,0.7134,5.83,1.0339,0.5905,0,0,1.0,1,0,,0
ACC-11651,Mid-Market,24,45,5779.44,56,46,0.8214,17.12,0.9001,0.9396,3,2,5.9995,2,0,84.0,0
ACC-11652,Mid-Market,12,14,9024.55,136,125,0.9191,5.09,1.4697,0.9658,2,0,0.0001,7,4,,0
ACC-11653,Mid-Market,12,7,3763.79,107,59,0.5514,3.07,0.883,0.8248,4,1,2.2499,3,0,3.0,0
ACC-11654,Enterprise,24,22,30790.27,419,330,0.7876,5.84,0.8249,0.6307,2,0,0.0001,1,0,23.0,0
ACC-11655,SMB,24,12,1160.72,27,22,0.8148,26.95,0.9851,0.6892,0,0,1.0,3,0,,0
ACC-11656,Mid-Market,36,23,7959.2,88,64,0.7273,9.95,0.7291,0.715,5,0,0.0001,1,0,35.0,0
ACC-11657,Mid-Market,36,33,6443.9,58,54,0.931,40.02,1.4977,0.7546,2,0,0.0001,6,0,85.0,0
ACC-11658,Mid-Market,12,26,7012.76,67,44,0.6567,15.19,0.957,0.7896,3,0,0.0001,6,20,,1
ACC-11659,Mid-Market,12,5,8576.52,61,55,0.9016,21.67,1.0685,0.9791,7,0,0.0,3,4,100.0,0
ACC-11660,Mid-Market,24,8,9201.4,81,78,0.963,12.04,0.936,0.4909,3,0,0.0001,2,0,50.0,0
ACC-11661,Mid-Market,36,19,6824.6,43,40,0.9302,18.53,1.1269,0.6982,2,1,4.4995,3,0,,0
ACC-11662,SMB,24,20,1480.25,5,3,0.6,15.97,1.0094,0.6877,3,0,0.0001,6,0,,0
ACC-11663,Mid-Market,24,3,3933.72,65,54,0.8308,16.27,0.6999,0.7315,3,3,8.9992,3,0,60.0,0
ACC-11664,SMB,24,7,715.75,8,4,0.5,13.85,0.8802,0.6558,3,1,2.9998,3,0,56.0,0
ACC-11665,SMB,12,8,1919.66,13,7,0.5385,15.3,1.4263,0.6319,5,0,0.0001,3,4,,0
ACC-11666,Mid-Market,24,34,8855.14,67,43,0.6418,6.07,0.837,0.599,2,1,4.4995,5,0,,0
ACC-11667,SMB,24,11,901.53,32,22,0.6875,13.09,1.0642,0.7897,6,0,0.0,3,0,17.0,0
ACC-11668,Enterprise,24,24,39927.0,154,134,0.8701,11.54,0.8686,0.5518,2,0,0.0001,4,0,,0
ACC-11669,SMB,12,30,1606.89,28,19,0.6786,6.42,0.7128,0.7136,2,0,0.0001,2,0,,0
ACC-11670,Mid-Market,12,10,2430.56,86,75,0.8721,10.28,0.7491,0.7852,4,1,2.2499,7,0,76.0,0
ACC-11671,SMB,12,15,2218.01,23,19,0.8261,22.5,1.0163,0.5973,4,1,2.2499,2,16,,1
ACC-11672,SMB,12,24,665.9,21,15,0.7143,4.93,0.7445,0.4461,2,0,0.0001,2,0,63.0,0
ACC-11673,SMB,36,5,458.53,27,20,0.7407,7.28,0.744,0.693,3,0,0.0001,5,0,21.0,0
ACC-11674,SMB,12,14,1315.24,30,27,0.9,4.8,1.1539,0.6018,1,1,8.9976,8,0,44.0,0
ACC-11675,Mid-Market,12,32,5885.46,91,75,0.8242,8.23,0.8768,0.8284,3,1,2.9998,3,0,-3.0,0
ACC-11676,Enterprise,12,20,11450.7,644,524,0.8137,27.99,1.674,0.7732,5,0,0.0001,7,0,63.0,0
ACC-11677,Mid-Market,24,20,5986.02,130,83,0.6385,8.86,0.7608,0.7536,3,0,0.0001,0,0,31.0,0
ACC-11678,Enterprise,12,28,41027.56,802,541,0.6746,11.86,0.7533,0.5399,5,0,0.0001,5,0,37.0,0
ACC-11679,SMB,12,11,929.62,9,5,0.5556,18.24,1.9812,0.8948,0,0,1.0,10,0,,0
ACC-11680,Mid-Market,12,8,7417.07,134,113,0.8433,39.82,0.6969,0.653,2,1,4.4995,5,0,,0
ACC-11681,SMB,12,19,2304.53,28,24,0.8571,8.32,0.9459,0.7843,2,0,0.0001,2,0,,0
ACC-11682,Mid-Market,12,12,5684.2,128,94,0.7344,9.11,0.9454,0.7413,4,0,0.0001,2,0,53.0,0
ACC-11683,SMB,12,11,753.59,24,20,0.8333,13.3,0.758,0.424,4,0,0.0001,6,0,67.0,0
ACC-11684,Enterprise,36,8,35053.21,270,228,0.8444,36.7,0.8746,0.5772,2,0,0.0001,3,0,67.0,0
ACC-11685,SMB,12,22,1951.42,27,20,0.7407,4.02,1.005,0.8128,3,1,2.9998,4,0,71.0,0
ACC-11686,SMB,12,14,1770.48,12,9,0.75,12.12,1.206,0.4374,8,0,0.0,7,4,86.0,0
ACC-11687,Mid-Market,24,8,3641.66,52,41,0.7885,11.61,0.7668,0.891,2,0,0.0001,5,12,75.0,0
ACC-11688,Mid-Market,12,29,2843.17,138,128,0.9275,8.82,1.2023,0.6306,1,1,8.9976,5,0,7.0,1
ACC-11689,SMB,24,13,1567.6,18,15,0.8333,16.37,0.7592,0.8106,3,2,5.9995,7,0,19.0,0
ACC-11690,Enterprise,12,22,27914.83,851,704,0.8273,24.37,0.6857,0.6278,2,1,4.4995,8,4,45.0,0
ACC-11691,Mid-Market,24,39,2308.59,144,128,0.8889,15.34,0.8982,0.4027,2,0,0.0001,9,0,74.0,0
ACC-11692,Mid-Market,24,28,2852.22,101,77,0.7624,7.43,0.7288,0.816,1,0,0.0003,3,0,55.0,0
ACC-11693,Enterprise,36,37,24356.56,696,341,0.4899,20.44,1.0288,0.6087,5,0,0.0001,2,20,59.0,0
ACC-11694,Mid-Market,12,28,7281.61,66,52,0.7879,6.33,0.9372,0.9409,1,0,0.0003,8,0,,0
ACC-11695,Enterprise,12,14,16347.53,128,123,0.9609,17.68,1.3466,0.9199,1,1,8.9976,3,0,33.0,0
ACC-11696,Enterprise,12,10,34368.33,200,137,0.685,20.34,1.0464,0.299,3,0,0.0001,9,0,73.0,0
ACC-11697,Enterprise,36,13,30186.75,410,172,0.4195,10.71,1.0424,0.4178,5,0,0.0001,6,0,,0
ACC-11698,SMB,36,14,663.81,25,23,0.92,6.63,1.1508,0.8305,3,0,0.0001,9,0,49.0,0
ACC-11699,Mid-Market,12,33,3995.96,110,97,0.8818,8.42,0.9748,0.5445,3,0,0.0001,4,0,53.0,0
ACC-11700,SMB,12,12,2020.8,33,26,0.7879,17.85,1.0107,0.7258,7,0,0.0,8,0,44.0,0
ACC-11701,Mid-Market,12,7,8356.26,51,24,0.4706,12.55,0.8901,0.8385,5,0,0.0001,4,0,41.0,0
ACC-11702,Mid-Market,12,19,3403.35,115,100,0.8696,10.33,0.7367,0.5671,1,0,0.0003,0,0,,0
ACC-11703,Mid-Market,12,17,4983.19,95,89,0.9368,3.23,0.8405,0.9107,5,0,0.0001,6,0,34.0,0
ACC-11704,Mid-Market,12,10,8709.28,31,25,0.8065,25.33,1.0953,0.7818,4,0,0.0001,3,0,61.0,0
ACC-11705,Enterprise,24,13,17372.82,483,342,0.7081,11.73,0.9526,0.6121,2,1,4.4995,4,0,,0
ACC-11706,Mid-Market,36,37,2271.33,55,43,0.7818,14.05,0.7779,0.2887,3,0,0.0001,4,0,-12.0,0
ACC-11707,Mid-Market,36,22,5555.09,92,57,0.6196,8.16,1.5318,0.7715,2,0,0.0001,6,0,97.0,0
ACC-11708,Mid-Market,12,13,9852.37,108,69,0.6389,7.41,0.7077,0.5717,8,0,0.0,4,0,29.0,0
ACC-11709,SMB,24,10,634.36,25,20,0.8,10.67,1.3682,0.3854,3,0,0.0001,4,4,-18.0,0
ACC-11710,Enterprise,24,48,36075.63,598,377,0.6304,6.42,3.3328,0.801,4,0,0.0001,6,0,70.0,0
ACC-11711,Enterprise,12,42,16413.74,396,338,0.8535,6.89,0.6734,0.527,5,1,1.8,3,0,70.0,0
ACC-11712,SMB,24,27,1228.47,9,6,0.6667,7.23,1.4568,0.7332,5,0,0.0001,4,0,55.0,0
ACC-11713,Mid-Market,12,14,6800.61,55,41,0.7455,7.28,0.8836,0.6186,6,0,0.0,4,8,71.0,0
ACC-11714,Enterprise,12,10,43874.47,192,83,0.4323,6.55,1.1973,0.5639,4,1,2.2499,5,0,,0
ACC-11715,SMB,12,10,1448.32,13,9,0.6923,21.38,1.0251,0.8919,4,0,0.0001,3,0,-8.0,0
ACC-11716,Enterprise,12,14,28869.66,232,201,0.8664,12.5,0.8648,0.7254,1,0,0.0003,3,0,54.0,0
ACC-11717,SMB,24,12,1242.45,26,14,0.5385,19.73,0.724,0.4184,4,2,4.4997,3,0,16.0,1
ACC-11718,SMB,12,16,1960.79,10,7,0.7,12.46,0.8172,0.9503,4,0,0.0001,2,0,,0
ACC-11719,Mid-Market,12,16,9002.23,149,80,0.5369,7.69,0.7608,0.565,5,0,0.0001,2,0,,0
ACC-11720,Enterprise,12,9,32236.11,646,457,0.7074,16.74,0.7714,0.8969,2,1,4.4995,3,0,2.0,0
ACC-11721,Enterprise,24,9,37765.77,736,473,0.6427,18.39,0.6878,0.5379,5,0,0.0001,3,0,11.0,0
ACC-11722,Mid-Market,12,13,6744.89,54,41,0.7593,18.09,0.8068,0.6094,2,0,0.0001,4,0,64.0,0
ACC-11723,Enterprise,24,15,33726.49,408,262,0.6422,20.14,0.78,0.5476,5,1,1.8,11,8,63.0,0
ACC-11724,SMB,24,35,1794.0,17,7,0.4118,11.04,0.9909,0.4905,5,1,1.8,4,0,23.0,0
ACC-11725,Enterprise,12,19,15025.74,792,575,0.726,5.67,1.3092,0.5331,1,2,17.9949,6,0,-26.0,1
ACC-11726,Mid-Market,12,19,9697.59,74,53,0.7162,17.71,0.9781,0.7517,6,0,0.0,3,0,24.0,0
ACC-11727,SMB,24,20,1525.05,24,17,0.7083,8.69,0.9715,0.6431,6,0,0.0,5,0,45.0,0
ACC-11728,SMB,12,31,1861.32,8,5,0.625,11.21,1.0218,0.6984,4,0,0.0001,2,0,41.0,0
ACC-11729,Mid-Market,12,60,3426.15,73,46,0.6301,5.15,1.0747,0.8545,4,0,0.0001,5,0,,0
ACC-11730,Mid-Market,24,12,6952.76,88,71,0.8068,2.49,0.7453,0.4586,0,0,1.0,3,0,,0
ACC-11731,Mid-Market,12,46,6672.16,132,109,0.8258,7.17,0.9544,0.686,2,0,0.0001,4,0,53.0,0
ACC-11732,Mid-Market,12,6,3639.77,95,85,0.8947,13.4,0.9541,0.7748,3,1,2.9998,5,0,,0
ACC-11733,Mid-Market,12,14,5837.57,87,68,0.7816,21.34,1.0826,0.7153,3,0,0.0001,6,0,43.0,0
ACC-11734,Enterprise,12,8,42949.06,969,905,0.934,19.3,0.8708,0.5333,2,0,0.0001,9,0,,0
ACC-11735,SMB,24,24,1963.39,23,18,0.7826,30.66,1.2347,0.494,4,0,0.0001,5,0,19.0,0
ACC-11736,Mid-Market,24,28,9379.4,103,40,0.3883,16.8,1.2197,0.3688,5,0,0.0001,9,0,,0
ACC-11737,Enterprise,24,7,29890.68,467,315,0.6745,22.3,0.7986,0.5185,2,0,0.0001,6,0,2.0,0
ACC-11738,Mid-Market,24,30,5048.05,115,67,0.5826,8.46,7.7731,0.617,6,1,1.5,5,0,32.0,0
ACC-11739,Mid-Market,12,20,4077.67,105,54,0.5143,10.63,1.744,0.7083,3,0,0.0001,5,8,,0
ACC-11740,SMB,12,26,1021.85,20,16,0.8,15.96,0.8825,0.602,2,1,4.4995,5,0,-19.0,1
ACC-11741,SMB,12,32,1851.84,34,31,0.9118,12.8,1.1299,0.655,5,0,0.0001,3,0,,0
ACC-11742,SMB,12,24,1105.75,28,19,0.6786,24.12,1.4185,0.8542,3,0,0.0001,1,0,,0
ACC-11743,Enterprise,36,6,44260.27,689,444,0.6444,6.22,0.7213,0.7768,4,1,2.2499,6,0,48.0,0
ACC-11744,Mid-Market,24,13,4886.84,119,85,0.7143,11.62,0.9849,0.7336,0,0,1.0,2,0,-17.0,0
ACC-11745,Mid-Market,12,7,3100.59,44,28,0.6364,9.6,1.1665,0.8126,2,0,0.0001,0,0,5.0,0
ACC-11746,Enterprise,12,4,23086.49,752,584,0.7766,33.19,1.2657,0.6567,3,1,2.9998,7,0,,0
ACC-11747,Mid-Market,12,8,5307.75,62,53,0.8548,11.99,2.2179,0.3984,1,1,8.9976,5,0,10.0,0
ACC-11748,SMB,12,13,1045.49,17,14,0.8235,20.21,0.7929,0.3294,7,0,0.0,5,0,4.0,0
ACC-11749,Enterprise,12,44,42106.24,261,215,0.8238,16.02,0.5816,0.5692,2,1,4.4995,6,0,-26.0,0
ACC-11750,Mid-Market,12,16,2993.67,132,88,0.6667,10.72,1.0244,0.6628,2,0,0.0001,2,0,55.0,0
ACC-11751,Mid-Market,24,20,6148.0,79,60,0.7595,12.43,0.8666,0.8326,1,0,0.0003,7,0,14.0,0
ACC-11752,Enterprise,24,12,13492.18,654,488,0.7462,5.27,1.1193,0.5545,1,0,0.0003,3,0,20.0,0
ACC-11753,Mid-Market,12,14,8904.94,93,64,0.6882,36.92,0.9073,0.7753,2,0,0.0001,6,0,,0
ACC-11754,SMB,12,17,1702.03,10,7,0.7,10.77,1.2892,0.9452,6,1,1.5,4,0,33.0,0
ACC-11755,SMB,12,14,1858.02,33,33,1.0,13.81,0.6831,0.2747,2,1,4.4995,5,0,57.0,0
ACC-11756,SMB,24,23,996.27,32,24,0.75,7.48,0.9009,0.7948,2,1,4.4995,3,0,29.0,0
ACC-11757,Mid-Market,24,11,5016.35,84,44,0.5238,13.95,1.6226,0.7692,4,0,0.0001,3,0,47.0,0
ACC-11758,Enterprise,36,6,31589.89,613,579,0.9445,16.65,0.6067,0.8273,7,0,0.0,6,0,,0
ACC-11759,Mid-Market,12,5,9540.44,50,23,0.46,15.28,1.507,0.5816,4,0,0.0001,1,0,66.0,0
ACC-11760,Mid-Market,24,27,3291.41,49,38,0.7755,18.84,0.5898,0.4627,2,0,0.0001,7,0,,0
ACC-11761,SMB,12,3,1558.99,22,19,0.8636,15.46,0.7823,0.7703,1,0,0.0003,5,0,4.0,0
ACC-11762,Enterprise,24,14,36256.95,393,243,0.6183,8.08,1.2983,0.732,3,0,0.0001,8,0,2.0,0
ACC-11763,Mid-Market,12,8,7148.96,67,55,0.8209,20.43,0.9207,0.5575,6,0,0.0,3,8,100.0,0
ACC-11764,Enterprise,12,23,20670.59,849,751,0.8846,13.25,1.1465,0.7354,2,2,8.9988,4,0,83.0,0
ACC-11765,Mid-Market,24,16,9434.45,126,80,0.6349,14.21,1.0799,0.7614,3,1,2.9998,3,0,100.0,0
ACC-11766,SMB,12,17,1846.45,12,10,0.8333,21.29,0.7695,0.7834,4,1,2.2499,3,8,34.0,0
ACC-11767,Mid-Market,12,17,6622.34,110,77,0.7,13.38,1.2409,0.4368,0,0,1.0,3,0,42.0,0
ACC-11768,Mid-Market,12,17,2157.6,54,44,0.8148,13.84,0.7819,0.6609,2,0,0.0001,2,0,55.0,0
ACC-11769,Mid-Market,12,6,7103.01,117,79,0.6752,13.7,1.6744,0.7933,6,0,0.0,6,0,,0
ACC-11770,Mid-Market,12,12,5045.79,37,28,0.7568,23.72,0.6189,0.6503,3,0,0.0001,4,0,44.0,0
ACC-11771,SMB,12,9,1472.23,23,15,0.6522,21.42,0.9895,0.6834,5,1,1.8,6,0,25.0,0
ACC-11772,SMB,12,10,2015.68,27,17,0.6296,18.11,1.0691,0.8065,4,0,0.0001,5,0,42.0,0
ACC-11773,SMB,12,17,469.48,5,4,0.8,12.03,0.9889,0.8307,1,0,0.0003,3,0,,0
ACC-11774,SMB,36,27,2368.9,24,21,0.875,5.32,1.5722,0.8455,4,0,0.0001,2,0,27.0,0
ACC-11775,Mid-Market,12,26,2016.42,34,22,0.6471,19.51,1.2085,0.6362,5,0,0.0001,7,0,27.0,0
ACC-11776,SMB,12,19,1488.53,34,21,0.6176,11.53,2.2655,0.6242,2,0,0.0001,4,0,45.0,0
ACC-11777,Mid-Market,12,13,6588.69,142,71,0.5,13.85,1.3255,0.6691,3,1,2.9998,2,0,,0
ACC-11778,Mid-Market,24,17,8456.33,30,18,0.6,17.76,0.8707,0.8165,8,1,1.125,5,0,93.0,0
ACC-11779,SMB,24,24,2023.93,27,17,0.6296,15.43,0.7014,0.7934,4,0,0.0001,1,0,36.0,0
ACC-11780,Enterprise,12,10,20610.09,290,189,0.6517,17.21,0.9436,0.7109,0,0,1.0,5,16,53.0,0
ACC-11781,SMB,24,16,1425.45,24,16,0.6667,5.36,1.3517,0.6177,3,1,2.9998,2,0,,0
ACC-11782,Mid-Market,24,12,4655.07,131,96,0.7328,18.92,1.3484,0.5626,5,0,0.0001,6,0,,0
ACC-11783,Mid-Market,24,10,6960.56,97,87,0.8969,11.69,0.8648,0.9202,3,0,0.0001,3,0,72.0,0
ACC-11784,SMB,24,16,1284.3,26,24,0.9231,15.44,0.6625,0.9157,7,2,2.5714,2,0,12.0,1
ACC-11785,SMB,24,13,2402.78,6,4,0.6667,3.23,0.8587,0.67,6,2,2.9999,5,4,,1
ACC-11786,Mid-Market,24,19,4954.8,74,68,0.9189,21.39,0.7722,0.5371,5,0,0.0001,4,0,-22.0,0
ACC-11787,Mid-Market,24,13,9450.14,131,105,0.8015,4.27,0.9916,0.6794,4,0,0.0001,5,0,4.0,0
ACC-11788,Enterprise,12,15,9560.77,896,550,0.6138,10.85,1.1582,0.4318,4,2,4.4997,1,0,-20.0,1
ACC-11789,Mid-Market,24,6,7619.27,91,80,0.8791,24.94,1.3505,0.8014,5,0,0.0001,3,0,30.0,0
ACC-11790,Enterprise,24,25,40871.26,400,353,0.8825,4.92,0.7764,0.5987,0,1,30001.0,3,4,-28.0,0
ACC-11791,SMB,12,25,1417.39,13,11,0.8462,11.39,0.7854,0.6772,6,2,2.9999,5,0,56.0,1
ACC-11792,Mid-Market,36,9,5783.1,40,29,0.725,15.41,0.8947,0.519,3,2,5.9995,2,0,25.0,1
ACC-11793,SMB,12,10,1291.36,29,19,0.6552,25.37,0.9096,0.8764,2,0,0.0001,5,0,,0
ACC-11794,Enterprise,12,18,31683.59,190,151,0.7947,13.03,0.7133,0.5086,2,0,0.0001,6,0,15.0,0
ACC-11795,Enterprise,24,12,36934.13,927,781,0.8425,7.14,0.8277,0.9031,2,2,8.9988,4,0,29.0,0
ACC-11796,SMB,12,19,1656.82,10,8,0.8,21.13,1.061,0.5623,4,1,2.2499,4,0,38.0,0
ACC-11797,Enterprise,12,34,29219.32,873,688,0.7881,29.82,1.0086,0.8408,4,1,2.2499,6,0,27.0,0
ACC-11798,Enterprise,12,10,34691.28,727,624,0.8583,30.76,1.0765,0.4037,3,2,5.9995,3,0,77.0,1
ACC-11799,Enterprise,12,26,40089.31,328,225,0.686,11.54,0.8972,0.8191,0,1,30001.0,6,0,31.0,0
ACC-11800,SMB,12,9,1552.72,6,5,0.8333,19.01,1.1053,0.3532,5,0,0.0001,4,0,42.0,0
ACC-11801,SMB,12,10,528.02,26,20,0.7692,4.39,1.6959,0.7298,3,0,0.0001,4,16,,0
ACC-11802,Mid-Market,12,18,3671.12,50,42,0.84,10.0,1.0453,0.6474,1,2,17.9949,6,12,,1
ACC-11803,Mid-Market,36,22,9368.16,84,67,0.7976,9.48,1.2413,0.6178,2,1,4.4995,5,0,,0
ACC-11804,Mid-Market,36,33,6377.25,78,66,0.8462,5.69,0.7708,0.6616,1,0,0.0003,4,0,28.0,0
ACC-11805,SMB,12,40,1660.23,17,13,0.7647,10.34,1.4436,0.6448,2,3,13.4981,5,0,27.0,1
ACC-11806,SMB,24,13,825.58,19,17,0.8947,15.75,1.206,0.4791,3,0,0.0001,3,0,89.0,0
ACC-11807,Enterprise,12,16,11478.78,643,547,0.8507,5.82,0.7403,0.4081,4,0,0.0001,3,0,31.0,0
ACC-11808,Enterprise,12,19,24603.11,476,364,0.7647,10.57,1.1891,0.686,3,1,2.9998,5,0,34.0,0
ACC-11809,Enterprise,12,16,23225.78,729,614,0.8422,5.13,0.7969,0.5768,1,0,0.0003,4,0,,0
ACC-11810,SMB,36,13,719.27,25,16,0.64,13.71,0.9234,0.6069,2,0,0.0001,2,0,27.0,0
ACC-11811,SMB,36,11,1485.52,25,10,0.4,17.52,1.0207,0.6354,1,1,8.9976,3,0,24.0,0
ACC-11812,Mid-Market,12,23,6474.54,103,60,0.5825,5.22,1.111,0.5295,1,0,0.0003,2,8,,0
ACC-11813,Enterprise,12,33,42276.8,616,470,0.763,9.14,0.8704,0.8828,2,0,0.0001,3,0,,0
ACC-11814,Enterprise,12,6,23434.35,728,595,0.8173,12.87,1.5129,0.6776,3,0,0.0001,4,0,,0
ACC-11815,SMB,12,14,2369.53,16,13,0.8125,19.54,1.034,0.7965,5,0,0.0001,3,0,,0
ACC-11816,Mid-Market,24,6,2726.18,82,60,0.7317,29.33,0.7566,0.8401,1,1,8.9976,3,0,31.0,0
ACC-11817,SMB,12,22,1615.88,25,18,0.72,20.66,0.9222,0.7547,2,1,4.4995,5,20,13.0,1
ACC-11818,Mid-Market,24,10,7200.0,149,95,0.6376,20.91,1.2434,0.4237,3,0,0.0001,3,0,81.0,0
ACC-11819,Mid-Market,12,31,8304.38,84,54,0.6429,8.54,0.7255,0.688,4,1,2.2499,3,0,20.0,0
ACC-11820,Mid-Market,36,15,5626.44,94,92,0.9787,5.6,1.4092,0.6894,5,1,1.8,3,0,83.0,0
ACC-11821,Enterprise,24,22,9435.29,998,808,0.8096,7.83,1.4391,0.7653,6,0,0.0,5,0,32.0,0
ACC-11822,Mid-Market,12,9,3102.59,92,89,0.9674,7.94,0.786,0.5996,4,0,0.0001,4,0,,0
ACC-11823,SMB,24,17,2313.84,30,13,0.4333,2.87,1.9174,0.5327,1,0,0.0003,5,0,67.0,0
ACC-11824,Mid-Market,24,17,7762.2,47,39,0.8298,8.16,0.6848,0.7247,2,0,0.0001,7,0,53.0,0
ACC-11825,Mid-Market,12,20,4999.88,57,41,0.7193,8.61,0.9645,0.5909,4,1,2.2499,3,0,31.0,0
ACC-11826,Enterprise,12,11,27201.25,392,343,0.875,3.75,0.8751,0.7982,3,1,2.9998,5,0,,0
ACC-11827,SMB,36,29,2187.4,27,23,0.8519,11.37,0.66,0.9117,3,1,2.9998,2,0,9.0,0
ACC-11828,SMB,12,19,2429.61,26,18,0.6923,10.97,0.9308,0.7966,3,0,0.0001,3,0,,0
ACC-11829,Mid-Market,12,32,3920.52,96,49,0.5104,4.19,1.0806,0.6123,4,1,2.2499,3,0,7.0,0
ACC-11830,SMB,12,6,1593.33,9,6,0.6667,4.36,0.8204,0.5915,4,0,0.0001,5,0,14.0,0
ACC-11831,Mid-Market,24,17,6505.71,91,64,0.7033,3.28,0.9506,0.7644,5,1,1.8,3,0,17.0,0
ACC-11832,Mid-Market,24,14,7383.18,117,90,0.7692,16.43,0.8028,0.6867,4,0,0.0001,1,0,37.0,0
ACC-11833,SMB,36,40,530.19,10,7,0.7,16.68,0.9119,0.3309,1,0,0.0003,5,0,-3.0,0
ACC-11834,SMB,12,23,2463.84,31,24,0.7742,19.87,1.6598,0.8245,0,0,1.0,1,0,45.0,0
ACC-11835,SMB,12,16,807.08,16,14,0.875,15.44,0.8832,0.5985,4,0,0.0001,6,0,17.0,0
ACC-11836,Enterprise,24,22,29114.06,467,429,0.9186,20.8,0.7136,0.5928,1,0,0.0003,6,0,,0
ACC-11837,Mid-Market,24,12,7293.02,104,61,0.5865,6.71,0.7653,0.5038,5,0,0.0001,4,0,77.0,0
ACC-11838,SMB,12,21,580.14,5,4,0.8,9.74,0.9656,0.7639,3,0,0.0001,4,0,-19.0,0
ACC-11839,Mid-Market,12,52,6098.22,109,86,0.789,10.23,1.734,0.5306,3,1,2.9998,4,0,73.0,0
ACC-11840,Mid-Market,12,11,7917.68,56,32,0.5714,10.33,0.8319,0.9294,3,0,0.0001,3,0,32.0,0
ACC-11841,Mid-Market,24,17,3822.26,34,26,0.7647,4.27,0.8323,0.6782,4,0,0.0001,2,0,,0
ACC-11842,Mid-Market,24,10,2865.08,109,72,0.6606,8.72,0.8119,0.731,7,2,2.5714,4,0,79.0,0
ACC-11843,Mid-Market,24,9,4231.94,38,29,0.7632,7.17,0.749,0.8295,3,0,0.0001,6,0,41.0,0
ACC-11844,SMB,36,26,583.01,23,18,0.7826,7.85,1.6654,0.975,4,0,0.0001,4,0,,0
ACC-11845,Mid-Market,12,8,2505.27,44,33,0.75,14.75,1.2916,0.6436,4,0,0.0001,1,0,,0
ACC-11846,Enterprise,36,20,42879.43,861,501,0.5819,12.0,1.1388,0.9113,2,1,4.4995,7,0,22.0,0
ACC-11847,Enterprise,24,25,31432.21,683,554,0.8111,15.51,0.7041,0.6941,5,0,0.0001,5,0,78.0,0
ACC-11848,SMB,12,13,426.24,18,14,0.7778,9.53,0.7508,0.8054,5,1,1.8,7,12,16.0,0
ACC-11849,Mid-Market,36,32,5018.83,88,45,0.5114,12.34,0.8072,0.8204,1,1,8.9976,6,0,45.0,0
ACC-11850,Mid-Market,12,30,8677.42,63,50,0.7937,20.75,0.9238,0.6728,2,2,8.9988,4,0,39.0,1
ACC-11851,SMB,24,13,2100.81,15,12,0.8,14.33,0.9017,0.7447,3,1,2.9998,2,0,,0
ACC-11852,SMB,24,7,469.19,10,9,0.9,5.42,0.8308,0.706,3,0,0.0001,2,24,50.0,0
ACC-11853,SMB,24,21,1234.38,31,14,0.4516,14.84,0.904,0.7458,4,1,2.2499,5,0,25.0,0
ACC-11854,SMB,24,15,1018.88,23,13,0.5652,15.23,0.7739,0.6968,4,0,0.0001,3,0,-1.0,0
ACC-11855,Mid-Market,12,18,4797.61,56,42,0.75,17.23,1.0567,0.1909,4,0,0.0001,1,0,,0
ACC-11856,SMB,12,21,484.34,34,27,0.7941,28.15,1.0818,0.8189,5,0,0.0001,3,0,,0
ACC-11857,Mid-Market,12,6,4052.99,52,27,0.5192,12.64,0.6904,0.9406,3,0,0.0001,3,0,84.0,0
ACC-11858,SMB,24,12,1083.54,21,13,0.619,11.7,1.3873,0.3968,1,0,0.0003,3,0,0.0,0
ACC-11859,SMB,24,38,437.98,33,21,0.6364,7.6,0.8815,0.5251,2,0,0.0001,6,12,,0
ACC-11860,SMB,36,18,2155.92,33,15,0.4545,26.13,1.0181,0.251,5,0,0.0001,2,0,68.0,0
ACC-11861,SMB,12,22,1529.89,33,26,0.7879,30.67,1.086,0.6615,3,0,0.0001,4,0,49.0,0
ACC-11862,Enterprise,24,17,37640.17,358,306,0.8547,39.39,0.8587,0.4672,2,0,0.0001,3,0,,0
ACC-11863,Mid-Market,36,22,7314.2,141,114,0.8085,2.69,1.7454,0.4693,7,2,2.5714,4,8,18.0,1
ACC-11864,SMB,24,30,1433.52,12,9,0.75,28.93,1.3107,0.5958,2,0,0.0001,7,0,39.0,0
ACC-11865,SMB,12,4,909.79,28,25,0.8929,27.93,1.0463,0.5132,3,0,0.0001,1,0,91.0,0
ACC-11866,Enterprise,12,24,16156.28,496,308,0.621,19.51,2.0743,0.9363,4,0,0.0001,2,0,48.0,0
ACC-11867,Enterprise,12,16,33559.09,751,556,0.7403,20.78,1.5879,0.7622,3,0,0.0001,5,0,,0
ACC-11868,Enterprise,24,27,11912.25,747,705,0.9438,10.89,0.937,0.7298,5,2,3.5998,8,0,61.0,0
ACC-11869,SMB,24,13,1895.88,12,9,0.75,5.45,1.7672,0.6888,3,1,2.9998,6,0,-8.0,0
ACC-11870,SMB,36,13,457.58,16,13,0.8125,8.58,0.9,0.8282,2,0,0.0001,8,0,,0
ACC-11871,Mid-Market,12,7,3894.34,87,75,0.8621,7.83,0.9129,0.7884,3,1,2.9998,4,0,22.0,0
ACC-11872,Mid-Market,12,16,5429.51,34,16,0.4706,0.87,1.1039,0.7605,3,2,5.9995,5,0,41.0,0
ACC-11873,SMB,24,7,1985.43,13,6,0.4615,16.84,0.889,0.8096,5,0,0.0001,4,0,-18.0,0
ACC-11874,SMB,24,15,777.48,33,23,0.697,20.15,0.886,0.7737,1,0,0.0003,2,0,,0
ACC-11875,Mid-Market,36,18,5046.52,51,32,0.6275,6.58,0.9809,0.8802,4,1,2.2499,4,0,-3.0,0
ACC-11876,Mid-Market,24,11,8747.71,68,58,0.8529,12.83,0.7828,0.3886,2,0,0.0001,0,0,,0
ACC-11877,Mid-Market,12,6,6796.59,84,77,0.9167,13.26,0.986,0.6619,2,0,0.0001,3,0,,0
ACC-11878,Mid-Market,24,5,4672.31,144,81,0.5625,25.7,1.235,0.6804,4,0,0.0001,6,0,,0
ACC-11879,Mid-Market,24,9,9228.49,139,102,0.7338,10.75,0.8308,0.5774,2,1,4.4995,2,0,38.0,0
ACC-11880,SMB,12,5,902.33,24,13,0.5417,30.18,0.8996,0.7767,4,0,0.0001,8,0,13.0,0
ACC-11881,SMB,12,18,1751.95,20,14,0.7,11.09,0.8299,0.7104,8,1,1.125,5,0,,0
ACC-11882,Mid-Market,12,53,6190.43,94,89,0.9468,31.23,1.012,0.7585,5,0,0.0001,1,0,53.0,0
ACC-11883,SMB,12,7,2137.99,7,6,0.8571,8.66,1.1875,0.416,4,0,0.0001,4,0,41.0,0
ACC-11884,Enterprise,24,60,13515.58,468,337,0.7201,18.24,0.7512,0.785,4,0,0.0001,7,0,93.0,0
ACC-11885,Mid-Market,12,17,8142.4,87,30,0.3448,13.06,1.2536,0.8475,2,0,0.0001,3,0,42.0,0
ACC-11886,Enterprise,12,19,14698.18,333,199,0.5976,5.9,1.1547,0.7862,6,0,0.0,3,0,62.0,0
ACC-11887,Mid-Market,12,6,2036.01,133,99,0.7444,21.17,1.0141,0.4673,3,0,0.0001,5,0,,0
ACC-11888,SMB,24,18,2494.75,28,19,0.6786,4.0,1.3403,0.6313,2,2,8.9988,1,4,-0.0,1
ACC-11889,SMB,12,12,665.28,14,12,0.8571,9.44,0.9635,0.9211,2,0,0.0001,3,0,,0
ACC-11890,Enterprise,24,36,9773.25,841,545,0.648,5.5,1.262,0.7321,2,0,0.0001,7,0,70.0,0
ACC-11891,Mid-Market,12,5,8395.01,67,55,0.8209,17.94,1.8546,0.8222,4,0,0.0001,1,0,21.0,0
ACC-11892,SMB,12,12,1922.99,13,10,0.7692,24.4,0.6803,0.2212,8,0,0.0,3,0,,0
ACC-11893,Mid-Market,12,10,7087.69,54,34,0.6296,8.3,1.6436,0.8137,1,0,0.0003,3,0,85.0,0
ACC-11894,Mid-Market,12,20,8004.88,46,41,0.8913,38.41,1.2473,0.3982,3,0,0.0001,5,0,13.0,0
ACC-11895,SMB,12,3,1237.62,26,17,0.6538,8.19,0.9728,0.6403,0,0,1.0,7,0,19.0,0
ACC-11896,Mid-Market,12,36,4360.87,42,29,0.6905,9.59,1.166,0.8892,5,1,1.8,2,0,-3.0,0
ACC-11897,Enterprise,24,19,12476.9,199,105,0.5276,10.93,0.6793,0.5417,2,0,0.0001,4,0,56.0,0
ACC-11898,Mid-Market,24,19,2489.51,38,26,0.6842,15.93,1.0959,0.4409,5,0,0.0001,3,0,-16.0,0
ACC-11899,SMB,12,8,1247.16,27,19,0.7037,5.43,0.9162,0.4103,2,0,0.0001,2,0,,0
ACC-11900,Mid-Market,12,25,5059.75,67,37,0.5522,24.3,1.1339,0.767,5,0,0.0001,1,0,8.0,0
ACC-11901,Enterprise,36,24,22838.02,574,365,0.6359,29.07,1.1938,0.4486,2,0,0.0001,6,0,,0
ACC-11902,SMB,24,31,759.81,23,16,0.6957,15.65,1.1295,0.6114,4,1,2.2499,4,0,29.0,0
ACC-11903,Enterprise,12,14,15190.62,764,538,0.7042,10.26,0.8568,0.6223,3,0,0.0001,2,8,55.0,0
ACC-11904,SMB,24,6,2155.22,17,14,0.8235,13.56,1.6025,0.8175,2,1,4.4995,6,0,58.0,0
ACC-11905,Mid-Market,24,11,5612.4,128,92,0.7188,17.39,1.0647,0.7311,4,0,0.0001,1,0,,0
ACC-11906,SMB,24,27,2461.79,13,11,0.8462,8.1,0.8915,0.5231,1,1,8.9976,3,0,32.0,0
ACC-11907,Mid-Market,12,12,8503.2,80,61,0.7625,11.28,0.9753,0.5486,2,1,4.4995,8,0,50.0,0
ACC-11908,Mid-Market,12,45,4515.69,106,90,0.8491,11.92,0.7638,0.5009,7,2,2.5714,2,0,,1
ACC-11909,Enterprise,12,26,41684.69,828,717,0.8659,12.68,1.2138,0.6223,8,1,1.125,5,0,29.0,0
ACC-11910,Mid-Market,36,41,3709.06,115,106,0.9217,13.34,1.273,0.6242,4,1,2.2499,3,0,,0
ACC-11911,SMB,24,12,1954.17,7,5,0.7143,10.05,0.9112,0.6929,0,0,1.0,4,0,72.0,0
ACC-11912,SMB,12,21,1384.71,28,23,0.8214,7.92,1.4438,0.8903,6,1,1.5,4,0,53.0,0
ACC-11913,Mid-Market,36,9,7956.14,125,101,0.808,20.94,0.7231,0.6356,5,1,1.8,2,0,6.0,0
ACC-11914,Mid-Market,36,26,7428.54,117,90,0.7692,8.48,1.1093,0.7911,3,0,0.0001,3,0,21.0,0
ACC-11915,SMB,36,22,2194.7,13,12,0.9231,26.89,2.4143,0.4543,3,0,0.0001,7,0,,0
ACC-11916,SMB,24,25,680.14,28,21,0.75,8.45,0.9025,0.7861,7,0,0.0,4,0,48.0,0
ACC-11917,Mid-Market,36,13,7899.6,40,37,0.925,21.36,0.7438,0.3618,3,1,2.9998,6,0,55.0,0
ACC-11918,Mid-Market,12,18,6042.99,75,73,0.9733,10.4,0.7044,0.3917,0,0,1.0,6,0,7.0,0
ACC-11919,Mid-Market,24,17,8109.49,147,131,0.8912,7.75,0.788,0.7714,7,1,1.2857,4,0,68.0,0
ACC-11920,SMB,24,13,1439.33,31,20,0.6452,7.74,0.8352,0.8527,3,0,0.0001,8,0,,0
ACC-11921,Enterprise,12,18,41840.3,239,100,0.4184,7.63,2.9687,0.8118,3,0,0.0001,11,0,33.0,0
ACC-11922,Mid-Market,12,20,7072.56,55,46,0.8364,4.18,1.2923,0.6311,2,0,0.0001,4,0,48.0,0
ACC-11923,Mid-Market,36,22,7225.75,66,34,0.5152,9.86,0.9594,0.7941,3,0,0.0001,2,0,,0
ACC-11924,SMB,12,13,735.06,27,17,0.6296,11.49,0.918,0.8038,2,0,0.0001,8,0,23.0,0
ACC-11925,Enterprise,24,25,13029.82,685,591,0.8628,4.89,1.1635,0.815,2,0,0.0001,3,0,57.0,0
ACC-11926,Mid-Market,12,25,3352.75,77,57,0.7403,24.14,0.6436,0.5034,3,0,0.0001,3,0,68.0,0
ACC-11927,Mid-Market,12,23,2370.85,144,95,0.6597,15.44,1.0743,0.368,5,0,0.0001,7,0,80.0,0
ACC-11928,Mid-Market,12,27,4750.85,52,45,0.8654,9.43,0.7378,0.7031,4,0,0.0001,3,0,,0
ACC-11929,Enterprise,12,15,38165.65,186,131,0.7043,19.15,0.5138,0.7875,5,1,1.8,2,0,48.0,0
ACC-11930,Mid-Market,24,8,7401.72,84,71,0.8452,9.38,1.3457,0.4661,1,0,0.0003,1,0,17.0,0
ACC-11931,Mid-Market,24,25,3325.92,43,25,0.5814,22.49,0.7056,0.8507,3,0,0.0001,7,8,,0
ACC-11932,Mid-Market,12,12,4625.79,145,102,0.7034,10.59,0.9564,0.6615,2,0,0.0001,3,0,,0
ACC-11933,Mid-Market,12,6,3319.11,140,56,0.4,10.02,1.1771,0.8131,7,0,0.0,1,20,48.0,0
ACC-11934,SMB,12,12,1964.56,10,9,0.9,18.76,0.8592,0.4935,3,1,2.9998,9,0,17.0,0
ACC-11935,SMB,12,18,2465.04,20,13,0.65,5.8,1.0362,0.6103,0,0,1.0,2,0,-29.0,0
ACC-11936,Mid-Market,24,34,2949.98,57,48,0.8421,12.31,0.7892,0.6552,3,0,0.0001,1,0,,0
ACC-11937,SMB,12,20,2316.5,26,20,0.7692,28.15,0.8039,0.8262,7,0,0.0,7,0,95.0,0
ACC-11938,Mid-Market,12,27,7042.76,41,34,0.8293,15.7,0.5583,0.4527,4,0,0.0001,5,0,64.0,0
ACC-11939,Enterprise,12,24,26919.92,219,138,0.6301,8.73,0.7701,0.594,8,0,0.0,6,0,74.0,0
ACC-11940,Enterprise,12,20,43253.42,169,131,0.7751,13.31,0.8218,0.7159,3,0,0.0001,2,0,100.0,0
ACC-11941,Mid-Market,12,14,7710.23,44,33,0.75,19.25,1.2915,0.6068,2,2,8.9988,4,0,,1
ACC-11942,SMB,12,9,614.65,6,4,0.6667,10.75,0.8439,0.6489,2,0,0.0001,4,0,82.0,0
ACC-11943,SMB,24,48,955.83,11,9,0.8182,6.04,0.6453,0.9656,7,1,1.2857,6,0,-5.0,0
ACC-11944,SMB,36,12,1556.23,26,19,0.7308,5.5,1.1389,0.8191,4,2,4.4997,2,0,2.0,1
ACC-11945,Mid-Market,24,14,7529.53,61,46,0.7541,21.87,1.6311,0.539,5,2,3.5998,3,0,-13.0,1
ACC-11946,Mid-Market,12,15,2019.88,119,103,0.8655,14.81,0.8896,0.8751,6,0,0.0,6,0,46.0,0
ACC-11947,Enterprise,12,12,15293.36,894,802,0.8971,17.1,1.2881,0.5143,3,0,0.0001,6,0,14.0,0
ACC-11948,Mid-Market,12,22,9292.97,34,25,0.7353,23.79,0.8469,0.7403,6,1,1.5,3,0,52.0,0
ACC-11949,Mid-Market,24,12,3187.31,61,38,0.623,16.25,1.1259,0.9191,3,1,2.9998,3,0,,0
ACC-11950,Enterprise,36,14,21093.25,560,509,0.9089,31.54,0.7368,0.893,2,0,0.0001,5,0,42.0,0
ACC-11951,Mid-Market,12,11,2918.03,60,52,0.8667,12.03,1.0401,0.3651,2,0,0.0001,5,0,51.0,0
ACC-11952,Mid-Market,12,14,2116.24,83,75,0.9036,4.3,0.9348,0.5699,1,0,0.0003,7,0,43.0,0
ACC-11953,SMB,24,8,1964.79,8,6,0.75,13.45,1.4661,0.5878,4,0,0.0001,7,0,-11.0,0
ACC-11954,SMB,24,7,2055.76,21,15,0.7143,12.55,0.9054,0.4328,7,1,1.2857,5,0,,0
ACC-11955,SMB,24,38,1838.34,16,13,0.8125,12.27,0.657,0.8161,4,0,0.0001,2,0,3.0,0
ACC-11956,Mid-Market,24,27,5121.88,85,71,0.8353,18.03,0.8113,0.2979,4,0,0.0001,5,0,,0
ACC-11957,Mid-Market,36,35,5235.63,105,91,0.8667,6.67,0.7245,0.5515,2,0,0.0001,4,0,,0
ACC-11958,Mid-Market,12,37,4887.15,111,85,0.7658,10.97,1.217,0.2072,5,0,0.0001,4,16,,1
ACC-11959,SMB,36,9,497.79,29,20,0.6897,1.23,0.8699,0.9212,4,0,0.0001,2,0,6.0,0
ACC-11960,Enterprise,36,34,28853.43,268,126,0.4701,18.81,0.8589,0.6741,6,1,1.5,5,0,14.0,0
ACC-11961,Mid-Market,24,29,5058.77,123,101,0.8211,17.09,0.9007,0.6193,2,1,4.4995,2,0,,0
ACC-11962,SMB,12,13,566.55,33,22,0.6667,7.29,0.882,0.8349,2,0,0.0001,5,0,,0
ACC-11963,Mid-Market,12,20,8798.07,133,66,0.4962,17.3,1.2509,0.5886,3,0,0.0001,5,0,26.0,0
ACC-11964,Mid-Market,12,26,2743.23,74,44,0.5946,23.26,0.7232,0.7244,4,0,0.0001,6,0,,0
ACC-11965,Mid-Market,12,23,5223.91,134,119,0.8881,6.13,1.2486,0.4766,4,1,2.2499,3,0,,0
ACC-11966,Enterprise,24,15,42776.19,689,538,0.7808,28.82,1.0935,0.852,4,1,2.2499,6,0,67.0,0
ACC-11967,Mid-Market,12,18,5702.17,144,84,0.5833,12.39,1.2295,0.4092,4,0,0.0001,4,0,38.0,0
ACC-11968,Mid-Market,12,21,9728.86,60,48,0.8,13.45,0.7809,0.6199,2,0,0.0001,4,32,89.0,0
ACC-11969,Enterprise,24,13,14741.07,876,527,0.6016,14.75,0.9339,0.7921,3,0,0.0001,6,0,,0
ACC-11970,Enterprise,12,23,18420.01,146,119,0.8151,11.5,0.8793,0.6352,6,1,1.5,5,0,54.0,0
ACC-11971,SMB,12,11,2327.51,34,23,0.6765,17.03,1.5295,0.4821,3,0,0.0001,5,0,66.0,0
ACC-11972,Mid-Market,12,35,7371.45,43,42,0.9767,12.89,0.7945,0.6419,5,0,0.0001,8,0,,0
ACC-11973,Mid-Market,24,28,3248.17,39,31,0.7949,10.49,0.9014,0.5105,2,0,0.0001,6,0,31.0,0
ACC-11974,Mid-Market,12,26,3664.57,43,30,0.6977,8.27,0.5888,0.8843,4,1,2.2499,1,0,31.0,0
ACC-11975,SMB,24,21,992.83,22,17,0.7727,18.75,1.143,0.7696,5,0,0.0001,5,0,,0
ACC-11976,Mid-Market,12,19,9126.2,88,57,0.6477,12.64,1.042,0.918,6,0,0.0,1,0,50.0,0
ACC-11977,Mid-Market,36,29,9441.25,124,72,0.5806,11.71,0.6407,0.7396,1,0,0.0003,5,0,-63.0,0
ACC-11978,SMB,12,8,1071.76,32,25,0.7812,14.92,0.9986,0.872,1,0,0.0003,4,0,53.0,0
ACC-11979,SMB,12,10,2392.89,27,22,0.8148,14.3,1.1011,0.8755,8,0,0.0,4,0,,0
ACC-11980,Enterprise,12,23,16363.59,621,424,0.6828,9.78,0.7574,0.6778,2,0,0.0001,4,0,-6.0,0
ACC-11981,SMB,12,16,613.54,32,28,0.875,17.69,0.8584,0.8243,4,0,0.0001,4,0,-14.0,0
ACC-11982,Mid-Market,12,12,7926.02,35,24,0.6857,13.42,1.1484,0.6068,4,0,0.0001,3,0,7.0,0
ACC-11983,Mid-Market,12,30,9176.32,117,61,0.5214,7.14,1.0524,0.7394,0,2,60001.0,7,0,20.0,1
ACC-11984,Enterprise,12,18,28789.23,913,492,0.5389,18.61,1.0002,0.7904,3,0,0.0001,3,0,53.0,0
ACC-11985,Enterprise,24,20,30578.43,859,686,0.7986,10.57,0.7717,0.669,4,0,0.0001,2,0,,0
ACC-11986,SMB,12,31,1661.75,34,30,0.8824,11.96,1.4667,0.4938,5,1,1.8,6,0,-8.0,0
ACC-11987,Mid-Market,12,15,2527.64,118,44,0.3729,18.81,0.9426,0.7955,5,1,1.8,6,0,8.0,0
ACC-11988,Mid-Market,24,45,3635.39,96,67,0.6979,4.27,0.9485,0.6763,5,3,5.3997,1,0,-7.0,1
ACC-11989,SMB,36,9,945.73,30,23,0.7667,15.83,1.0992,0.799,3,0,0.0001,5,0,45.0,0
ACC-11990,SMB,12,30,1914.27,11,9,0.8182,12.34,1.1508,0.4096,3,1,2.9998,7,0,30.0,0
ACC-11991,Enterprise,12,12,10385.95,784,626,0.7985,8.7,1.8793,0.3078,4,0,0.0001,5,0,38.0,0
ACC-11992,Mid-Market,36,28,6557.74,148,131,0.8851,14.2,1.0845,0.6229,1,0,0.0003,5,0,-14.0,0
ACC-11993,Enterprise,12,11,14242.16,497,396,0.7968,9.17,1.0813,0.9017,5,3,5.3997,4,0,7.0,1
ACC-11994,SMB,36,7,827.77,9,6,0.6667,15.67,1.4904,0.5672,3,1,2.9998,2,0,,0
ACC-11995,SMB,12,28,1338.4,34,19,0.5588,16.82,1.0092,0.5041,5,2,3.5998,6,0,6.0,1
ACC-11996,SMB,24,14,798.33,28,16,0.5714,11.96,1.0325,0.7794,10,0,0.0,9,0,-20.0,0
ACC-11997,Enterprise,12,7,34977.02,177,143,0.8079,11.79,1.0237,0.7945,1,0,0.0003,0,0,,0
ACC-11998,Enterprise,36,28,34125.4,221,159,0.7195,24.77,0.6592,0.4241,6,0,0.0,5,0,,0
ACC-11999,Mid-Market,12,19,9907.48,53,41,0.7736,8.46,1.4133,0.9364,6,0,0.0,7,0,,0
ACC-12000,Mid-Market,24,14,8468.44,70,47,0.6714,16.34,0.8049,0.6188,2,1,4.4995,3,0,58.0,0
ACC-12001,Mid-Market,12,21,2019.31,120,88,0.7333,11.19,0.9902,0.7246,2,0,0.0001,6,0,82.0,0
ACC-12002,SMB,12,15,902.66,32,29,0.9062,11.46,1.3156,0.5582,1,0,0.0003,3,0,60.0,0
ACC-12003,Mid-Market,24,14,8771.23,50,47,0.94,13.19,0.6898,0.5174,4,1,2.2499,5,4,,0
ACC-12004,Mid-Market,12,26,6071.4,142,96,0.6761,22.41,1.4491,0.5647,4,0,0.0001,4,0,17.0,0
ACC-12005,SMB,36,19,1321.06,9,8,0.8889,9.81,1.198,0.3879,4,1,2.2499,6,0,,0
ACC-12006,Mid-Market,12,10,9007.65,62,27,0.4355,6.35,1.315,0.5869,5,1,1.8,6,0,86.0,0
ACC-12007,SMB,24,17,2243.2,26,17,0.6538,9.32,1.4424,0.7033,3,0,0.0001,2,0,69.0,0
ACC-12008,Enterprise,12,26,29865.92,616,594,0.9643,5.7,1.0966,0.4965,3,1,2.9998,3,0,32.0,0
ACC-12009,Mid-Market,36,9,5720.61,116,81,0.6983,10.38,1.0252,0.7715,3,1,2.9998,5,0,66.0,0
ACC-12010,Enterprise,36,32,15004.44,866,708,0.8176,9.57,3.0538,0.619,2,0,0.0001,4,4,15.0,0
ACC-12011,Enterprise,12,19,13358.14,863,807,0.9351,19.09,1.215,0.8803,4,0,0.0001,5,0,-4.0,0
ACC-12012,SMB,24,18,1268.47,21,19,0.9048,17.92,0.867,0.8094,5,0,0.0001,2,0,-8.0,0
ACC-12013,Enterprise,24,18,44514.14,994,837,0.8421,14.54,0.9041,0.7831,7,0,0.0,6,0,-7.0,0
ACC-12014,Mid-Market,12,39,9378.48,70,58,0.8286,21.53,0.7055,0.583,6,0,0.0,6,0,,0
ACC-12015,Mid-Market,24,17,5289.7,42,35,0.8333,24.68,0.8135,0.294,3,0,0.0001,4,0,80.0,0
ACC-12016,Mid-Market,12,14,6440.73,105,81,0.7714,6.51,2.4295,0.5508,0,0,1.0,3,8,79.0,0
ACC-12017,SMB,24,15,874.76,23,17,0.7391,17.69,0.8943,0.8716,5,0,0.0001,2,0,47.0,0
ACC-12018,Enterprise,12,28,27629.2,949,738,0.7777,21.09,0.9846,0.4364,5,0,0.0001,5,0,,0
ACC-12019,SMB,12,24,994.61,10,7,0.7,7.21,1.085,0.5752,2,1,4.4995,5,0,,1
ACC-12020,SMB,12,17,852.25,27,17,0.6296,10.11,1.7651,0.3022,6,0,0.0,10,0,,0
ACC-12021,Mid-Market,24,50,4160.56,115,76,0.6609,19.28,0.9265,0.5511,6,1,1.5,3,0,9.0,0
ACC-12022,SMB,24,23,579.21,6,6,1.0,4.7,1.4477,0.5935,4,1,2.2499,3,0,52.0,0
ACC-12023,Enterprise,36,10,40149.95,121,109,0.9008,7.53,1.357,0.6197,5,0,0.0001,2,0,45.0,0
ACC-12024,Mid-Market,12,4,7313.02,37,29,0.7838,16.04,0.8433,0.7062,2,0,0.0001,1,0,,0
ACC-12025,Mid-Market,12,24,8177.12,129,110,0.8527,3.25,0.9396,0.8236,1,0,0.0003,5,0,8.0,0
ACC-12026,SMB,24,14,2348.12,12,7,0.5833,5.03,1.0937,0.236,5,0,0.0001,7,0,,0
ACC-12027,SMB,24,6,2217.62,29,26,0.8966,16.26,1.3042,0.7749,0,0,1.0,5,0,,0
ACC-12028,Mid-Market,12,16,6632.68,111,84,0.7568,7.33,1.0766,0.7999,4,2,4.4997,2,0,-15.0,1
ACC-12029,SMB,12,25,468.97,25,16,0.64,9.91,0.7254,0.5185,0,0,1.0,3,0,61.0,0
ACC-12030,Enterprise,12,15,13618.91,286,231,0.8077,23.31,0.6948,0.5975,2,1,4.4995,6,0,25.0,0
ACC-12031,Mid-Market,12,16,9857.07,71,46,0.6479,24.41,0.962,0.8948,6,1,1.5,4,8,-8.0,0
ACC-12032,Mid-Market,24,4,7114.33,76,57,0.75,6.55,1.4114,0.6959,3,0,0.0001,4,0,52.0,0
ACC-12033,SMB,12,24,1252.79,13,9,0.6923,15.57,0.5889,0.8087,4,0,0.0001,4,0,,0
ACC-12034,Mid-Market,24,6,2669.72,69,60,0.8696,9.89,1.0026,0.6624,2,0,0.0001,3,0,,0
ACC-12035,Mid-Market,12,12,3093.39,78,56,0.7179,20.97,1.3958,0.8972,4,1,2.2499,4,0,,0
ACC-12036,Enterprise,12,20,41749.94,862,677,0.7854,6.47,1.0875,0.8538,3,1,2.9998,5,0,,0
ACC-12037,Enterprise,24,10,29814.36,419,360,0.8592,16.88,0.9205,0.7886,5,0,0.0001,3,0,,0
ACC-12038,Mid-Market,24,12,2677.52,52,33,0.6346,23.24,0.8478,0.7285,4,0,0.0001,2,0,25.0,0
ACC-12039,Mid-Market,12,19,7691.8,44,41,0.9318,5.69,1.0923,0.538,5,0,0.0001,5,0,,0
ACC-12040,SMB,24,20,2171.31,8,7,0.875,21.13,1.3002,0.8094,7,0,0.0,7,0,,0
ACC-12041,Mid-Market,12,17,5555.87,130,105,0.8077,11.04,0.6744,0.7645,3,0,0.0001,6,0,51.0,0
ACC-12042,Mid-Market,24,4,6955.34,68,38,0.5588,6.46,1.2705,0.4435,3,0,0.0001,5,0,52.0,0
ACC-12043,Enterprise,12,5,12279.83,524,404,0.771,15.28,0.635,0.6889,4,0,0.0001,5,8,,0
ACC-12044,SMB,24,28,600.39,34,30,0.8824,4.01,2.2936,0.6222,7,0,0.0,2,0,75.0,0
ACC-12045,SMB,12,13,2423.32,11,10,0.9091,30.53,0.7419,0.8139,4,0,0.0001,1,4,10.0,0
ACC-12046,Enterprise,12,55,40116.88,402,347,0.8632,12.3,0.9796,0.6128,5,0,0.0001,6,0,,0
ACC-12047,SMB,36,19,1905.43,34,24,0.7059,16.55,1.0276,0.5909,2,0,0.0001,8,16,,0
ACC-12048,Mid-Market,24,45,2840.99,89,44,0.4944,10.51,9.7245,0.3065,3,0,0.0001,2,0,,0
ACC-12049,Enterprise,12,15,26516.86,186,129,0.6935,16.53,0.9296,0.978,4,2,4.4997,0,0,,1
ACC-12050,Mid-Market,12,12,3128.3,118,71,0.6017,17.11,0.7723,0.4282,3,1,2.9998,5,0,25.0,0
ACC-12051,Mid-Market,12,24,9190.17,52,44,0.8462,17.2,1.0342,0.4405,4,0,0.0001,6,0,27.0,0
ACC-12052,Enterprise,24,31,20955.17,818,645,0.7885,10.42,0.7375,0.7031,3,0,0.0001,3,0,,0
ACC-12053,SMB,24,15,1915.61,11,8,0.7273,19.32,1.0389,0.629,2,0,0.0001,3,0,41.0,0
ACC-12054,SMB,24,24,1612.94,12,6,0.5,7.7,1.1097,0.708,2,1,4.4995,3,0,,0
ACC-12055,SMB,12,6,785.3,9,8,0.8889,10.81,1.0875,0.7129,3,0,0.0001,3,0,,0
ACC-12056,Mid-Market,24,10,8473.12,96,69,0.7188,8.81,1.0357,0.8456,6,0,0.0,2,0,23.0,0
ACC-12057,Mid-Market,12,21,5155.88,48,22,0.4583,15.16,1.0016,0.6797,3,0,0.0001,5,20,75.0,0
ACC-12058,SMB,12,13,977.37,32,25,0.7812,14.4,1.05,0.3759,5,0,0.0001,0,0,,0
ACC-12059,Mid-Market,24,20,7406.15,146,115,0.7877,14.81,1.0334,0.7322,4,1,2.2499,2,0,70.0,0
ACC-12060,Enterprise,36,21,29112.28,106,93,0.8774,8.75,0.8495,0.8792,2,0,0.0001,6,0,73.0,0
ACC-12061,Mid-Market,24,23,7267.56,117,69,0.5897,22.53,0.7175,0.6982,4,1,2.2499,5,0,52.0,0
ACC-12062,SMB,24,27,1042.72,29,19,0.6552,11.68,0.9873,0.6668,5,0,0.0001,2,0,82.0,0
ACC-12063,Mid-Market,24,28,5728.06,68,56,0.8235,5.14,0.9678,0.5107,2,0,0.0001,2,0,59.0,0
ACC-12064,Enterprise,36,8,37929.8,539,381,0.7069,34.91,0.8144,0.9742,2,1,4.4995,4,0,,0
ACC-12065,SMB,12,15,1080.62,15,11,0.7333,13.49,0.8232,0.8823,0,0,1.0,3,0,77.0,0
ACC-12066,Mid-Market,12,15,3967.65,135,126,0.9333,22.06,0.9634,0.6775,5,0,0.0001,1,0,40.0,0
ACC-12067,Mid-Market,36,16,4678.22,115,94,0.8174,5.51,0.7735,0.7972,5,0,0.0001,7,0,58.0,0
ACC-12068,Enterprise,24,14,43704.51,511,458,0.8963,24.88,0.941,0.6768,3,0,0.0001,2,0,27.0,0
ACC-12069,Mid-Market,12,17,9741.05,87,78,0.8966,15.7,0.9338,0.7008,4,1,2.2499,6,0,-5.0,0
ACC-12070,SMB,12,11,1336.72,5,4,0.8,17.57,0.9415,0.6112,2,1,4.4995,6,0,,0
ACC-12071,Mid-Market,12,26,7740.34,54,47,0.8704,14.76,0.8481,0.3195,4,2,4.4997,5,0,56.0,1
ACC-12072,Mid-Market,12,21,7901.51,131,79,0.6031,16.21,0.7605,0.7405,2,0,0.0001,2,0,43.0,0
ACC-12073,SMB,36,11,1484.28,16,11,0.6875,12.05,1.9524,0.3428,5,1,1.8,5,0,67.0,0
ACC-12074,SMB,12,17,2193.78,22,16,0.7273,31.56,0.953,0.5866,4,1,2.2499,0,0,29.0,0
ACC-12075,SMB,24,42,1727.72,18,9,0.5,19.66,0.9802,0.8473,7,0,0.0,3,0,,0
ACC-12076,Mid-Market,12,9,6959.85,94,77,0.8191,6.39,0.7712,0.5095,5,1,1.8,2,0,6.0,0
ACC-12077,Mid-Market,12,10,4893.39,71,60,0.8451,20.29,0.6637,0.6903,2,0,0.0001,5,0,24.0,0
ACC-12078,SMB,12,27,1415.13,34,20,0.5882,16.98,0.8615,0.8215,3,1,2.9998,3,4,85.0,0
ACC-12079,SMB,24,37,2371.0,8,5,0.625,12.97,0.9798,0.4952,7,1,1.2857,6,0,59.0,0
ACC-12080,Enterprise,24,20,26764.26,281,229,0.8149,14.47,0.8568,0.5916,3,0,0.0001,3,0,60.0,0
ACC-12081,Enterprise,24,18,41017.11,322,256,0.795,18.96,0.8696,0.5403,5,1,1.8,2,0,33.0,0
ACC-12082,Mid-Market,12,8,2065.83,71,66,0.9296,9.64,1.2304,0.6945,9,2,2.0,6,0,20.0,1
ACC-12083,SMB,12,13,1640.42,34,26,0.7647,10.77,1.0176,0.8747,3,0,0.0001,7,0,,0
ACC-12084,Mid-Market,12,12,2305.03,41,39,0.9512,15.02,1.0201,0.7198,4,2,4.4997,0,0,64.0,0
ACC-12085,Mid-Market,12,13,6387.97,38,27,0.7105,18.34,1.4086,0.421,4,0,0.0001,2,0,-21.0,0
ACC-12086,Enterprise,24,11,16586.0,861,700,0.813,19.7,1.1505,0.7523,0,2,60001.0,3,0,,0
ACC-12087,SMB,24,7,966.06,11,9,0.8182,27.51,1.5626,0.6117,3,1,2.9998,4,0,,0
ACC-12088,SMB,24,24,1840.75,34,33,0.9706,2.6,1.281,0.5294,2,0,0.0001,2,0,,0
ACC-12089,Mid-Market,12,21,4228.96,101,69,0.6832,23.72,1.1398,0.8313,1,1,8.9976,3,0,16.0,0
ACC-12090,SMB,12,7,949.09,26,17,0.6538,5.71,1.0596,0.4953,5,0,0.0001,2,8,88.0,0
ACC-12091,SMB,12,17,503.72,6,5,0.8333,20.62,0.7073,0.3674,2,0,0.0001,8,0,43.0,0
ACC-12092,Mid-Market,12,14,5765.59,42,22,0.5238,1.87,2.7514,0.8233,1,0,0.0003,3,0,15.0,0
ACC-12093,Mid-Market,24,40,5806.37,106,62,0.5849,10.49,0.9868,0.6875,4,1,2.2499,1,0,16.0,0
ACC-12094,Mid-Market,24,32,7834.92,64,47,0.7344,19.45,0.7061,0.8748,3,0,0.0001,5,0,8.0,0
ACC-12095,SMB,12,40,1126.08,30,22,0.7333,6.68,1.1857,0.7766,4,0,0.0001,3,0,,0
ACC-12096,Mid-Market,12,13,2083.56,67,42,0.6269,12.09,0.9004,0.7916,2,0,0.0001,7,4,,0
ACC-12097,Mid-Market,24,5,9041.09,48,42,0.875,4.75,0.8045,0.4357,5,0,0.0001,4,0,,0
ACC-12098,SMB,24,8,1114.77,8,4,0.5,11.57,1.3678,0.7509,5,0,0.0001,2,0,34.0,0
ACC-12099,Mid-Market,24,13,8551.71,55,45,0.8182,3.05,0.61,0.701,2,0,0.0001,1,0,76.0,0
ACC-12100,SMB,12,14,1374.67,21,10,0.4762,14.86,0.804,0.9377,4,0,0.0001,5,0,13.0,0
ACC-12101,Mid-Market,12,40,9864.19,95,26,0.2737,7.45,0.8961,0.8027,5,0,0.0001,5,0,33.0,0
ACC-12102,Enterprise,36,26,17736.52,357,219,0.6134,12.53,0.9954,0.7847,6,1,1.5,4,0,31.0,0
ACC-12103,SMB,24,21,1498.42,33,12,0.3636,6.65,0.7543,0.5875,4,0,0.0001,1,0,-3.0,0
ACC-12104,SMB,12,33,1152.22,14,11,0.7857,16.21,0.9226,0.8215,4,0,0.0001,6,0,72.0,0
ACC-12105,Mid-Market,24,23,5311.38,73,53,0.726,9.44,1.0742,0.7091,3,0,0.0001,6,0,92.0,0
ACC-12106,SMB,24,25,1040.23,7,6,0.8571,21.41,0.7734,0.7939,1,0,0.0003,7,16,33.0,0
ACC-12107,SMB,12,14,1494.02,26,16,0.6154,20.91,1.0429,0.3973,3,0,0.0001,8,0,19.0,0
ACC-12108,Mid-Market,12,6,5277.17,112,86,0.7679,18.53,1.0143,0.8297,3,0,0.0001,4,0,,0
ACC-12109,SMB,12,6,2109.69,12,10,0.8333,30.14,1.1301,0.8919,2,0,0.0001,3,20,43.0,0
ACC-12110,Enterprise,12,6,39906.9,662,466,0.7039,5.77,0.7882,0.7891,5,0,0.0001,7,0,50.0,0
ACC-12111,Mid-Market,24,24,6120.88,55,48,0.8727,16.67,0.9164,0.5937,0,2,60001.0,10,0,48.0,0
ACC-12112,Enterprise,12,10,12181.6,142,140,0.9859,10.8,0.8576,0.588,5,1,1.8,6,0,26.0,0
ACC-12113,SMB,24,14,2482.23,22,13,0.5909,15.89,0.8793,0.6599,2,1,4.4995,3,0,,0
ACC-12114,SMB,36,7,2278.62,20,18,0.9,17.93,1.0072,0.4844,4,0,0.0001,4,0,46.0,0
ACC-12115,Enterprise,12,30,8237.94,614,428,0.6971,10.85,0.8404,0.5949,5,0,0.0001,2,0,56.0,0
ACC-12116,Mid-Market,12,17,7975.19,42,37,0.881,3.34,0.8233,0.4954,3,0,0.0001,3,0,37.0,0
ACC-12117,Mid-Market,24,19,2850.33,69,57,0.8261,21.14,0.9829,0.6442,1,1,8.9976,3,0,19.0,0
ACC-12118,Enterprise,24,20,30230.77,668,604,0.9042,12.92,1.2492,0.4493,5,2,3.5998,5,0,100.0,0
ACC-12119,SMB,24,22,2099.38,27,13,0.4815,21.69,1.2013,0.5804,3,1,2.9998,3,8,53.0,0
ACC-12120,SMB,12,31,844.15,30,26,0.8667,8.83,0.9168,0.6571,5,0,0.0001,5,0,,0
ACC-12121,Mid-Market,12,24,2567.59,105,87,0.8286,14.61,0.7694,0.8387,1,0,0.0003,2,0,,0
ACC-12122,SMB,24,9,2445.35,16,13,0.8125,27.38,2.1763,0.9319,1,0,0.0003,6,0,87.0,0
ACC-12123,Mid-Market,36,10,6517.06,90,76,0.8444,43.53,0.7448,0.7317,5,1,1.8,3,0,56.0,0
ACC-12124,SMB,12,60,1385.89,8,3,0.375,27.42,1.319,0.3006,2,0,0.0001,4,0,40.0,0
ACC-12125,SMB,36,28,2063.9,25,24,0.96,15.63,0.7106,0.5027,2,0,0.0001,4,0,68.0,0
ACC-12126,Mid-Market,12,51,5707.09,35,30,0.8571,14.07,0.963,0.7685,3,0,0.0001,3,0,83.0,0
ACC-12127,Enterprise,36,14,31263.39,747,684,0.9157,11.43,0.9014,0.7182,2,1,4.4995,4,0,,0
ACC-12128,SMB,24,37,1578.91,20,14,0.7,15.26,0.6793,0.7036,5,0,0.0001,5,0,-2.0,0
ACC-12129,Mid-Market,12,22,7997.36,148,113,0.7635,18.88,0.7647,0.8245,0,0,1.0,5,0,28.0,0
ACC-12130,Enterprise,24,20,32744.28,343,234,0.6822,17.45,0.8393,0.4913,2,0,0.0001,3,0,-15.0,0
ACC-12131,Enterprise,12,17,13867.46,466,404,0.867,6.41,0.9817,0.7898,3,1,2.9998,4,0,19.0,0
ACC-12132,Mid-Market,12,26,4875.41,82,50,0.6098,8.33,0.942,0.7269,5,0,0.0001,6,0,28.0,0
ACC-12133,Mid-Market,12,22,5273.58,57,43,0.7544,7.3,1.1171,0.5082,2,0,0.0001,4,0,-18.0,0
ACC-12134,SMB,12,15,1080.85,11,5,0.4545,21.99,1.0328,0.6945,3,0,0.0001,3,0,24.0,0
ACC-12135,SMB,12,12,854.79,11,10,0.9091,19.05,0.6854,0.5468,2,1,4.4995,4,4,13.0,0
ACC-12136,Enterprise,24,15,13235.76,463,429,0.9266,23.21,0.7601,0.7932,3,0,0.0001,5,0,,0
ACC-12137,SMB,24,17,1673.11,14,9,0.6429,7.14,0.8581,0.285,3,0,0.0001,3,0,91.0,0
ACC-12138,Enterprise,12,13,27885.03,414,288,0.6957,16.01,0.8871,0.7184,3,0,0.0001,8,0,100.0,0
ACC-12139,SMB,24,10,2084.41,14,12,0.8571,7.63,0.6832,0.8263,4,0,0.0001,5,0,-9.0,0
ACC-12140,SMB,24,17,1578.96,8,6,0.75,10.48,1.1963,0.6768,2,1,4.4995,3,0,,0
ACC-12141,Mid-Market,36,21,3041.55,106,75,0.7075,11.98,0.9107,0.5146,4,0,0.0001,2,0,72.0,0
ACC-12142,SMB,24,19,2058.42,18,10,0.5556,31.64,0.8049,0.8908,1,0,0.0003,0,0,-20.0,0
ACC-12143,Mid-Market,12,8,9066.55,69,51,0.7391,11.28,1.1537,0.8747,4,0,0.0001,4,0,46.0,0
ACC-12144,Mid-Market,12,40,7101.11,147,114,0.7755,7.7,0.653,0.8348,3,1,2.9998,5,0,10.0,0
ACC-12145,SMB,24,45,641.7,10,10,1.0,16.13,1.3162,0.444,5,0,0.0001,5,0,1.0,0
ACC-12146,Mid-Market,12,24,2580.47,100,85,0.85,15.51,0.71,0.533,3,0,0.0001,4,0,,0
ACC-12147,Mid-Market,12,26,8150.45,84,59,0.7024,21.69,1.0519,0.5516,3,1,2.9998,6,0,56.0,0
ACC-12148,Mid-Market,12,19,9988.02,144,136,0.9444,6.18,0.9882,0.7292,6,0,0.0,1,0,100.0,0
ACC-12149,SMB,12,20,942.25,12,6,0.5,17.42,0.6828,0.4375,1,0,0.0003,3,0,-13.0,0
ACC-12150,Mid-Market,12,5,3934.48,54,35,0.6481,15.3,1.0917,0.5272,2,3,13.4981,5,0,41.0,1
ACC-12151,Enterprise,12,16,14991.61,455,426,0.9363,15.75,0.7661,0.7771,7,2,2.5714,11,0,7.0,0
ACC-12152,SMB,12,16,816.92,24,18,0.75,11.71,0.9886,0.6729,3,0,0.0001,3,0,52.0,0
ACC-12153,SMB,24,44,1174.45,17,12,0.7059,24.86,1.0958,0.7155,3,0,0.0001,5,0,40.0,0
ACC-12154,Enterprise,24,14,12260.54,602,346,0.5748,25.35,1.1031,0.643,4,0,0.0001,5,0,25.0,0
ACC-12155,Mid-Market,12,39,4584.54,102,60,0.5882,8.49,0.9277,0.7648,2,0,0.0001,4,0,-36.0,0
ACC-12156,Enterprise,12,17,38243.07,701,589,0.8402,14.25,0.909,0.8125,4,1,2.2499,8,0,26.0,0
ACC-12157,Mid-Market,12,13,6530.22,30,29,0.9667,14.56,0.9355,0.8852,7,0,0.0,3,0,100.0,0
ACC-12158,Mid-Market,12,6,9723.48,53,45,0.8491,16.27,0.8567,0.4362,4,0,0.0001,5,0,62.0,0
ACC-12159,SMB,12,20,1725.71,26,18,0.6923,6.53,1.0024,0.5953,3,0,0.0001,8,0,59.0,0
ACC-12160,SMB,12,10,1207.75,7,4,0.5714,10.09,0.9148,0.7226,2,2,8.9988,0,0,-19.0,1
ACC-12161,Mid-Market,24,6,5835.59,50,31,0.62,4.04,1.1346,0.7225,3,0,0.0001,4,0,64.0,0
ACC-12162,Mid-Market,12,24,8508.17,50,37,0.74,23.71,0.9415,0.6078,0,1,30001.0,8,4,,0
ACC-12163,SMB,12,21,2372.79,8,7,0.875,14.01,0.9585,0.4727,4,0,0.0001,1,0,42.0,0
ACC-12164,Mid-Market,12,22,9603.68,100,86,0.86,6.74,0.9162,0.5728,4,2,4.4997,2,0,93.0,0
ACC-12165,SMB,24,17,1005.49,23,20,0.8696,9.35,0.8315,0.7382,4,1,2.2499,8,0,62.0,0
ACC-12166,Mid-Market,24,11,3387.06,101,64,0.6337,11.71,0.7745,0.6019,2,1,4.4995,5,0,-0.0,0
ACC-12167,Enterprise,24,9,33391.44,946,751,0.7939,19.65,1.2556,0.4721,3,0,0.0001,4,0,,0
ACC-12168,SMB,24,36,1116.37,11,9,0.8182,12.55,1.438,0.4223,3,0,0.0001,1,0,-24.0,0
ACC-12169,Mid-Market,12,25,9659.78,138,111,0.8043,21.33,0.771,0.7584,3,0,0.0001,4,0,-11.0,0
ACC-12170,SMB,12,28,1850.01,9,8,0.8889,10.87,0.9084,0.3707,3,1,2.9998,5,0,41.0,1
ACC-12171,Enterprise,24,15,33179.26,690,475,0.6884,12.3,0.6722,0.876,2,1,4.4995,5,4,,0
ACC-12172,Enterprise,12,10,42270.89,351,222,0.6325,17.73,1.1765,0.6182,5,0,0.0001,8,0,,0
ACC-12173,SMB,36,10,2024.14,15,13,0.8667,12.97,1.3764,0.6026,5,1,1.8,6,0,15.0,0
ACC-12174,Mid-Market,24,18,2699.85,38,23,0.6053,19.1,1.0211,0.8023,1,1,8.9976,6,0,31.0,0
ACC-12175,SMB,24,10,1135.6,7,6,0.8571,19.9,0.9569,0.7162,4,0,0.0001,6,0,-36.0,0
ACC-12176,Mid-Market,12,5,8552.47,104,82,0.7885,11.05,1.101,0.7579,5,0,0.0001,4,0,67.0,0
ACC-12177,Mid-Market,24,23,5979.97,57,53,0.9298,16.61,0.9231,0.6896,2,1,4.4995,7,20,,1
ACC-12178,SMB,12,28,1899.06,24,14,0.5833,10.45,0.658,0.697,4,0,0.0001,1,0,56.0,0
ACC-12179,Mid-Market,12,12,9480.55,120,59,0.4917,36.76,1.1572,0.636,5,0,0.0001,2,0,-20.0,0
ACC-12180,Mid-Market,12,6,3766.88,137,111,0.8102,8.78,1.8051,0.6652,3,0,0.0001,3,0,46.0,0
ACC-12181,Mid-Market,24,18,6953.46,47,21,0.4468,14.59,1.1527,0.6233,3,0,0.0001,6,0,,0
ACC-12182,Enterprise,12,15,11906.43,916,671,0.7325,7.21,0.8154,0.7812,2,0,0.0001,3,0,10.0,0
ACC-12183,Mid-Market,12,13,4060.73,31,22,0.7097,6.42,1.6918,0.522,2,0,0.0001,4,0,13.0,0
ACC-12184,SMB,12,21,1739.85,25,17,0.68,6.06,0.7706,0.7516,2,0,0.0001,7,0,24.0,0
ACC-12185,SMB,24,18,1590.7,18,14,0.7778,12.47,1.2447,0.6437,1,1,8.9976,2,0,79.0,0
ACC-12186,SMB,24,21,1583.82,7,7,1.0,6.75,1.5922,0.704,4,0,0.0001,4,0,42.0,0
ACC-12187,SMB,24,17,1788.08,16,11,0.6875,12.13,1.7073,0.9747,3,1,2.9998,4,0,24.0,0
ACC-12188,SMB,12,10,1948.41,29,19,0.6552,13.64,0.7597,0.5732,2,2,8.9988,4,0,53.0,1
ACC-12189,SMB,12,10,1255.85,9,6,0.6667,16.69,1.1799,0.741,4,0,0.0001,5,0,100.0,0
ACC-12190,Mid-Market,24,17,9766.42,37,33,0.8919,15.29,1.3794,0.7048,3,1,2.9998,3,16,,1
ACC-12191,SMB,12,27,1731.57,12,9,0.75,6.71,1.329,0.9137,2,0,0.0001,1,0,54.0,0
ACC-12192,SMB,36,18,1052.72,13,8,0.6154,19.0,1.0977,0.7429,6,0,0.0,6,0,23.0,0
ACC-12193,Mid-Market,24,11,4233.27,127,110,0.8661,15.55,0.7392,0.6345,1,0,0.0003,6,0,,0
ACC-12194,Enterprise,12,18,13364.61,551,347,0.6298,5.84,0.9538,0.9594,8,1,1.125,3,0,,0
ACC-12195,Mid-Market,12,19,5314.4,45,30,0.6667,7.95,0.9975,0.51,2,0,0.0001,2,0,47.0,0
ACC-12196,Mid-Market,24,11,2748.41,73,49,0.6712,10.78,0.8286,0.8142,3,0,0.0001,3,0,57.0,0
ACC-12197,SMB,12,45,1347.15,12,9,0.75,21.35,1.0759,0.7257,5,0,0.0001,4,0,,0
ACC-12198,Mid-Market,12,26,3169.25,136,115,0.8456,28.31,1.3719,0.8025,1,0,0.0003,6,0,,0
ACC-12199,Mid-Market,24,15,4358.96,121,104,0.8595,20.24,0.6748,0.8231,4,1,2.2499,1,0,8.0,0
ACC-12200,SMB,12,43,629.03,32,27,0.8438,20.76,1.0876,0.6769,2,0,0.0001,4,12,-5.0,0
ACC-12201,Enterprise,24,20,11438.31,494,301,0.6093,27.22,0.7594,0.7192,9,1,1.0,5,0,,0
ACC-12202,Mid-Market,12,19,2934.69,31,23,0.7419,12.74,1.0139,0.6426,4,0,0.0001,4,0,5.0,0
ACC-12203,Enterprise,24,34,16538.55,189,159,0.8413,13.76,0.9627,0.2685,2,0,0.0001,3,0,72.0,0
ACC-12204,SMB,12,27,2331.32,25,16,0.64,5.74,1.1402,0.8452,0,0,1.0,2,0,65.0,0
ACC-12205,SMB,12,22,698.26,19,13,0.6842,20.68,0.8429,0.6948,1,0,0.0003,3,0,,0
ACC-12206,Mid-Market,24,13,8490.83,105,102,0.9714,12.93,1.4594,0.204,1,0,0.0003,3,0,28.0,0
ACC-12207,SMB,24,17,802.24,10,7,0.7,7.37,0.7874,0.5825,6,1,1.5,1,0,0.0,0
ACC-12208,Mid-Market,12,15,2967.52,72,66,0.9167,15.39,1.1854,0.3365,4,1,2.2499,2,0,,0
ACC-12209,SMB,12,11,1044.35,14,10,0.7143,10.28,1.315,0.9135,7,0,0.0,5,0,,0
ACC-12210,SMB,24,53,1299.2,20,16,0.8,13.04,0.8346,0.3858,3,0,0.0001,4,0,,0
ACC-12211,SMB,12,27,696.55,33,26,0.7879,10.74,0.9328,0.6801,3,0,0.0001,3,0,33.0,0
ACC-12212,Enterprise,36,15,40199.87,862,637,0.739,21.75,1.2025,0.3841,1,1,8.9976,4,0,82.0,0
ACC-12213,SMB,36,21,1031.05,9,6,0.6667,17.3,1.5174,0.759,6,1,1.5,4,0,,0
ACC-12214,SMB,24,15,2402.32,22,18,0.8182,25.4,0.5821,0.5365,2,0,0.0001,7,0,21.0,0
ACC-12215,Mid-Market,12,10,4760.96,137,114,0.8321,9.85,1.0486,0.8642,0,1,30001.0,5,0,25.0,0
ACC-12216,SMB,12,5,1403.17,21,9,0.4286,23.92,1.0863,0.6781,5,1,1.8,5,0,56.0,0
ACC-12217,Mid-Market,24,22,2603.18,48,39,0.8125,5.33,1.246,0.4668,1,1,8.9976,6,0,26.0,0
ACC-12218,SMB,12,17,416.5,19,16,0.8421,15.42,1.3699,0.5871,4,1,2.2499,5,0,,0
ACC-12219,Enterprise,12,31,27210.3,403,246,0.6104,34.57,1.0054,0.5767,4,0,0.0001,4,0,89.0,0
ACC-12220,SMB,12,12,2295.42,12,11,0.9167,10.23,0.6652,0.6893,4,0,0.0001,6,0,,0
ACC-12221,Mid-Market,12,31,9126.23,139,125,0.8993,11.96,0.969,0.7628,1,0,0.0003,1,0,78.0,0
ACC-12222,Enterprise,12,33,35466.56,666,412,0.6186,11.19,1.1765,0.889,1,0,0.0003,6,0,26.0,0
ACC-12223,Mid-Market,12,6,4988.5,65,58,0.8923,16.83,1.4566,0.4683,4,0,0.0001,5,0,,0
ACC-12224,Enterprise,24,29,15831.89,318,206,0.6478,19.95,0.9016,0.6783,7,1,1.2857,3,0,,0
ACC-12225,Mid-Market,12,26,9397.11,114,92,0.807,9.93,1.0746,0.5864,5,0,0.0001,1,4,-3.0,0
ACC-12226,Mid-Market,12,16,6983.92,73,58,0.7945,18.71,0.6906,0.7665,6,2,2.9999,3,0,,1
ACC-12227,Mid-Market,12,31,6967.07,80,61,0.7625,16.32,2.179,0.7778,6,0,0.0,2,0,19.0,0
ACC-12228,Mid-Market,24,28,5527.2,145,80,0.5517,9.35,1.1964,0.708,2,0,0.0001,4,0,14.0,0
ACC-12229,Mid-Market,12,18,3790.78,141,106,0.7518,35.39,1.509,0.474,3,0,0.0001,4,0,,0
ACC-12230,SMB,24,6,2173.23,7,4,0.5714,14.12,1.0922,0.6144,2,0,0.0001,1,20,4.0,0
ACC-12231,Enterprise,36,14,12726.62,395,245,0.6203,9.81,0.9192,0.7132,3,0,0.0001,4,0,,0
ACC-12232,SMB,12,29,2307.89,17,13,0.7647,8.78,1.1239,0.7508,4,1,2.2499,7,0,,0
ACC-12233,SMB,12,20,574.16,11,6,0.5455,14.55,0.9407,0.854,5,0,0.0001,4,0,84.0,0
ACC-12234,SMB,12,13,2072.9,12,12,1.0,32.78,0.9662,0.7727,3,2,5.9995,10,0,71.0,0
ACC-12235,Mid-Market,36,17,5665.02,129,89,0.6899,8.06,0.8297,0.4762,3,0,0.0001,6,0,,0
ACC-12236,SMB,24,18,1808.88,25,18,0.72,6.24,1.1526,0.7008,2,0,0.0001,3,0,63.0,0
ACC-12237,Enterprise,24,10,39309.67,958,598,0.6242,7.03,1.0812,0.6931,4,1,2.2499,5,0,,0
ACC-12238,Enterprise,12,13,18438.66,655,401,0.6122,27.89,0.5886,0.924,4,1,2.2499,3,0,,0
ACC-12239,Mid-Market,36,50,6578.78,35,22,0.6286,28.5,0.9975,0.8873,3,0,0.0001,7,0,34.0,0
ACC-12240,SMB,12,3,1304.02,9,7,0.7778,8.0,0.7267,0.8085,0,2,60001.0,7,0,-15.0,1
ACC-12241,Enterprise,12,17,23581.64,621,426,0.686,6.22,1.0777,0.633,3,1,2.9998,1,0,57.0,0
ACC-12242,Mid-Market,24,29,5801.47,116,90,0.7759,8.92,1.2906,0.6919,2,1,4.4995,9,0,2.0,0
ACC-12243,SMB,36,17,2033.55,34,18,0.5294,9.65,1.6545,0.6908,5,0,0.0001,3,4,1.0,0
ACC-12244,SMB,12,12,2010.21,8,6,0.75,6.43,0.991,0.8965,3,0,0.0001,5,0,,0
ACC-12245,Mid-Market,12,14,4308.27,129,84,0.6512,14.22,1.1016,0.8486,1,1,8.9976,3,0,,0
ACC-12246,Enterprise,12,43,42818.07,533,394,0.7392,24.09,0.7916,0.6332,5,1,1.8,2,0,,0
ACC-12247,SMB,12,24,2401.5,31,23,0.7419,2.41,1.1437,0.548,6,1,1.5,3,0,15.0,0
ACC-12248,Mid-Market,12,23,8077.22,91,74,0.8132,9.49,0.8477,0.6823,1,0,0.0003,7,0,1.0,0
ACC-12249,Enterprise,36,16,36135.63,636,541,0.8506,6.03,0.6861,0.5089,6,0,0.0,2,0,19.0,0
ACC-12250,Enterprise,24,19,17998.26,950,615,0.6474,19.58,0.6502,0.7468,4,1,2.2499,1,0,100.0,0
ACC-12251,SMB,24,9,670.86,5,3,0.6,7.34,1.2042,0.543,3,1,2.9998,1,0,26.0,0
ACC-12252,SMB,24,45,911.15,30,26,0.8667,6.97,0.945,0.4868,4,0,0.0001,3,0,56.0,0
ACC-12253,SMB,12,25,495.36,19,15,0.7895,7.08,1.0795,0.6065,3,0,0.0001,4,0,,0
ACC-12254,SMB,24,17,1319.6,12,9,0.75,11.19,0.7411,0.3945,0,1,30001.0,4,0,,1
ACC-12255,Mid-Market,24,19,9278.42,91,40,0.4396,40.79,0.9618,0.3682,2,0,0.0001,2,0,7.0,0
ACC-12256,Mid-Market,12,22,5547.15,37,28,0.7568,27.49,0.8793,0.2587,4,0,0.0001,4,0,22.0,0
ACC-12257,Mid-Market,24,9,5540.11,120,31,0.2583,7.88,0.7853,0.7798,1,0,0.0003,3,0,62.0,0
ACC-12258,Mid-Market,12,14,3818.56,112,101,0.9018,18.87,1.1172,0.7073,2,0,0.0001,6,0,76.0,0
ACC-12259,Mid-Market,24,9,6596.23,109,82,0.7523,23.23,0.94,0.7878,4,0,0.0001,4,0,-14.0,0
ACC-12260,SMB,36,25,2465.67,34,31,0.9118,19.0,1.0963,0.7594,3,0,0.0001,5,0,,0
ACC-12261,Mid-Market,12,7,3407.67,36,18,0.5,26.21,0.7082,0.8611,4,0,0.0001,3,0,-4.0,0
ACC-12262,SMB,24,10,957.79,25,18,0.72,20.37,1.3425,0.5096,4,0,0.0001,5,0,,0
ACC-12263,Mid-Market,12,27,3808.57,72,30,0.4167,9.96,0.9213,0.5382,6,0,0.0,5,0,-43.0,0
ACC-12264,Mid-Market,24,19,8193.78,50,45,0.9,2.22,1.0336,0.7981,2,0,0.0001,1,0,-1.0,0
ACC-12265,Mid-Market,12,41,7813.89,100,71,0.71,17.0,1.0507,0.9222,8,0,0.0,5,0,68.0,0
ACC-12266,Mid-Market,12,14,4583.95,67,53,0.791,10.69,1.2683,0.6247,4,1,2.2499,2,0,64.0,0
ACC-12267,SMB,12,16,2224.55,16,10,0.625,8.05,1.6256,0.8259,4,1,2.2499,4,0,,0
ACC-12268,Mid-Market,24,36,3433.64,32,19,0.5938,16.02,0.7307,0.5349,1,1,8.9976,1,0,52.0,0
ACC-12269,Mid-Market,12,31,4151.24,116,89,0.7672,26.73,0.899,0.4928,3,0,0.0001,3,8,13.0,0
ACC-12270,Enterprise,36,27,35464.2,314,241,0.7675,14.31,0.6781,0.8485,2,0,0.0001,5,0,,0
ACC-12271,Mid-Market,12,11,5211.12,34,23,0.6765,5.08,0.7946,0.8003,4,0,0.0001,2,0,,0
ACC-12272,Mid-Market,36,11,2215.07,137,63,0.4599,19.62,0.7349,0.4288,3,0,0.0001,3,0,76.0,0
ACC-12273,SMB,24,16,1282.83,17,10,0.5882,10.47,0.8943,0.7768,5,0,0.0001,2,0,57.0,0
ACC-12274,SMB,12,16,1369.09,11,9,0.8182,17.99,1.7225,0.8662,3,0,0.0001,5,0,2.0,0
ACC-12275,Mid-Market,12,11,7800.05,136,104,0.7647,17.75,1.1293,0.4244,4,0,0.0001,6,0,,0
ACC-12276,SMB,24,14,1418.36,22,17,0.7727,11.13,1.6529,0.5006,1,0,0.0003,5,0,100.0,0
ACC-12277,Mid-Market,24,17,4250.33,131,95,0.7252,20.99,0.6919,0.7295,2,0,0.0001,5,0,63.0,0
ACC-12278,Mid-Market,24,30,2652.59,143,121,0.8462,16.23,0.8743,0.7368,4,0,0.0001,3,0,,0
ACC-12279,Enterprise,12,35,12322.66,744,627,0.8427,9.08,4.0245,0.6824,8,0,0.0,5,0,,0
ACC-12280,Mid-Market,12,25,5574.7,62,40,0.6452,12.66,1.6188,0.7471,3,1,2.9998,1,0,0.0,0
ACC-12281,Mid-Market,36,7,6360.78,88,55,0.625,17.19,1.0083,0.656,2,0,0.0001,2,0,16.0,0
ACC-12282,Mid-Market,12,32,8194.17,39,24,0.6154,15.15,0.8463,0.6615,2,0,0.0001,6,0,43.0,0
ACC-12283,Enterprise,12,25,29364.27,350,300,0.8571,13.5,0.9801,0.6198,3,0,0.0001,4,4,63.0,0
ACC-12284,Enterprise,12,28,27874.68,520,301,0.5788,12.76,1.3788,0.7535,5,0,0.0001,4,0,17.0,0
ACC-12285,Mid-Market,24,11,2092.48,49,20,0.4082,28.39,1.0425,0.8938,4,0,0.0001,1,0,4.0,0
ACC-12286,SMB,24,37,1874.39,6,2,0.3333,14.05,0.9426,0.6231,5,0,0.0001,7,0,83.0,0
ACC-12287,Mid-Market,12,15,6195.26,63,41,0.6508,20.55,1.1012,0.6791,6,1,1.5,4,0,62.0,0
ACC-12288,Mid-Market,12,11,8920.57,134,96,0.7164,8.17,0.9271,0.7826,3,1,2.9998,2,0,,0
ACC-12289,Enterprise,12,26,33875.11,320,276,0.8625,8.4,0.6375,0.5932,4,0,0.0001,4,0,32.0,0
ACC-12290,Mid-Market,12,17,4336.91,64,40,0.625,8.45,1.401,0.6856,2,0,0.0001,8,0,-38.0,0
ACC-12291,Mid-Market,12,24,5240.84,103,46,0.4466,17.56,0.7243,0.6067,4,0,0.0001,4,0,,0
ACC-12292,Mid-Market,36,14,7348.76,83,67,0.8072,11.21,0.9832,0.9079,6,0,0.0,3,0,35.0,0
ACC-12293,Mid-Market,12,9,4181.01,52,39,0.75,6.57,1.1459,0.4221,1,2,17.9949,7,0,,1
ACC-12294,Enterprise,12,14,39168.96,542,422,0.7786,10.7,0.688,0.7129,5,0,0.0001,2,0,11.0,0
ACC-12295,Enterprise,24,7,26960.14,167,140,0.8383,15.66,0.9295,0.7557,1,0,0.0003,4,0,37.0,0
ACC-12296,Mid-Market,12,25,4618.21,133,88,0.6617,12.83,0.909,0.7645,4,0,0.0001,4,0,,0
ACC-12297,Enterprise,24,3,20112.14,816,595,0.7292,24.86,0.8735,0.6478,2,0,0.0001,6,0,,0
ACC-12298,Enterprise,12,31,24728.93,655,604,0.9221,14.34,1.2905,0.6121,2,1,4.4995,6,0,,0
ACC-12299,Mid-Market,12,8,9337.99,139,119,0.8561,21.21,0.8882,0.6317,7,2,2.5714,4,0,53.0,1
ACC-12300,SMB,36,29,2247.35,12,9,0.75,4.13,1.0139,0.7817,4,0,0.0001,3,0,5.0,0
ACC-12301,Mid-Market,24,23,2710.55,63,52,0.8254,14.73,1.0163,0.6465,1,0,0.0003,2,0,15.0,0
ACC-12302,Mid-Market,12,4,3441.28,65,35,0.5385,1.15,1.0191,0.745,3,0,0.0001,5,0,60.0,0
ACC-12303,Mid-Market,24,19,7161.92,82,66,0.8049,4.86,1.0628,0.612,3,0,0.0001,6,0,48.0,0
ACC-12304,SMB,36,7,441.17,9,6,0.6667,11.11,1.2647,0.592,1,1,8.9976,5,0,16.0,0
ACC-12305,Mid-Market,12,19,5251.69,108,80,0.7407,6.7,0.8118,0.5694,5,1,1.8,6,0,-15.0,0
ACC-12306,Enterprise,12,12,11664.46,425,415,0.9765,24.45,0.8255,0.7875,2,0,0.0001,4,0,58.0,0
ACC-12307,Mid-Market,36,4,2585.94,149,94,0.6309,6.04,0.7537,0.7874,4,1,2.2499,4,0,71.0,0
ACC-12308,Enterprise,12,22,42773.91,260,231,0.8885,13.47,0.6346,0.3595,1,0,0.0003,4,0,19.0,0
ACC-12309,Mid-Market,24,16,2066.97,66,37,0.5606,17.51,0.7196,0.558,3,0,0.0001,3,0,-14.0,0
ACC-12310,Mid-Market,24,17,2964.57,56,48,0.8571,28.34,0.6171,0.4952,3,1,2.9998,6,0,20.0,0
ACC-12311,SMB,24,5,2064.11,7,6,0.8571,10.31,0.7081,0.626,2,2,8.9988,7,4,-35.0,1
ACC-12312,Mid-Market,12,5,9314.37,147,99,0.6735,11.79,1.0282,0.5107,4,1,2.2499,6,0,,0
ACC-12313,SMB,12,14,925.12,9,8,0.8889,25.17,1.0405,0.5437,3,1,2.9998,5,0,34.0,0
ACC-12314,SMB,24,29,877.92,24,20,0.8333,18.51,1.2993,0.9522,1,0,0.0003,1,0,,0
ACC-12315,Enterprise,12,25,11130.99,599,289,0.4825,7.23,0.6659,0.9842,3,0,0.0001,8,0,27.0,0
ACC-12316,Mid-Market,12,22,8109.73,105,62,0.5905,7.1,1.179,0.4521,1,1,8.9976,1,0,40.0,0
ACC-12317,Mid-Market,12,34,3833.11,125,90,0.72,6.11,0.9721,0.5778,6,1,1.5,4,0,19.0,0
ACC-12318,Mid-Market,12,12,5310.28,83,72,0.8675,10.64,0.9367,0.8155,2,1,4.4995,6,0,45.0,0
ACC-12319,Mid-Market,36,23,5754.98,75,57,0.76,13.92,1.2731,0.8517,3,0,0.0001,2,0,64.0,0
ACC-12320,SMB,12,6,476.17,26,22,0.8462,11.12,0.6903,0.9059,4,0,0.0001,2,0,,0
ACC-12321,SMB,36,52,818.17,25,16,0.64,20.09,0.953,0.7848,3,0,0.0001,4,0,29.0,0
ACC-12322,Mid-Market,12,11,5607.12,138,106,0.7681,16.91,0.8039,0.5224,5,0,0.0001,4,8,,0
ACC-12323,Mid-Market,24,22,5358.93,117,43,0.3675,44.22,1.2978,0.6624,8,0,0.0,8,0,,0
ACC-12324,SMB,12,40,2156.22,32,31,0.9688,5.28,1.2418,0.6291,4,0,0.0001,4,0,48.0,0
ACC-12325,SMB,24,14,2460.74,8,6,0.75,5.4,0.7082,0.7838,3,0,0.0001,4,0,29.0,0
ACC-12326,SMB,24,22,2320.43,32,14,0.4375,19.79,0.8842,0.5989,4,0,0.0001,3,0,69.0,0
ACC-12327,Enterprise,12,19,13957.32,512,414,0.8086,16.11,0.9572,0.7688,4,0,0.0001,4,0,,0
ACC-12328,Mid-Market,36,13,9916.22,55,46,0.8364,4.4,0.9133,0.8051,3,0,0.0001,5,0,61.0,0
ACC-12329,Enterprise,12,11,36238.69,652,508,0.7791,28.22,0.7716,0.755,5,1,1.8,5,0,,0
ACC-12330,Mid-Market,24,8,7598.97,130,103,0.7923,8.35,0.7952,0.4732,3,0,0.0001,1,0,50.0,0
ACC-12331,Enterprise,36,2,31329.66,771,568,0.7367,10.97,1.0594,0.7547,7,2,2.5714,2,0,99.0,0
ACC-12332,Mid-Market,24,15,4498.65,147,86,0.585,22.25,0.7601,0.776,1,0,0.0003,8,0,59.0,0
ACC-12333,SMB,36,11,1820.37,25,22,0.88,8.69,0.8906,0.8484,2,0,0.0001,5,0,7.0,0
ACC-12334,Enterprise,12,10,29301.13,392,180,0.4592,14.65,1.2893,0.7722,4,0,0.0001,6,0,100.0,0
ACC-12335,Mid-Market,12,24,7622.92,43,34,0.7907,11.56,0.7286,0.3327,2,0,0.0001,1,0,43.0,0
ACC-12336,Mid-Market,12,18,3763.01,123,90,0.7317,18.34,1.0149,0.7506,3,1,2.9998,5,0,57.0,0
ACC-12337,Mid-Market,12,30,5793.88,78,74,0.9487,11.01,0.7056,0.5105,4,0,0.0001,1,0,27.0,0
ACC-12338,Enterprise,24,13,31265.81,235,189,0.8043,23.83,0.8452,0.6861,6,0,0.0,6,0,,0
ACC-12339,Mid-Market,12,8,8068.54,104,78,0.75,3.62,1.2321,0.9256,4,1,2.2499,5,0,,0
ACC-12340,SMB,24,24,714.7,19,13,0.6842,9.82,0.707,0.8983,0,0,1.0,8,0,19.0,0
ACC-12341,Enterprise,12,25,37251.36,366,318,0.8689,8.21,0.6495,0.9268,2,0,0.0001,6,0,,0
ACC-12342,Enterprise,12,20,36476.38,106,90,0.8491,7.29,1.9087,0.8776,4,0,0.0001,2,16,37.0,0
ACC-12343,Mid-Market,24,10,7188.42,68,44,0.6471,18.2,0.677,0.5573,2,1,4.4995,6,0,32.0,0
ACC-12344,SMB,12,17,1672.19,10,7,0.7,3.98,0.8553,0.8733,3,0,0.0001,4,0,-14.0,0
ACC-12345,SMB,24,8,888.18,8,5,0.625,29.99,0.748,0.8716,8,0,0.0,3,0,,0
ACC-12346,SMB,12,11,1096.36,23,20,0.8696,10.55,0.8277,0.5871,5,0,0.0001,4,16,27.0,1
ACC-12347,Mid-Market,24,32,8351.34,89,51,0.573,4.43,0.8463,0.5836,2,0,0.0001,2,0,,0
ACC-12348,Mid-Market,12,12,2471.83,78,67,0.859,3.17,1.0915,0.666,3,0,0.0001,2,0,34.0,0
ACC-12349,Enterprise,12,28,41426.44,446,363,0.8139,4.35,1.4362,0.7952,1,2,17.9949,2,0,70.0,0
ACC-12350,Mid-Market,24,21,8769.55,57,51,0.8947,11.35,0.9987,0.6358,4,1,2.2499,2,0,24.0,0
ACC-12351,SMB,24,40,1361.51,22,14,0.6364,7.02,0.8768,0.2819,4,1,2.2499,5,0,28.0,0
ACC-12352,Mid-Market,12,20,5934.29,33,29,0.8788,11.29,0.9042,0.6691,3,0,0.0001,5,0,,0
ACC-12353,SMB,12,19,1350.35,5,4,0.8,8.82,0.755,0.5598,4,0,0.0001,4,0,-13.0,0
ACC-12354,SMB,12,6,403.82,18,9,0.5,18.4,0.7687,0.8641,2,0,0.0001,2,0,,0
ACC-12355,Enterprise,12,11,17906.22,824,724,0.8786,18.99,0.8362,0.6983,3,2,5.9995,5,0,4.0,1
ACC-12356,SMB,24,14,989.39,20,17,0.85,11.77,0.8995,0.6896,6,1,1.5,6,0,,0
ACC-12357,Enterprise,24,49,37940.62,119,79,0.6639,22.97,0.8065,0.8301,4,0,0.0001,1,0,5.0,0
ACC-12358,Mid-Market,12,11,7235.07,99,77,0.7778,26.91,0.7115,0.4624,1,0,0.0003,5,0,,0
ACC-12359,Enterprise,12,8,38159.54,409,272,0.665,16.75,0.8068,0.6508,1,0,0.0003,7,0,,0
ACC-12360,Enterprise,24,7,38243.41,793,403,0.5082,7.82,0.8604,0.79,3,0,0.0001,6,0,,0
ACC-12361,Mid-Market,12,6,7564.17,50,47,0.94,6.87,1.3026,0.95,3,1,2.9998,2,0,,0
ACC-12362,Mid-Market,24,49,4097.98,108,42,0.3889,7.15,1.0826,0.7326,3,1,2.9998,6,0,38.0,0
ACC-12363,Mid-Market,12,19,2537.84,110,89,0.8091,12.83,0.8751,0.5072,9,1,1.0,4,0,85.0,0
ACC-12364,Mid-Market,24,9,8818.2,101,85,0.8416,7.12,0.8509,0.9202,2,1,4.4995,3,0,40.0,0
ACC-12365,Enterprise,12,34,19729.73,551,374,0.6788,8.75,1.3085,0.2755,5,1,1.8,5,0,,0
ACC-12366,Enterprise,24,43,20339.94,891,681,0.7643,14.83,0.7476,0.6315,5,0,0.0001,2,4,,0
ACC-12367,Mid-Market,12,9,7811.47,138,137,0.9928,15.86,1.5008,0.61,2,0,0.0001,9,0,54.0,0
ACC-12368,Mid-Market,12,13,2643.61,101,81,0.802,7.0,2.1796,0.7022,2,0,0.0001,6,0,,0
ACC-12369,SMB,24,31,1999.93,23,21,0.913,25.52,1.5941,0.7281,2,0,0.0001,4,0,57.0,0
ACC-12370,SMB,12,25,1895.55,18,14,0.7778,7.4,1.7994,0.6481,9,0,0.0,5,12,,0
ACC-12371,SMB,12,15,957.88,9,9,1.0,10.38,1.1294,0.91,4,0,0.0001,1,0,16.0,0
ACC-12372,SMB,12,32,1977.13,16,10,0.625,8.12,1.0746,0.8555,3,0,0.0001,2,0,1.0,0
ACC-12373,Mid-Market,12,6,6779.05,107,91,0.8505,6.7,0.972,0.6803,3,1,2.9998,2,0,,1
ACC-12374,SMB,36,8,2091.32,25,22,0.88,13.61,1.3095,0.7611,4,0,0.0001,3,0,46.0,0
ACC-12375,Mid-Market,24,11,5336.04,139,115,0.8273,8.25,1.3091,0.2771,3,0,0.0001,7,28,,1
ACC-12376,Mid-Market,12,10,7923.92,107,83,0.7757,20.5,0.6584,0.4954,4,0,0.0001,3,0,,0
ACC-12377,SMB,24,4,1475.27,22,17,0.7727,14.31,0.7618,0.652,0,0,1.0,3,0,22.0,0
ACC-12378,Mid-Market,12,13,4342.95,99,71,0.7172,26.77,1.2237,0.5357,1,0,0.0003,3,0,80.0,0
ACC-12379,SMB,36,23,1101.0,25,18,0.72,7.92,0.9867,0.7318,1,0,0.0003,8,4,34.0,0
ACC-12380,SMB,12,27,2379.84,32,29,0.9062,11.29,0.8973,0.6867,5,0,0.0001,6,8,,0
ACC-12381,SMB,24,26,1891.07,33,20,0.6061,14.35,0.8889,0.5199,3,0,0.0001,8,0,29.0,0
ACC-12382,SMB,12,30,709.68,34,21,0.6176,15.78,1.4108,0.7682,3,0,0.0001,4,0,,0
ACC-12383,Mid-Market,12,21,4331.35,114,78,0.6842,2.63,0.6171,0.4428,1,0,0.0003,6,0,-20.0,0
ACC-12384,Mid-Market,12,12,4674.81,119,91,0.7647,19.32,0.8545,0.7713,4,1,2.2499,8,0,83.0,0
ACC-12385,Mid-Market,12,5,3468.9,102,68,0.6667,27.48,0.8394,0.7969,2,2,8.9988,1,0,65.0,0
ACC-12386,Mid-Market,24,5,7995.44,96,64,0.6667,18.28,1.547,0.648,5,1,1.8,4,0,,0
ACC-12387,Mid-Market,12,18,5484.81,117,71,0.6068,14.01,0.7577,0.8025,3,0,0.0001,5,8,28.0,0
ACC-12388,SMB,36,9,1493.23,25,18,0.72,22.86,1.1237,0.6958,5,0,0.0001,2,20,55.0,0
ACC-12389,SMB,12,17,1484.1,30,26,0.8667,28.16,0.9156,0.7146,4,0,0.0001,5,0,67.0,0
ACC-12390,Mid-Market,24,8,2688.36,133,79,0.594,9.09,1.0006,0.8952,5,0,0.0001,4,0,22.0,0
ACC-12391,Enterprise,36,33,40469.25,560,506,0.9036,3.9,0.8186,0.3929,3,1,2.9998,3,0,44.0,0
ACC-12392,Mid-Market,24,14,9512.27,32,28,0.875,16.84,0.8326,0.8313,1,0,0.0003,2,0,,0
ACC-12393,Enterprise,24,14,27968.48,861,664,0.7712,6.95,1.0539,0.5368,7,1,1.2857,1,4,,0
ACC-12394,SMB,24,15,2126.63,28,22,0.7857,6.62,0.7215,0.6387,1,0,0.0003,1,0,-18.0,0
ACC-12395,Mid-Market,12,2,4290.4,70,61,0.8714,12.17,1.0929,0.8566,8,0,0.0,4,12,,0
ACC-12396,Enterprise,24,31,33788.9,430,302,0.7023,8.51,1.1762,0.5287,3,0,0.0001,2,0,,0
ACC-12397,Enterprise,12,8,17949.12,532,413,0.7763,20.77,0.9,0.7962,4,1,2.2499,3,0,28.0,0
ACC-12398,Mid-Market,12,15,7158.25,148,141,0.9527,16.06,1.1766,0.5211,3,0,0.0001,3,0,19.0,0
ACC-12399,Mid-Market,12,17,5037.07,33,29,0.8788,13.03,0.8189,0.829,3,0,0.0001,3,0,6.0,0
ACC-12400,Mid-Market,24,10,3582.64,125,85,0.68,6.3,0.8768,0.5316,3,0,0.0001,2,0,74.0,0
ACC-12401,Enterprise,12,23,37337.68,519,341,0.657,24.97,1.0052,0.6018,3,1,2.9998,3,0,18.0,0
ACC-12402,Mid-Market,12,29,3761.59,132,121,0.9167,9.02,0.7483,0.7592,7,0,0.0,1,0,12.0,0
ACC-12403,Mid-Market,12,5,2362.36,69,54,0.7826,17.22,1.0492,0.4796,3,0,0.0001,4,0,9.0,0
ACC-12404,SMB,36,25,1061.42,30,20,0.6667,10.23,1.3503,0.7035,2,0,0.0001,4,0,,0
ACC-12405,Mid-Market,12,4,9288.51,38,31,0.8158,6.63,1.0883,0.8298,2,1,4.4995,4,0,16.0,0
ACC-12406,Mid-Market,12,10,2070.99,65,44,0.6769,4.54,1.0373,0.8574,4,0,0.0001,4,0,,0
ACC-12407,Mid-Market,12,12,3170.46,96,43,0.4479,12.16,1.39,0.4274,6,1,1.5,6,0,25.0,0
ACC-12408,SMB,36,12,1652.88,11,8,0.7273,16.6,1.4387,0.782,3,0,0.0001,2,0,,0
ACC-12409,Mid-Market,36,32,9863.22,84,65,0.7738,23.96,1.1603,0.4031,5,1,1.8,3,0,31.0,0
ACC-12410,SMB,24,12,1068.07,34,18,0.5294,20.81,1.2349,0.5179,2,1,4.4995,3,12,50.0,0
ACC-12411,Enterprise,24,12,12753.63,476,328,0.6891,6.09,1.0444,0.7132,3,0,0.0001,4,0,,0
ACC-12412,Mid-Market,12,7,6241.99,32,19,0.5938,8.14,0.9428,0.7706,1,0,0.0003,5,0,45.0,0
ACC-12413,Enterprise,36,20,13514.64,801,644,0.804,4.19,1.0098,0.6678,6,0,0.0,2,0,73.0,0
ACC-12414,Mid-Market,12,15,5889.82,93,45,0.4839,18.82,0.9281,0.2033,4,1,2.2499,8,8,,0
ACC-12415,SMB,12,22,1214.5,21,18,0.8571,16.68,0.941,0.3932,4,0,0.0001,5,0,,0
ACC-12416,Mid-Market,12,7,2093.98,71,68,0.9577,6.33,0.8252,0.516,3,1,2.9998,3,0,,0
ACC-12417,Enterprise,24,40,36074.73,866,243,0.2806,21.55,1.2453,0.6292,8,1,1.125,3,0,,0
ACC-12418,Enterprise,24,25,17000.63,625,567,0.9072,14.62,1.0958,0.7543,3,1,2.9998,5,24,70.0,0
ACC-12419,Mid-Market,12,60,8333.69,89,50,0.5618,7.74,0.9416,0.465,0,1,30001.0,4,0,,0
ACC-12420,Enterprise,36,17,12666.79,616,600,0.974,15.88,0.9917,0.6047,5,2,3.5998,3,0,,1
ACC-12421,Enterprise,12,28,37209.72,248,217,0.875,17.93,0.8611,0.6323,4,1,2.2499,5,0,9.0,0
ACC-12422,SMB,12,41,1667.26,17,14,0.8235,17.9,1.1113,0.9309,3,0,0.0001,8,0,26.0,0
ACC-12423,Mid-Market,12,20,2355.76,69,40,0.5797,6.41,0.8343,0.5883,5,1,1.8,7,0,84.0,0
ACC-12424,Mid-Market,24,15,8488.87,74,58,0.7838,17.1,0.686,0.4539,2,0,0.0001,7,0,33.0,0
ACC-12425,SMB,24,12,672.68,19,10,0.5263,11.17,1.188,0.7597,5,0,0.0001,2,0,,0
ACC-12426,Enterprise,12,14,40328.91,735,686,0.9333,10.19,0.825,0.9177,2,0,0.0001,4,0,27.0,0
ACC-12427,SMB,24,18,1499.72,13,7,0.5385,20.53,0.8783,0.4783,2,0,0.0001,3,0,80.0,0
ACC-12428,Mid-Market,12,14,6995.07,67,47,0.7015,12.91,1.1687,0.6845,1,1,8.9976,3,0,,0
ACC-12429,SMB,24,24,1328.63,16,15,0.9375,6.82,0.7323,0.5572,6,0,0.0,2,0,2.0,0
ACC-12430,Mid-Market,36,35,9060.16,40,34,0.85,11.58,0.6835,0.2049,5,0,0.0001,4,0,41.0,0
ACC-12431,SMB,12,8,2310.44,31,22,0.7097,10.99,1.3771,0.7829,0,1,30001.0,6,4,15.0,0
ACC-12432,SMB,24,8,1755.01,11,8,0.7273,10.73,1.4966,0.6266,2,0,0.0001,3,0,,0
ACC-12433,Mid-Market,24,13,6855.22,96,82,0.8542,15.12,0.9556,0.7866,3,0,0.0001,3,0,59.0,0
ACC-12434,SMB,12,5,2261.11,32,28,0.875,12.21,0.7181,0.7278,7,0,0.0,4,0,50.0,0
ACC-12435,Mid-Market,36,39,7889.45,106,84,0.7925,15.28,3.3332,0.7278,5,1,1.8,3,0,2.0,0
ACC-12436,Mid-Market,12,30,9523.96,63,47,0.746,13.27,1.2596,0.9699,3,1,2.9998,3,0,,0
ACC-12437,Mid-Market,12,15,7884.31,80,76,0.95,13.55,0.9227,0.6404,3,0,0.0001,4,0,100.0,0
ACC-12438,Mid-Market,12,15,6327.06,85,57,0.6706,15.57,1.5309,0.7474,2,0,0.0001,3,0,,0
ACC-12439,Enterprise,12,20,18609.32,833,647,0.7767,15.68,0.9378,0.716,2,2,8.9988,6,0,29.0,0
ACC-12440,Mid-Market,24,10,5743.07,91,63,0.6923,15.57,0.8956,0.7623,5,0,0.0001,4,0,20.0,0
ACC-12441,Mid-Market,24,13,3446.78,114,94,0.8246,15.91,0.74,0.8252,6,0,0.0,4,0,17.0,0
ACC-12442,SMB,36,10,790.1,8,7,0.875,2.19,1.0354,0.8322,3,1,2.9998,3,8,4.0,0
ACC-12443,SMB,12,17,807.94,13,7,0.5385,19.2,0.7516,0.6216,2,0,0.0001,2,0,,0
ACC-12444,Mid-Market,12,17,6249.54,91,83,0.9121,24.12,1.1689,0.5063,4,1,2.2499,1,12,25.0,0
ACC-12445,Mid-Market,12,15,8546.55,97,39,0.4021,9.45,1.8334,0.5004,2,1,4.4995,3,0,48.0,0
ACC-12446,Mid-Market,12,28,3415.83,33,29,0.8788,7.9,0.7,0.6466,3,0,0.0001,2,0,,0
ACC-12447,Enterprise,36,15,31198.1,821,672,0.8185,24.19,0.9791,0.8069,4,1,2.2499,3,0,1.0,0
ACC-12448,Enterprise,24,16,38233.43,364,294,0.8077,21.76,0.9256,0.633,2,2,8.9988,7,0,24.0,0
ACC-12449,Mid-Market,12,6,3312.03,30,20,0.6667,13.42,1.6875,0.5992,3,1,2.9998,0,8,,0
ACC-12450,Mid-Market,24,24,4554.54,110,96,0.8727,11.8,1.002,0.8506,3,0,0.0001,2,0,52.0,0
ACC-12451,SMB,24,18,1908.51,21,20,0.9524,15.89,0.7902,0.9167,3,0,0.0001,3,0,,0
ACC-12452,Mid-Market,12,25,9265.89,49,9,0.1837,22.78,1.0925,0.8191,6,0,0.0,2,0,81.0,0
ACC-12453,Mid-Market,24,9,3025.2,114,89,0.7807,23.53,0.876,0.5511,3,0,0.0001,1,4,25.0,0
ACC-12454,Mid-Market,12,8,9543.42,106,68,0.6415,4.91,1.0253,0.8059,2,1,4.4995,1,0,,0
ACC-12455,Enterprise,12,14,28694.55,705,497,0.705,17.71,1.1188,0.6187,0,1,30001.0,6,0,45.0,0
ACC-12456,Mid-Market,12,4,4441.2,36,32,0.8889,19.73,1.2834,0.7254,2,0,0.0001,1,12,11.0,0
ACC-12457,Mid-Market,12,40,3956.82,135,92,0.6815,14.34,1.9406,0.9362,3,1,2.9998,2,0,,0
ACC-12458,Mid-Market,12,14,8296.18,43,40,0.9302,21.1,0.7797,0.7843,2,2,8.9988,3,12,-42.0,1
ACC-12459,Mid-Market,12,3,2651.12,106,84,0.7925,8.47,0.891,0.7488,1,0,0.0003,3,0,16.0,0
ACC-12460,SMB,12,12,2048.01,29,21,0.7241,7.35,1.0267,0.9505,6,0,0.0,8,0,,0
ACC-12461,SMB,24,15,611.14,19,16,0.8421,15.54,0.891,0.6136,5,0,0.0001,1,0,49.0,0
ACC-12462,Mid-Market,36,35,2399.92,140,108,0.7714,10.6,0.7911,0.7554,5,0,0.0001,2,0,15.0,0
ACC-12463,Mid-Market,24,17,3433.82,63,60,0.9524,5.23,0.8008,0.6606,4,1,2.2499,6,0,,0
ACC-12464,Mid-Market,12,6,5819.76,102,81,0.7941,14.02,1.1358,0.746,7,1,1.2857,4,0,52.0,0
ACC-12465,Mid-Market,12,20,7335.04,116,95,0.819,10.63,1.247,0.5153,3,0,0.0001,5,0,40.0,0
ACC-12466,Mid-Market,12,17,7219.38,57,40,0.7018,7.44,1.6095,0.8725,7,1,1.2857,4,0,44.0,0
ACC-12467,Enterprise,12,15,15537.96,746,562,0.7534,8.19,0.9682,0.7547,2,0,0.0001,4,0,49.0,0
ACC-12468,Mid-Market,24,13,4859.26,105,82,0.781,18.87,1.0511,0.5657,6,0,0.0,1,0,83.0,0
ACC-12469,Mid-Market,24,27,6440.57,31,28,0.9032,26.6,0.8191,0.5544,2,1,4.4995,2,0,41.0,0
ACC-12470,Mid-Market,24,17,6180.26,121,101,0.8347,28.84,1.1575,0.7217,2,0,0.0001,6,0,,0
ACC-12471,SMB,24,16,1526.79,30,16,0.5333,12.71,0.8916,0.6144,2,0,0.0001,4,0,50.0,0
ACC-12472,SMB,12,31,676.66,12,10,0.8333,9.45,1.1134,0.7684,4,0,0.0001,5,0,,0
ACC-12473,SMB,12,26,1827.37,22,17,0.7727,20.77,0.9686,0.5916,4,0,0.0001,3,0,31.0,0
ACC-12474,Mid-Market,24,20,3111.14,39,35,0.8974,6.94,0.9457,0.5703,2,0,0.0001,1,0,13.0,0
ACC-12475,SMB,12,11,1404.82,20,14,0.7,22.18,1.0537,0.947,2,0,0.0001,3,0,87.0,0
ACC-12476,Enterprise,12,14,22301.7,340,237,0.6971,8.98,1.131,0.8766,2,0,0.0001,4,4,,0
ACC-12477,SMB,12,16,1558.52,31,26,0.8387,12.88,1.0408,0.6351,5,0,0.0001,3,0,,0
ACC-12478,Enterprise,12,7,32092.5,240,201,0.8375,15.21,0.701,0.6381,2,1,4.4995,2,0,,0
ACC-12479,SMB,12,12,1768.73,15,12,0.8,12.16,0.9416,0.6609,3,0,0.0001,9,0,56.0,0
ACC-12480,Mid-Market,24,17,8172.41,95,78,0.8211,12.11,0.9008,0.5782,1,0,0.0003,6,0,,0
ACC-12481,SMB,24,23,2050.71,28,14,0.5,11.63,0.8814,0.6432,4,1,2.2499,4,0,-20.0,0
ACC-12482,SMB,12,22,869.09,12,10,0.8333,8.13,0.811,0.7515,10,1,0.9,3,0,1.0,0
ACC-12483,Enterprise,12,5,32009.52,439,189,0.4305,10.83,0.9226,0.6197,1,1,8.9976,2,0,8.0,0
ACC-12484,Mid-Market,24,13,9144.28,83,69,0.8313,5.94,0.6567,0.4908,4,1,2.2499,5,0,32.0,0
ACC-12485,SMB,12,10,500.62,6,5,0.8333,2.8,1.0906,0.6709,7,2,2.5714,2,0,,1
ACC-12486,Mid-Market,12,5,2664.54,86,72,0.8372,6.14,1.0731,0.7538,5,0,0.0001,1,0,27.0,0
ACC-12487,SMB,12,15,1528.49,34,22,0.6471,24.1,1.4557,0.6245,4,0,0.0001,5,0,,0
ACC-12488,Mid-Market,12,12,5246.67,57,46,0.807,7.48,1.0456,0.8369,3,0,0.0001,11,0,,0
ACC-12489,Mid-Market,24,17,8914.23,70,66,0.9429,15.07,0.9666,0.5848,2,0,0.0001,3,0,10.0,0
ACC-12490,Mid-Market,24,22,2604.72,139,131,0.9424,10.58,1.0838,0.5434,3,1,2.9998,7,0,34.0,0
ACC-12491,Mid-Market,12,20,7525.02,42,29,0.6905,12.06,1.4743,0.7146,4,0,0.0001,1,0,,0
ACC-12492,SMB,12,43,1489.04,26,13,0.5,12.71,0.7988,0.6395,4,1,2.2499,3,4,,0
ACC-12493,Mid-Market,12,18,8974.91,69,40,0.5797,11.1,0.9871,0.7542,1,1,8.9976,1,0,33.0,0
ACC-12494,Mid-Market,12,35,6326.3,54,38,0.7037,30.65,0.9571,0.5911,0,0,1.0,3,0,64.0,0
ACC-12495,Mid-Market,36,8,2937.25,65,51,0.7846,24.69,0.732,0.8174,5,1,1.8,3,0,,0
ACC-12496,Mid-Market,24,20,7442.45,113,103,0.9115,10.97,1.285,0.784,4,0,0.0001,3,0,,0
ACC-12497,SMB,12,11,1030.5,32,18,0.5625,9.33,0.7206,0.4078,5,0,0.0001,2,0,,0
ACC-12498,SMB,24,14,1755.22,24,22,0.9167,11.66,1.0839,0.3262,2,0,0.0001,5,0,,0
ACC-12499,Mid-Market,24,26,3812.5,80,70,0.875,5.47,1.0749,0.7723,0,1,30001.0,3,0,27.0,0
ACC-12500,SMB,24,14,962.39,28,22,0.7857,6.01,0.9621,0.8495,2,0,0.0001,1,0,,0
ACC-12501,SMB,12,29,1995.9,16,13,0.8125,11.09,1.1567,0.7359,2,0,0.0001,2,0,,0
ACC-12502,Mid-Market,12,11,5507.78,147,98,0.6667,5.88,1.0612,0.36,5,0,0.0001,4,0,33.0,0
ACC-12503,SMB,24,8,419.92,13,10,0.7692,24.1,0.8786,0.8926,5,1,1.8,4,0,88.0,0
ACC-12504,Mid-Market,12,19,6266.45,83,48,0.5783,11.05,0.9768,0.586,1,1,8.9976,3,0,24.0,0
ACC-12505,Enterprise,36,19,42064.28,895,538,0.6011,8.13,0.6673,0.8073,3,0,0.0001,4,0,48.0,0
ACC-12506,SMB,24,14,1882.52,16,9,0.5625,12.91,0.7528,0.4587,3,0,0.0001,0,0,38.0,0
ACC-12507,Mid-Market,36,23,9999.66,46,35,0.7609,11.73,1.1806,0.3164,6,0,0.0,2,0,-16.0,0
ACC-12508,SMB,12,4,2483.37,27,23,0.8519,14.61,0.6372,0.8305,6,0,0.0,1,0,29.0,0
ACC-12509,SMB,24,9,702.15,25,19,0.76,12.03,2.4206,0.8757,3,0,0.0001,2,0,-7.0,0
ACC-12510,Enterprise,12,21,12950.0,140,110,0.7857,16.97,0.8341,0.3264,5,0,0.0001,5,0,26.0,0
ACC-12511,SMB,36,14,718.13,9,7,0.7778,12.43,1.1985,0.5225,4,0,0.0001,4,0,-25.0,0
ACC-12512,Mid-Market,12,11,4735.46,76,45,0.5921,21.46,1.1468,0.7127,6,1,1.5,4,8,,0
ACC-12513,Mid-Market,12,18,3734.3,77,40,0.5195,18.29,1.051,0.7263,4,0,0.0001,5,16,,1
ACC-12514,Mid-Market,24,28,7824.36,137,90,0.6569,7.22,0.8217,0.4364,3,2,5.9995,4,0,52.0,0
ACC-12515,SMB,12,20,1998.74,28,20,0.7143,9.08,1.8423,0.6927,9,2,2.0,3,0,,1
ACC-12516,Enterprise,12,25,36416.7,996,704,0.7068,23.86,0.975,0.835,8,1,1.125,5,0,81.0,0
ACC-12517,Mid-Market,36,21,7460.68,65,25,0.3846,21.15,1.0142,0.8065,1,2,17.9949,2,8,65.0,0
ACC-12518,SMB,12,32,2477.12,14,13,0.9286,8.74,0.719,0.617,6,2,2.9999,4,0,,1
ACC-12519,SMB,24,12,2431.35,18,12,0.6667,9.51,0.6085,0.5771,2,1,4.4995,7,0,62.0,0
ACC-12520,SMB,12,29,1379.94,27,21,0.7778,12.62,0.9812,0.8864,2,0,0.0001,4,0,100.0,0
ACC-12521,Enterprise,24,5,37249.3,536,445,0.8302,17.14,0.8697,0.6105,2,3,13.4981,6,0,,0
ACC-12522,Mid-Market,24,8,5459.57,64,49,0.7656,14.87,0.6178,0.734,2,0,0.0001,3,0,,0
ACC-12523,Mid-Market,12,23,8826.06,79,59,0.7468,16.18,0.9265,0.7506,7,1,1.2857,2,0,,0
ACC-12524,SMB,12,7,1469.8,20,17,0.85,12.11,0.7162,0.6039,3,0,0.0001,5,0,,0
ACC-12525,Mid-Market,24,14,9060.39,78,55,0.7051,15.98,0.6127,0.4028,5,1,1.8,5,0,40.0,0
ACC-12526,Mid-Market,12,31,6969.01,81,57,0.7037,6.25,1.0593,0.5547,2,1,4.4995,4,0,,0
ACC-12527,SMB,12,8,1132.04,34,19,0.5588,20.71,1.0171,0.6895,3,0,0.0001,4,0,24.0,0
ACC-12528,Enterprise,24,26,24430.93,628,425,0.6768,21.96,0.73,0.9236,3,1,2.9998,5,0,95.0,0
ACC-12529,SMB,12,13,1752.46,10,5,0.5,11.29,1.085,0.6861,6,0,0.0,2,0,42.0,0
ACC-12530,SMB,12,8,1729.21,7,5,0.7143,5.84,1.2041,0.8716,5,0,0.0001,5,0,13.0,0
ACC-12531,SMB,24,16,2199.16,10,8,0.8,5.65,0.8634,0.6937,4,1,2.2499,2,0,,0
ACC-12532,Mid-Market,12,30,5323.18,42,39,0.9286,9.96,1.3551,0.7777,7,1,1.2857,6,0,84.0,0
ACC-12533,Enterprise,12,7,43900.84,374,294,0.7861,13.09,1.0363,0.8068,5,1,1.8,5,0,,0
ACC-12534,SMB,12,7,1390.89,31,21,0.6774,6.48,0.8134,0.7279,4,1,2.2499,2,0,30.0,0
ACC-12535,SMB,24,23,1704.05,17,10,0.5882,8.37,0.7063,0.7751,5,1,1.8,5,0,-4.0,0
ACC-12536,SMB,24,12,2390.95,30,23,0.7667,3.39,0.8727,0.7528,2,0,0.0001,3,0,22.0,0
ACC-12537,Enterprise,24,43,17472.46,870,744,0.8552,15.93,1.1022,0.7798,4,2,4.4997,4,0,40.0,0
ACC-12538,SMB,12,19,900.73,10,7,0.7,16.54,0.7071,0.606,5,0,0.0001,5,36,51.0,0
ACC-12539,SMB,12,28,1554.05,10,6,0.6,33.53,0.8428,0.784,3,0,0.0001,7,0,,0
ACC-12540,SMB,12,19,2039.39,28,25,0.8929,12.55,1.0829,0.7536,5,1,1.8,1,0,,0
ACC-12541,SMB,12,7,1248.59,27,22,0.8148,18.6,1.0701,0.7379,7,0,0.0,4,0,54.0,0
ACC-12542,SMB,36,9,2115.04,32,24,0.75,10.57,1.1306,0.5723,1,0,0.0003,1,0,41.0,0
ACC-12543,Mid-Market,12,10,7404.44,87,59,0.6782,5.59,0.9624,0.6232,3,1,2.9998,4,0,85.0,0
ACC-12544,Enterprise,12,21,26724.94,500,397,0.794,5.44,0.7904,0.5232,2,1,4.4995,7,0,,0
ACC-12545,Mid-Market,12,16,7652.54,116,73,0.6293,18.02,0.6939,0.7867,1,1,8.9976,4,0,40.0,0
ACC-12546,Enterprise,24,5,43968.67,526,399,0.7586,9.8,0.8361,0.5606,3,1,2.9998,1,0,73.0,0
ACC-12547,Mid-Market,24,24,4105.95,84,79,0.9405,17.07,1.0932,0.4597,4,1,2.2499,5,0,,0
ACC-12548,Mid-Market,24,48,5816.68,73,57,0.7808,23.13,1.3154,0.7225,2,0,0.0001,8,0,67.0,0
ACC-12549,Enterprise,24,8,12347.5,460,421,0.9152,19.1,0.8804,0.861,4,0,0.0001,0,0,,0
ACC-12550,Mid-Market,12,9,8786.59,45,31,0.6889,16.86,0.6058,0.7851,2,0,0.0001,6,0,11.0,0
ACC-12551,Enterprise,12,11,25889.08,595,440,0.7395,23.89,1.1768,0.7732,3,0,0.0001,2,0,75.0,0
ACC-12552,SMB,12,15,1466.53,34,31,0.9118,8.14,1.4245,0.8517,4,1,2.2499,4,0,,0
ACC-12553,SMB,24,8,1616.13,20,18,0.9,20.09,0.8288,0.5187,5,1,1.8,8,0,8.0,0
ACC-12554,Enterprise,24,31,12245.13,648,433,0.6682,7.26,1.138,0.4738,1,0,0.0003,6,0,46.0,0
ACC-12555,SMB,12,38,1214.12,27,12,0.4444,13.61,1.0197,0.6382,2,1,4.4995,3,0,32.0,0
ACC-12556,Mid-Market,24,17,4314.94,78,65,0.8333,18.81,1.3584,0.7378,2,3,13.4981,3,0,32.0,1
ACC-12557,Mid-Market,24,16,7452.18,128,110,0.8594,9.66,1.4207,0.6026,5,1,1.8,6,0,-4.0,0
ACC-12558,Enterprise,24,5,17345.22,773,617,0.7982,26.58,1.1742,0.7533,5,0,0.0001,7,0,52.0,0
ACC-12559,Mid-Market,24,8,9679.68,91,79,0.8681,18.2,0.9962,0.7921,8,0,0.0,4,0,48.0,0
ACC-12560,SMB,24,4,1843.72,14,12,0.8571,17.91,0.9924,0.6077,3,2,5.9995,4,0,,1
ACC-12561,SMB,12,11,640.12,22,19,0.8636,24.41,0.7074,0.5607,4,1,2.2499,3,0,45.0,0
ACC-12562,Enterprise,24,12,26465.61,642,530,0.8255,16.54,1.3416,0.7998,3,0,0.0001,5,0,,0
ACC-12563,Enterprise,36,22,8351.81,612,442,0.7222,8.89,0.9647,0.7572,2,0,0.0001,3,0,12.0,0
ACC-12564,Mid-Market,12,17,6741.9,130,83,0.6385,29.37,0.9094,0.8587,1,0,0.0003,7,0,76.0,0
ACC-12565,Mid-Market,24,10,3085.59,50,31,0.62,18.54,0.9948,0.8271,5,0,0.0001,6,0,71.0,0
ACC-12566,Mid-Market,24,23,8548.63,72,41,0.5694,28.51,1.0562,0.8549,3,0,0.0001,4,0,47.0,0
ACC-12567,Mid-Market,12,52,8088.08,31,26,0.8387,11.06,0.9634,0.656,6,0,0.0,6,0,,0
ACC-12568,SMB,24,24,1862.11,7,5,0.7143,13.12,0.8477,0.5425,3,0,0.0001,3,0,47.0,0
ACC-12569,SMB,12,12,1731.4,21,12,0.5714,10.77,1.0023,0.742,4,0,0.0001,4,0,,0
ACC-12570,Mid-Market,36,19,5166.52,149,129,0.8658,14.69,1.161,0.4897,4,1,2.2499,4,0,,0
ACC-12571,SMB,24,8,2084.66,10,8,0.8,20.73,0.9524,0.7777,7,0,0.0,5,0,32.0,0
ACC-12572,Mid-Market,12,8,8256.82,107,55,0.514,13.03,1.211,0.8471,6,0,0.0,3,0,87.0,0
ACC-12573,Mid-Market,12,39,4672.49,75,64,0.8533,12.4,0.9717,0.4463,3,1,2.9998,5,4,50.0,0
ACC-12574,Mid-Market,24,19,5742.52,144,120,0.8333,12.08,1.1766,0.4158,0,1,30001.0,8,0,4.0,0
ACC-12575,Mid-Market,12,28,8089.92,117,98,0.8376,14.99,0.9232,0.5577,7,0,0.0,3,4,43.0,0
ACC-12576,SMB,12,14,1614.42,19,9,0.4737,5.11,0.7359,0.8594,2,1,4.4995,4,4,,0
ACC-12577,Mid-Market,12,8,5932.25,119,86,0.7227,36.82,1.2121,0.3985,2,1,4.4995,8,0,-4.0,0
ACC-12578,Mid-Market,12,7,7943.75,91,67,0.7363,15.88,1.5259,0.29,2,0,0.0001,5,20,-13.0,1
ACC-12579,Mid-Market,12,9,3610.41,141,93,0.6596,13.17,0.7814,0.9413,6,2,2.9999,2,0,52.0,1
ACC-12580,Enterprise,24,20,27609.28,262,222,0.8473,14.95,0.7944,0.504,4,0,0.0001,8,0,50.0,0
ACC-12581,SMB,36,6,448.51,21,15,0.7143,11.66,0.907,0.6568,0,0,1.0,5,0,97.0,0
ACC-12582,Mid-Market,24,16,5824.24,58,51,0.8793,17.29,1.1352,0.5764,5,3,5.3997,6,0,29.0,0
ACC-12583,Mid-Market,24,22,9824.6,86,63,0.7326,28.46,0.6977,0.7667,4,0,0.0001,4,0,60.0,0
ACC-12584,Mid-Market,12,8,3215.57,129,79,0.6124,6.99,0.8387,0.6555,2,0,0.0001,9,4,,0
ACC-12585,Mid-Market,12,52,5492.37,103,92,0.8932,11.79,1.2798,0.5725,2,1,4.4995,3,0,46.0,0
ACC-12586,Enterprise,12,26,19727.81,841,689,0.8193,14.26,1.1366,0.8134,7,1,1.2857,7,4,18.0,0
ACC-12587,SMB,24,15,957.55,26,19,0.7308,18.89,1.0153,0.8086,2,0,0.0001,5,0,,0
ACC-12588,Mid-Market,36,10,3147.92,32,7,0.2188,29.86,0.7346,0.822,1,1,8.9976,2,0,,0
ACC-12589,SMB,24,19,421.63,9,7,0.7778,17.21,1.0383,0.5776,4,0,0.0001,2,0,-19.0,0
ACC-12590,SMB,24,19,804.9,7,5,0.7143,8.16,1.7717,0.7228,4,2,4.4997,2,0,38.0,0
ACC-12591,SMB,24,17,2291.93,18,16,0.8889,14.49,1.4464,0.5743,0,1,30001.0,4,0,4.0,0
ACC-12592,Mid-Market,12,20,4570.31,64,45,0.7031,4.47,1.0942,0.6919,0,0,1.0,2,0,30.0,0
ACC-12593,Mid-Market,12,9,9556.64,134,108,0.806,8.48,1.0256,0.5971,1,0,0.0003,8,0,60.0,0
ACC-12594,Enterprise,12,24,41819.14,879,626,0.7122,13.05,1.2971,0.7655,4,0,0.0001,2,0,52.0,0
ACC-12595,SMB,12,6,1951.11,18,14,0.7778,7.2,0.5468,0.7159,1,1,8.9976,8,20,53.0,1
ACC-12596,Mid-Market,24,6,8941.79,97,49,0.5052,18.68,0.6942,0.4673,5,0,0.0001,9,0,,0
ACC-12597,Mid-Market,12,4,9483.79,70,47,0.6714,7.66,0.6902,0.9002,3,1,2.9998,6,0,49.0,0
ACC-12598,Mid-Market,24,22,4500.44,125,96,0.768,10.5,0.8336,0.2831,5,1,1.8,2,0,-11.0,0
ACC-12599,Enterprise,24,20,10555.58,498,395,0.7932,15.33,1.3281,0.7089,7,0,0.0,5,0,87.0,0
ACC-12600,Mid-Market,12,16,3639.85,88,70,0.7955,15.03,0.7527,0.5202,3,1,2.9998,1,0,,0
ACC-12601,Enterprise,12,11,31917.84,284,239,0.8415,16.31,0.8269,0.3888,4,0,0.0001,2,0,37.0,0
ACC-12602,SMB,12,12,998.46,22,20,0.9091,6.78,0.8328,0.474,6,0,0.0,6,0,37.0,0
ACC-12603,Mid-Market,12,8,4635.59,96,72,0.75,8.71,0.6628,0.4835,4,0,0.0001,3,24,,1
ACC-12604,Enterprise,24,19,43202.91,154,93,0.6039,17.9,2.2787,0.7641,5,0,0.0001,5,0,,0
ACC-12605,Mid-Market,12,3,8142.15,139,111,0.7986,13.36,1.0893,0.5924,2,0,0.0001,4,0,-0.0,0
ACC-12606,Enterprise,24,5,35474.57,277,229,0.8267,21.96,0.9363,0.4798,4,2,4.4997,2,0,15.0,1
ACC-12607,Mid-Market,24,9,5541.89,57,46,0.807,11.99,0.7478,0.669,5,0,0.0001,8,0,12.0,0
ACC-12608,SMB,24,17,402.57,7,6,0.8571,7.7,1.0314,0.7583,5,0,0.0001,4,0,,0
ACC-12609,Enterprise,24,15,42280.77,624,466,0.7468,7.01,0.8638,0.4089,1,1,8.9976,5,0,,0
ACC-12610,SMB,12,32,1088.28,17,8,0.4706,8.12,0.9603,0.745,4,0,0.0001,3,0,,0
ACC-12611,Enterprise,12,14,10019.67,359,211,0.5877,11.51,0.9188,0.79,5,0,0.0001,4,0,11.0,0
ACC-12612,Mid-Market,12,25,5369.42,121,86,0.7107,13.37,0.8066,0.4581,3,0,0.0001,3,0,82.0,0
ACC-12613,SMB,12,17,2055.38,17,8,0.4706,12.92,0.9674,0.7052,1,1,8.9976,3,0,47.0,0
ACC-12614,Mid-Market,36,4,6292.77,34,29,0.8529,5.84,0.9095,0.7997,6,0,0.0,4,0,24.0,0
ACC-12615,Enterprise,24,8,36640.26,355,218,0.6141,18.15,0.7703,0.4612,4,0,0.0001,0,0,,0
ACC-12616,Mid-Market,12,8,6852.88,70,61,0.8714,14.05,0.9045,0.8342,1,0,0.0003,3,0,23.0,0
ACC-12617,Mid-Market,12,10,3084.28,60,44,0.7333,7.92,1.3914,0.4483,5,0,0.0001,2,0,83.0,0
ACC-12618,SMB,12,13,2403.03,15,13,0.8667,5.37,1.1061,0.8322,6,0,0.0,5,0,28.0,0
ACC-12619,Mid-Market,24,28,5915.3,94,72,0.766,25.89,0.6935,0.5575,3,0,0.0001,2,0,,0
ACC-12620,SMB,24,14,2192.86,27,19,0.7037,12.17,0.8088,0.723,4,0,0.0001,3,0,41.0,0
ACC-12621,SMB,24,11,1706.16,13,10,0.7692,19.27,0.6499,0.7073,2,2,8.9988,2,0,83.0,0
ACC-12622,Mid-Market,36,26,3239.5,123,108,0.878,14.1,0.6494,0.2486,1,0,0.0003,2,0,20.0,0
ACC-12623,SMB,12,26,621.61,20,19,0.95,14.47,0.9267,0.7603,2,0,0.0001,7,0,-12.0,0
ACC-12624,Mid-Market,12,3,3970.65,79,30,0.3797,15.85,0.9263,0.5984,5,1,1.8,8,12,56.0,0
ACC-12625,SMB,12,15,1991.7,29,16,0.5517,17.54,0.8296,0.5884,4,0,0.0001,5,0,,0
ACC-12626,Enterprise,12,30,33048.91,895,621,0.6939,18.76,1.2648,0.6143,2,1,4.4995,9,0,,0
ACC-12627,SMB,36,14,895.06,28,26,0.9286,7.87,0.8637,0.3929,2,0,0.0001,9,0,,0
ACC-12628,Mid-Market,24,8,2758.28,63,37,0.5873,12.41,0.7742,0.7178,2,1,4.4995,2,0,24.0,0
ACC-12629,Mid-Market,24,25,8321.07,114,88,0.7719,6.2,0.9404,0.6368,5,1,1.8,3,0,29.0,0
ACC-12630,Mid-Market,12,7,6899.52,115,75,0.6522,18.28,1.2451,0.5406,7,0,0.0,5,0,27.0,0
ACC-12631,SMB,12,17,961.12,20,4,0.2,2.63,1.0282,0.6043,1,1,8.9976,5,4,52.0,1
ACC-12632,Enterprise,12,14,39138.3,273,203,0.7436,13.9,0.9228,0.5827,1,0,0.0003,2,4,-6.0,0
ACC-12633,Enterprise,12,5,20950.65,649,403,0.621,8.79,1.4644,0.8058,2,0,0.0001,4,4,,0
ACC-12634,SMB,24,28,1576.24,31,25,0.8065,12.93,1.0333,0.6911,2,1,4.4995,0,0,,0
ACC-12635,SMB,12,19,1373.23,30,17,0.5667,7.87,0.8323,0.8574,5,0,0.0001,5,0,55.0,0
ACC-12636,SMB,24,33,1562.5,27,19,0.7037,3.89,0.8104,0.8179,3,0,0.0001,4,0,,0
ACC-12637,SMB,24,15,793.91,31,25,0.8065,30.75,1.0647,0.8293,1,0,0.0003,5,0,-22.0,0
ACC-12638,SMB,12,8,1794.65,20,16,0.8,13.94,1.0861,0.7105,6,0,0.0,5,0,,0
ACC-12639,SMB,24,5,2056.17,33,17,0.5152,10.85,0.928,0.9527,5,0,0.0001,7,0,18.0,0
ACC-12640,Mid-Market,12,26,7195.87,137,61,0.4453,21.42,0.9416,0.7902,5,0,0.0001,5,0,75.0,0
ACC-12641,Enterprise,24,8,20613.73,281,214,0.7616,14.34,0.747,0.7285,4,0,0.0001,4,0,,0
ACC-12642,SMB,24,52,1288.48,25,15,0.6,11.79,0.8959,0.673,1,0,0.0003,3,0,56.0,0
ACC-12643,Mid-Market,36,40,2807.43,39,31,0.7949,19.57,1.0396,0.8492,1,0,0.0003,2,0,,0
ACC-12644,Enterprise,12,16,26801.97,127,93,0.7323,15.81,5.5329,0.8553,2,0,0.0001,0,0,75.0,0
ACC-12645,Mid-Market,12,13,5924.57,59,42,0.7119,13.73,0.8699,0.7377,3,1,2.9998,6,0,,0
ACC-12646,SMB,12,10,2286.69,15,13,0.8667,12.97,0.9998,0.8182,9,0,0.0,3,0,0.0,0
ACC-12647,Mid-Market,12,10,9858.95,142,116,0.8169,13.09,1.0234,0.5577,7,0,0.0,0,0,,0
ACC-12648,Mid-Market,24,47,4974.28,138,96,0.6957,5.65,0.8323,0.6736,3,0,0.0001,6,0,45.0,0
ACC-12649,Mid-Market,36,12,8510.4,70,63,0.9,15.35,1.1728,0.6105,3,0,0.0001,2,0,9.0,0
ACC-12650,Mid-Market,12,20,5895.72,71,55,0.7746,16.57,1.7332,0.3383,2,0,0.0001,1,0,54.0,0
ACC-12651,Mid-Market,12,21,2286.38,147,97,0.6599,27.73,0.966,0.4707,5,2,3.5998,6,0,,1
ACC-12652,Mid-Market,12,27,2774.98,65,53,0.8154,9.68,1.3177,0.4087,4,0,0.0001,8,0,29.0,0
ACC-12653,Enterprise,12,19,12445.89,899,716,0.7964,2.95,0.896,0.6914,5,0,0.0001,5,0,,0
ACC-12654,SMB,12,15,1204.26,24,14,0.5833,9.56,1.0107,0.9162,5,0,0.0001,3,0,72.0,0
ACC-12655,Mid-Market,12,9,2313.91,96,83,0.8646,22.17,1.3213,0.8207,3,0,0.0001,6,0,7.0,0
ACC-12656,SMB,24,21,1426.21,29,18,0.6207,8.32,1.1168,0.7653,3,1,2.9998,3,0,1.0,0
ACC-12657,SMB,12,18,2129.1,18,11,0.6111,33.99,0.8538,0.8182,3,0,0.0001,3,0,,0
ACC-12658,Mid-Market,12,12,3542.03,137,94,0.6861,5.93,1.2095,0.7142,6,0,0.0,3,0,,0
ACC-12659,SMB,24,20,1109.19,23,16,0.6957,12.93,1.4162,0.2542,0,0,1.0,5,0,21.0,0
ACC-12660,Mid-Market,12,14,8205.26,74,59,0.7973,19.97,0.8439,0.8549,4,0,0.0001,5,0,42.0,0
ACC-12661,SMB,24,18,1831.56,28,24,0.8571,11.48,0.7725,0.7294,1,0,0.0003,5,0,65.0,0
ACC-12662,Mid-Market,24,23,8812.4,109,80,0.7339,8.51,1.2158,0.3639,2,1,4.4995,5,0,,0
ACC-12663,SMB,24,17,2449.51,13,11,0.8462,7.89,0.8373,0.5756,5,1,1.8,1,20,,0
ACC-12664,Mid-Market,12,24,8794.43,97,74,0.7629,30.01,0.7635,0.7447,3,0,0.0001,1,0,,0
ACC-12665,Mid-Market,12,17,3438.29,97,80,0.8247,14.2,1.1237,0.6346,2,0,0.0001,9,0,61.0,0
ACC-12666,Enterprise,24,27,8335.94,516,365,0.7074,10.09,0.9301,0.9065,9,0,0.0,3,0,29.0,0
ACC-12667,SMB,24,13,1350.86,27,24,0.8889,10.23,0.8864,0.7919,5,1,1.8,5,0,17.0,0
ACC-12668,SMB,12,8,783.07,7,5,0.7143,18.81,0.8845,0.8687,3,0,0.0001,1,0,-1.0,0
ACC-12669,Mid-Market,12,18,9003.23,95,68,0.7158,5.54,1.0491,0.8998,3,2,5.9995,1,0,84.0,0
ACC-12670,Mid-Market,12,37,4644.16,102,79,0.7745,10.66,1.1627,0.6856,3,0,0.0001,3,0,,0
ACC-12671,Mid-Market,12,25,3276.63,56,44,0.7857,7.76,0.7958,0.5511,3,0,0.0001,1,0,,0
ACC-12672,SMB,24,37,1690.29,18,15,0.8333,18.13,0.6223,0.7434,2,0,0.0001,5,0,18.0,0
ACC-12673,Enterprise,12,12,32492.12,893,489,0.5476,13.21,1.0107,0.7896,2,0,0.0001,6,0,73.0,0
ACC-12674,SMB,12,15,1874.74,22,17,0.7727,8.59,0.9855,0.8972,3,1,2.9998,6,0,9.0,0
ACC-12675,Mid-Market,24,8,6283.77,48,43,0.8958,6.01,1.2156,0.5101,2,0,0.0001,6,0,2.0,0
ACC-12676,Mid-Market,12,7,8578.96,50,36,0.72,17.06,1.0337,0.4254,6,0,0.0,1,0,49.0,0
ACC-12677,Enterprise,24,34,24411.23,282,224,0.7943,16.04,1.3958,0.6405,1,1,8.9976,4,0,,0
ACC-12678,Enterprise,24,32,11564.37,141,102,0.7234,6.02,0.5764,0.6299,5,0,0.0001,3,0,,0
ACC-12679,Mid-Market,12,22,4725.98,75,74,0.9867,16.61,1.3754,0.8583,4,0,0.0001,4,0,,0
ACC-12680,Mid-Market,24,12,8892.2,115,87,0.7565,3.63,1.1031,0.8836,0,0,1.0,4,0,21.0,0
ACC-12681,SMB,24,23,499.79,14,8,0.5714,9.96,1.1007,0.5369,5,0,0.0001,4,0,65.0,0
ACC-12682,Enterprise,12,31,21459.49,859,710,0.8265,25.33,1.3638,0.3744,7,1,1.2857,5,0,-8.0,0
ACC-12683,Mid-Market,12,39,9079.4,64,57,0.8906,6.76,0.7111,0.6037,3,0,0.0001,3,8,92.0,0
ACC-12684,Mid-Market,12,6,2081.93,60,48,0.8,25.09,0.9072,0.5026,8,0,0.0,1,0,,0
ACC-12685,Enterprise,36,13,25356.39,218,180,0.8257,18.92,0.8996,0.7633,2,0,0.0001,5,0,,0
ACC-12686,Enterprise,24,12,22362.51,468,311,0.6645,15.99,1.0538,0.6103,2,0,0.0001,10,0,55.0,0
ACC-12687,Mid-Market,12,14,8995.63,96,77,0.8021,13.92,0.7564,0.8107,5,0,0.0001,2,0,43.0,0
ACC-12688,Mid-Market,24,21,7426.97,125,67,0.536,6.36,1.0515,0.5278,1,0,0.0003,4,0,27.0,0
ACC-12689,Mid-Market,12,4,6781.79,123,62,0.5041,4.36,0.7881,0.8681,3,0,0.0001,6,0,,0
ACC-12690,Mid-Market,24,12,4590.44,93,89,0.957,7.4,1.3665,0.5831,3,0,0.0001,3,0,,0
ACC-12691,Mid-Market,24,12,9809.38,112,84,0.75,10.02,0.7383,0.5114,5,0,0.0001,1,20,43.0,1
ACC-12692,Enterprise,12,17,31230.41,366,235,0.6421,11.33,1.0847,0.5779,2,1,4.4995,4,0,23.0,0
ACC-12693,Mid-Market,24,18,3450.64,120,110,0.9167,27.06,0.7649,0.7768,1,0,0.0003,5,0,,0
ACC-12694,SMB,24,14,1769.61,16,12,0.75,23.13,1.1838,0.6342,4,0,0.0001,7,0,-12.0,0
ACC-12695,Mid-Market,24,44,8364.77,50,43,0.86,11.52,0.8701,0.6286,2,1,4.4995,3,0,,0
ACC-12696,SMB,12,15,1952.5,13,11,0.8462,12.56,0.8103,0.4665,3,0,0.0001,5,0,-10.0,0
ACC-12697,Mid-Market,24,21,5349.1,87,74,0.8506,19.67,0.8092,0.4936,6,0,0.0,5,0,18.0,0
ACC-12698,SMB,36,23,1842.93,5,2,0.4,29.3,1.0377,0.7596,4,2,4.4997,5,0,-26.0,1
ACC-12699,SMB,12,9,1660.17,11,8,0.7273,6.46,0.7809,0.8651,5,0,0.0001,5,4,,0
ACC-12700,Mid-Market,12,9,4430.38,45,39,0.8667,10.39,1.2387,0.6374,3,2,5.9995,1,0,27.0,1
ACC-12701,SMB,12,23,415.83,28,17,0.6071,25.23,0.9586,0.657,4,0,0.0001,0,12,,0
ACC-12702,Enterprise,24,32,43635.97,128,68,0.5312,7.85,0.7406,0.7319,4,0,0.0001,2,0,7.0,0
ACC-12703,Enterprise,24,39,28025.48,204,182,0.8922,12.2,0.8185,0.6626,3,0,0.0001,5,0,,0
ACC-12704,SMB,12,9,2423.28,15,12,0.8,18.03,1.1398,0.2072,2,0,0.0001,4,0,63.0,0
ACC-12705,SMB,24,28,1258.86,10,8,0.8,6.13,0.5701,0.8983,2,0,0.0001,10,0,-43.0,0
ACC-12706,Enterprise,12,16,32299.37,388,254,0.6546,24.97,0.8065,0.6728,2,1,4.4995,4,0,39.0,0
ACC-12707,Mid-Market,24,32,9954.92,78,61,0.7821,12.92,0.7173,0.594,2,0,0.0001,6,0,,0
ACC-12708,Enterprise,12,20,22867.91,377,327,0.8674,4.24,1.124,0.639,3,1,2.9998,5,0,,0
ACC-12709,Mid-Market,12,22,5185.65,113,84,0.7434,22.67,0.7872,0.405,4,0,0.0001,4,0,39.0,0
ACC-12710,SMB,12,35,2225.45,24,18,0.75,2.79,1.2072,0.6674,5,0,0.0001,2,0,4.0,0
ACC-12711,Mid-Market,12,37,7127.57,138,125,0.9058,13.43,0.8321,0.5411,2,0,0.0001,6,0,59.0,0
ACC-12712,Mid-Market,24,17,2420.78,35,33,0.9429,18.48,0.8499,0.6797,6,0,0.0,3,0,54.0,0
ACC-12713,Mid-Market,24,5,4565.81,103,62,0.6019,21.18,0.8212,0.8535,1,0,0.0003,2,4,75.0,0
ACC-12714,Enterprise,12,10,17529.88,654,566,0.8654,21.79,1.3368,0.8189,3,0,0.0001,2,4,,0
ACC-12715,Mid-Market,12,47,8551.35,69,33,0.4783,25.56,0.7651,0.6136,1,0,0.0003,4,0,,0
ACC-12716,Mid-Market,12,23,5231.34,78,64,0.8205,10.11,0.8436,0.7554,2,0,0.0001,3,0,,0
ACC-12717,SMB,24,9,928.72,26,22,0.8462,12.83,1.0344,0.6962,2,0,0.0001,1,0,10.0,0
ACC-12718,SMB,24,11,850.5,20,11,0.55,12.16,0.6361,0.815,3,0,0.0001,3,0,,0
ACC-12719,Enterprise,12,29,11648.87,906,779,0.8598,15.25,1.1655,0.5369,3,0,0.0001,2,0,96.0,0
ACC-12720,SMB,24,43,1369.32,29,26,0.8966,24.13,0.9372,0.6226,1,0,0.0003,4,0,73.0,0
ACC-12721,SMB,12,16,788.71,33,26,0.7879,23.77,1.0867,0.7446,4,1,2.2499,4,0,-29.0,0
ACC-12722,SMB,36,32,1506.37,31,30,0.9677,11.24,0.9288,0.7736,3,0,0.0001,3,0,31.0,0
ACC-12723,Mid-Market,36,27,7642.96,111,97,0.8739,25.76,1.3492,0.6283,2,0,0.0001,3,0,,0
ACC-12724,Mid-Market,24,20,9757.14,96,50,0.5208,4.04,0.6723,0.7728,4,0,0.0001,4,0,,0
ACC-12725,Mid-Market,36,24,7131.98,144,96,0.6667,15.16,1.3739,0.7624,4,1,2.2499,5,0,,0
ACC-12726,Enterprise,24,19,29514.52,235,173,0.7362,36.37,1.5915,0.8183,3,1,2.9998,6,16,28.0,0
ACC-12727,Mid-Market,24,33,6085.13,42,29,0.6905,21.63,0.7379,0.6889,3,0,0.0001,7,0,,0
ACC-12728,Mid-Market,24,25,3241.92,71,41,0.5775,30.37,0.848,0.5386,5,0,0.0001,4,0,28.0,0
ACC-12729,Mid-Market,12,6,5723.58,114,86,0.7544,34.13,1.2177,0.777,3,0,0.0001,4,0,24.0,0
ACC-12730,SMB,12,14,517.83,10,8,0.8,5.03,0.934,0.6357,3,1,2.9998,3,8,,1
ACC-12731,Mid-Market,12,9,5287.62,84,57,0.6786,2.61,0.9936,0.703,5,0,0.0001,3,0,4.0,0
ACC-12732,Enterprise,24,18,35418.22,566,468,0.8269,14.49,0.6559,0.7496,4,0,0.0001,2,0,70.0,0
ACC-12733,SMB,12,14,407.62,31,16,0.5161,20.13,0.6957,0.4091,6,0,0.0,5,0,47.0,0
ACC-12734,SMB,12,11,1695.3,10,7,0.7,13.5,0.9088,0.69,3,0,0.0001,4,0,100.0,0
ACC-12735,SMB,12,7,2382.32,13,9,0.6923,29.77,0.8748,0.7829,3,0,0.0001,3,0,27.0,0
ACC-12736,SMB,12,4,1736.35,7,6,0.8571,12.12,1.1578,0.7859,5,0,0.0001,4,0,1.0,0
ACC-12737,Mid-Market,24,32,7476.1,80,46,0.575,12.81,0.8688,0.7548,2,0,0.0001,3,0,70.0,0
ACC-12738,SMB,36,32,409.82,23,19,0.8261,16.14,0.8719,0.6167,4,1,2.2499,5,0,62.0,0
ACC-12739,Enterprise,24,7,26710.26,171,114,0.6667,22.33,0.8031,0.7678,7,0,0.0,8,0,68.0,0
ACC-12740,Mid-Market,24,20,8047.09,37,22,0.5946,20.04,0.6122,0.6269,4,0,0.0001,3,0,46.0,0
ACC-12741,Mid-Market,24,5,8208.42,128,79,0.6172,14.02,1.7464,0.5468,6,0,0.0,6,0,39.0,0
ACC-12742,Enterprise,12,10,31983.83,557,403,0.7235,12.35,0.9975,0.7669,4,1,2.2499,3,0,55.0,0
ACC-12743,Enterprise,12,13,18668.34,171,147,0.8596,33.96,0.9465,0.4881,3,0,0.0001,2,0,19.0,0
ACC-12744,Mid-Market,24,11,3522.74,86,52,0.6047,16.09,1.2643,0.7032,5,0,0.0001,0,0,,0
ACC-12745,SMB,12,23,2458.53,11,8,0.7273,9.98,1.6703,0.6093,4,0,0.0001,4,0,-9.0,0
ACC-12746,Mid-Market,12,2,8119.67,110,97,0.8818,13.23,0.7181,0.4839,5,0,0.0001,3,0,30.0,0
ACC-12747,Enterprise,24,10,35735.28,581,288,0.4957,15.93,1.0447,0.6294,6,0,0.0,5,0,-20.0,0
ACC-12748,SMB,12,26,1433.44,15,13,0.8667,18.6,0.8585,0.7073,1,0,0.0003,4,0,40.0,0
ACC-12749,Mid-Market,12,5,5566.08,60,35,0.5833,12.12,0.7932,0.652,5,1,1.8,3,0,18.0,0
ACC-12750,Mid-Market,12,10,5223.16,73,57,0.7808,19.23,1.2096,0.5659,2,0,0.0001,4,0,,0
ACC-12751,SMB,12,28,1999.23,16,11,0.6875,26.76,1.8333,0.9592,3,0,0.0001,6,0,39.0,0
ACC-12752,Mid-Market,12,46,4926.86,79,52,0.6582,7.71,0.7351,0.4646,3,0,0.0001,5,0,29.0,0
ACC-12753,Mid-Market,12,32,6044.76,65,45,0.6923,17.98,0.7127,0.8976,4,1,2.2499,10,0,,0
ACC-12754,SMB,24,13,1220.66,19,11,0.5789,9.96,0.7728,0.8604,2,0,0.0001,4,0,,0
ACC-12755,Mid-Market,24,46,6162.58,123,92,0.748,17.1,1.5143,0.8828,3,1,2.9998,2,0,19.0,0
ACC-12756,Mid-Market,12,27,6601.82,113,90,0.7965,14.61,0.7756,0.7866,8,0,0.0,2,0,67.0,0
ACC-12757,SMB,24,7,2367.99,14,11,0.7857,11.71,1.4513,0.6244,5,0,0.0001,1,0,-6.0,0
ACC-12758,SMB,12,5,652.3,14,12,0.8571,17.3,0.5602,0.7579,6,2,2.9999,7,0,69.0,0
ACC-12759,Enterprise,12,25,44627.55,889,618,0.6952,8.93,1.2727,0.5564,3,0,0.0001,6,0,-5.0,0
ACC-12760,Enterprise,12,15,23347.14,538,379,0.7045,13.4,0.7351,0.6444,1,0,0.0003,5,0,20.0,0
ACC-12761,Enterprise,24,7,11466.63,554,449,0.8105,12.52,1.2339,0.775,5,0,0.0001,1,0,,0
ACC-12762,Mid-Market,12,14,5818.38,65,59,0.9077,16.5,1.0613,0.57,4,0,0.0001,4,0,,0
ACC-12763,Mid-Market,24,30,2979.67,36,32,0.8889,16.51,1.228,0.6287,6,0,0.0,4,0,19.0,0
ACC-12764,Enterprise,24,11,13072.79,645,363,0.5628,10.48,0.8583,0.8151,3,0,0.0001,6,0,15.0,0
ACC-12765,SMB,12,10,2028.29,34,28,0.8235,6.74,1.0439,0.4594,6,0,0.0,3,0,40.0,0
ACC-12766,Mid-Market,24,14,9226.42,124,103,0.8306,10.01,1.0573,0.8324,3,0,0.0001,4,0,43.0,0
ACC-12767,Mid-Market,36,15,7965.52,36,23,0.6389,15.21,1.0379,0.5198,3,0,0.0001,2,0,77.0,0
ACC-12768,Mid-Market,12,13,8235.9,66,38,0.5758,7.18,0.8267,0.9001,2,0,0.0001,6,0,,0
ACC-12769,SMB,12,23,575.45,11,9,0.8182,6.3,1.1008,0.7648,4,0,0.0001,5,0,,0
ACC-12770,Enterprise,24,24,21413.43,853,503,0.5897,21.7,1.2171,0.9614,6,0,0.0,1,8,-1.0,0
ACC-12771,Mid-Market,24,15,7642.83,148,111,0.75,18.09,0.9563,0.6695,4,0,0.0001,2,0,-16.0,0
ACC-12772,SMB,12,10,1167.39,32,30,0.9375,19.21,0.8956,0.7162,3,0,0.0001,5,12,,0
ACC-12773,Mid-Market,12,12,7364.57,67,49,0.7313,11.54,0.8994,0.7603,4,0,0.0001,4,0,18.0,0
ACC-12774,Mid-Market,12,34,4495.1,59,33,0.5593,21.0,1.7435,0.4981,3,0,0.0001,2,0,,0
ACC-12775,Mid-Market,12,45,7827.08,132,128,0.9697,5.49,0.652,0.5967,4,0,0.0001,4,0,68.0,0
ACC-12776,Enterprise,12,6,13452.94,795,604,0.7597,15.34,0.8714,0.8264,4,0,0.0001,5,0,-31.0,0
ACC-12777,Enterprise,36,7,34404.67,948,722,0.7616,4.28,0.8255,0.3281,5,0,0.0001,4,8,16.0,0
ACC-12778,Mid-Market,24,11,2935.83,105,81,0.7714,7.63,1.3292,0.6941,3,1,2.9998,6,0,73.0,0
ACC-12779,Mid-Market,12,35,4237.13,98,81,0.8265,11.26,0.9708,0.6775,0,0,1.0,2,0,5.0,0
ACC-12780,Enterprise,24,13,41591.93,648,497,0.767,14.61,1.4807,0.735,1,0,0.0003,3,0,11.0,0
ACC-12781,SMB,24,23,861.94,7,5,0.7143,9.8,2.8342,0.7503,9,0,0.0,6,0,51.0,0
ACC-12782,SMB,12,14,1405.18,10,9,0.9,15.37,1.2647,0.6543,4,1,2.2499,7,0,46.0,0
ACC-12783,SMB,12,12,802.93,31,29,0.9355,10.93,0.8769,0.6248,3,1,2.9998,3,0,,0
ACC-12784,SMB,12,14,2471.93,12,8,0.6667,9.57,0.6079,0.3937,5,0,0.0001,1,0,41.0,0
ACC-12785,Mid-Market,24,7,4714.05,44,36,0.8182,7.17,0.8971,0.6522,1,0,0.0003,5,0,,0
ACC-12786,SMB,12,24,844.8,5,2,0.4,6.13,0.843,0.7949,3,0,0.0001,2,0,74.0,0
ACC-12787,Enterprise,36,10,24359.31,234,208,0.8889,20.31,1.1444,0.5084,3,0,0.0001,5,0,59.0,0
ACC-12788,SMB,12,11,2106.6,24,17,0.7083,12.19,1.0804,0.5551,2,0,0.0001,3,0,-24.0,0
ACC-12789,SMB,12,9,2269.3,18,11,0.6111,8.04,1.5205,0.8918,0,1,30001.0,4,0,50.0,0
ACC-12790,SMB,12,37,567.15,22,19,0.8636,6.18,0.8484,0.6971,6,0,0.0,1,0,,0
ACC-12791,SMB,12,12,2435.65,31,27,0.871,17.05,0.744,0.8708,3,0,0.0001,1,0,26.0,0
ACC-12792,Mid-Market,24,18,6257.91,94,63,0.6702,8.15,0.972,0.7217,0,1,30001.0,7,0,41.0,0
ACC-12793,Mid-Market,36,3,7453.1,127,53,0.4173,15.5,0.8736,0.7473,1,0,0.0003,4,0,82.0,0
ACC-12794,Mid-Market,12,2,4394.23,89,73,0.8202,13.08,0.968,0.7639,4,0,0.0001,1,0,50.0,0
ACC-12795,Mid-Market,36,7,2904.37,104,67,0.6442,45.05,0.6614,0.755,1,0,0.0003,1,0,31.0,0
ACC-12796,Enterprise,24,28,24999.23,259,106,0.4093,9.04,1.0407,0.9149,1,0,0.0003,2,0,2.0,0
ACC-12797,Mid-Market,12,18,2759.64,40,38,0.95,6.2,0.995,0.6358,2,0,0.0001,9,0,-4.0,0
ACC-12798,SMB,24,40,1432.63,29,26,0.8966,10.42,1.1373,0.2739,2,0,0.0001,2,0,,0
ACC-12799,Enterprise,12,31,28770.88,254,90,0.3543,8.72,0.8602,0.688,1,0,0.0003,2,4,66.0,0
ACC-12800,SMB,24,9,1268.24,9,7,0.7778,7.97,0.7877,0.6757,3,1,2.9998,8,0,97.0,0
ACC-12801,SMB,12,14,1810.85,22,18,0.8182,17.96,0.9225,0.8489,5,1,1.8,3,16,42.0,0
ACC-12802,SMB,24,34,2410.43,6,3,0.5,17.64,0.9081,0.7308,3,0,0.0001,2,0,56.0,0
ACC-12803,SMB,12,13,2148.27,26,21,0.8077,13.26,1.1347,0.8501,6,0,0.0,5,0,23.0,0
ACC-12804,Mid-Market,24,24,5172.5,127,95,0.748,7.83,1.6272,0.678,2,1,4.4995,3,0,,0
ACC-12805,SMB,24,6,2446.81,33,31,0.9394,6.98,0.659,0.92,1,2,17.9949,1,0,31.0,1
ACC-12806,SMB,12,20,1995.17,23,16,0.6957,11.5,0.7661,0.5644,3,0,0.0001,6,0,57.0,0
ACC-12807,Enterprise,12,16,21312.67,609,452,0.7422,10.15,1.1099,0.5234,2,1,4.4995,6,4,66.0,0
ACC-12808,Mid-Market,12,9,9838.47,122,98,0.8033,33.95,0.8345,0.5362,3,0,0.0001,4,0,20.0,0
ACC-12809,SMB,24,15,764.16,23,15,0.6522,9.02,0.8107,0.6512,1,1,8.9976,3,0,,1
ACC-12810,Mid-Market,12,19,6059.8,94,44,0.4681,10.49,0.9192,0.7758,5,0,0.0001,1,0,71.0,0
ACC-12811,Mid-Market,24,28,4639.26,62,37,0.5968,7.79,0.699,0.707,3,2,5.9995,8,0,80.0,0
ACC-12812,SMB,12,38,879.86,34,21,0.6176,13.25,2.0365,0.9632,1,0,0.0003,1,0,,0
ACC-12813,Enterprise,12,26,23190.18,579,314,0.5423,5.52,0.8576,0.8471,2,0,0.0001,2,0,55.0,0
ACC-12814,Mid-Market,12,32,9648.28,84,67,0.7976,16.07,1.3898,0.5868,1,2,17.9949,4,0,45.0,0
ACC-12815,SMB,12,9,2357.1,18,17,0.9444,29.54,0.8966,0.5846,2,0,0.0001,5,0,-14.0,0
ACC-12816,Mid-Market,24,8,6106.32,100,80,0.8,14.82,0.8138,0.6027,3,1,2.9998,5,0,60.0,0
ACC-12817,Enterprise,36,22,38193.34,887,767,0.8647,7.1,1.2173,0.7027,2,0,0.0001,3,4,,0
ACC-12818,Enterprise,12,7,33957.15,686,476,0.6939,15.88,0.8219,0.7906,5,0,0.0001,2,0,,0
ACC-12819,Mid-Market,12,14,3515.13,56,31,0.5536,19.85,1.4494,0.525,2,1,4.4995,2,0,,0
ACC-12820,SMB,12,25,884.23,21,18,0.8571,7.47,1.0339,0.6719,2,0,0.0001,3,0,,0
ACC-12821,Mid-Market,24,35,4395.28,142,123,0.8662,17.35,1.0951,0.7354,6,0,0.0,5,0,18.0,0
ACC-12822,Mid-Market,12,20,2965.49,43,38,0.8837,19.1,0.7913,0.5749,10,1,0.9,5,0,85.0,0
ACC-12823,Mid-Market,24,8,9652.25,121,66,0.5455,15.6,0.7033,0.9281,4,0,0.0001,6,0,,0
ACC-12824,Mid-Market,36,16,8387.2,104,89,0.8558,19.05,0.8591,0.7843,3,0,0.0001,2,0,,0
ACC-12825,SMB,12,17,1643.45,7,5,0.7143,12.92,2.0029,0.7735,5,1,1.8,4,24,18.0,0
ACC-12826,SMB,24,10,1672.29,6,4,0.6667,22.09,0.729,0.5826,1,0,0.0003,4,0,,0
ACC-12827,Enterprise,12,5,20453.31,839,768,0.9154,23.89,1.0961,0.6707,3,0,0.0001,7,0,3.0,0
ACC-12828,Mid-Market,12,26,9699.54,114,106,0.9298,14.48,0.6756,0.8018,1,0,0.0003,4,0,38.0,0
ACC-12829,Enterprise,12,14,20900.33,191,149,0.7801,13.77,1.3271,0.5082,2,0,0.0001,4,0,73.0,0
ACC-12830,Mid-Market,12,24,7765.39,51,23,0.451,13.3,0.9419,0.6716,4,2,4.4997,6,0,9.0,0
ACC-12831,SMB,12,19,672.35,7,6,0.8571,3.99,1.6881,0.8386,1,0,0.0003,5,0,,0
ACC-12832,Enterprise,12,14,31474.75,583,479,0.8216,10.99,1.3557,0.7219,3,0,0.0001,2,0,42.0,0
ACC-12833,Mid-Market,12,13,2010.27,113,73,0.646,27.5,1.3796,0.6877,2,0,0.0001,2,0,15.0,0
ACC-12834,Mid-Market,12,15,3799.1,129,76,0.5891,20.38,1.305,0.8088,7,0,0.0,3,0,51.0,0
ACC-12835,SMB,24,22,1092.4,29,26,0.8966,11.85,1.1884,0.76,4,0,0.0001,5,0,40.0,0
ACC-12836,SMB,36,3,963.8,19,15,0.7895,10.12,0.6196,0.7067,1,0,0.0003,2,0,26.0,0
ACC-12837,Enterprise,12,22,35040.54,156,54,0.3462,4.98,0.9114,0.8023,3,0,0.0001,6,0,-25.0,0
ACC-12838,SMB,12,21,591.48,13,11,0.8462,6.01,0.6532,0.6976,3,0,0.0001,4,0,,0
ACC-12839,Mid-Market,12,26,7091.92,68,48,0.7059,6.68,1.0014,0.7164,3,1,2.9998,6,0,,0
ACC-12840,Mid-Market,24,36,3785.46,143,109,0.7622,6.6,0.6833,0.7205,6,0,0.0,2,0,100.0,0
ACC-12841,SMB,24,10,1745.07,18,15,0.8333,11.71,0.8952,0.5783,2,0,0.0001,6,0,40.0,0
ACC-12842,SMB,12,6,487.94,10,9,0.9,16.97,1.1457,0.5868,3,0,0.0001,4,0,,0
ACC-12843,SMB,12,18,2257.96,31,23,0.7419,1.3,0.6073,0.3954,4,0,0.0001,5,0,82.0,0
ACC-12844,Mid-Market,12,17,7328.22,48,26,0.5417,8.59,1.5692,0.3936,5,1,1.8,0,0,,0
ACC-12845,Mid-Market,12,13,8733.83,48,33,0.6875,16.66,0.9268,0.7438,5,1,1.8,4,0,39.0,0
ACC-12846,SMB,36,21,2105.86,15,12,0.8,8.23,2.0296,0.5188,5,0,0.0001,2,0,12.0,0
ACC-12847,Mid-Market,24,11,4553.78,54,48,0.8889,10.21,0.8526,0.8704,5,1,1.8,5,0,64.0,0
ACC-12848,Mid-Market,12,14,6673.87,50,32,0.64,8.2,1.9761,0.623,1,0,0.0003,5,0,,0
ACC-12849,Mid-Market,12,22,3670.23,54,40,0.7407,16.32,0.7781,0.7106,4,0,0.0001,8,0,,0
ACC-12850,SMB,12,13,1275.68,15,11,0.7333,14.98,0.7437,0.7164,4,2,4.4997,4,0,29.0,1
ACC-12851,Mid-Market,12,17,5171.27,78,50,0.641,9.35,0.8602,0.697,3,0,0.0001,2,0,13.0,0
ACC-12852,Enterprise,24,13,37855.78,385,336,0.8727,9.62,1.0686,0.7502,3,1,2.9998,7,0,,0
ACC-12853,SMB,12,8,2065.5,19,13,0.6842,10.34,0.8854,0.8491,6,0,0.0,6,0,,0
ACC-12854,Enterprise,12,25,20977.0,927,638,0.6882,18.68,0.8739,0.459,1,1,8.9976,5,0,,0
ACC-12855,Mid-Market,12,24,2708.67,122,84,0.6885,5.8,0.9526,0.8128,3,0,0.0001,4,0,93.0,0
ACC-12856,Mid-Market,24,24,9467.36,110,80,0.7273,15.88,0.8197,0.7005,6,0,0.0,6,0,,0
ACC-12857,Enterprise,24,15,8512.74,826,556,0.6731,9.51,0.7585,0.661,4,2,4.4997,4,0,54.0,0
ACC-12858,Enterprise,12,26,38226.81,750,665,0.8867,13.54,0.6945,0.7212,4,0,0.0001,2,0,,0
ACC-12859,Enterprise,12,27,33768.59,847,538,0.6352,7.53,0.9503,0.752,4,1,2.2499,5,0,,0
ACC-12860,SMB,12,33,2208.63,10,8,0.8,16.58,0.6972,0.7011,5,0,0.0001,4,0,22.0,0
ACC-12861,Mid-Market,36,15,8844.39,67,63,0.9403,12.38,0.8824,0.6192,5,0,0.0001,2,0,54.0,0
ACC-12862,SMB,12,18,2361.88,34,26,0.7647,11.49,1.1516,0.6998,2,0,0.0001,3,0,26.0,0
ACC-12863,Mid-Market,12,8,2368.11,119,89,0.7479,10.75,0.8131,0.5272,3,1,2.9998,6,0,10.0,0
ACC-12864,Mid-Market,12,36,6132.78,46,29,0.6304,8.91,0.9627,0.8638,2,0,0.0001,1,0,34.0,0
ACC-12865,Mid-Market,24,13,7547.91,118,103,0.8729,21.93,1.3968,0.7792,4,2,4.4997,4,0,47.0,0
ACC-12866,Mid-Market,12,7,4871.46,54,38,0.7037,3.31,0.7632,0.387,2,0,0.0001,5,0,44.0,0
ACC-12867,SMB,12,34,1277.67,16,12,0.75,8.06,0.7807,0.5795,2,2,8.9988,5,0,,1
ACC-12868,Mid-Market,24,15,8227.74,114,76,0.6667,16.81,0.624,0.5032,4,0,0.0001,7,0,,0
ACC-12869,Mid-Market,24,43,5876.39,30,26,0.8667,16.55,0.8352,0.8835,4,0,0.0001,4,0,57.0,0
ACC-12870,SMB,24,17,1352.29,25,14,0.56,13.39,0.8654,0.8132,4,0,0.0001,7,0,24.0,0
ACC-12871,SMB,24,10,2481.55,33,24,0.7273,16.12,0.8808,0.7091,5,0,0.0001,1,0,40.0,0
ACC-12872,SMB,12,26,2476.01,15,12,0.8,16.04,1.3652,0.4845,3,1,2.9998,1,0,3.0,1
ACC-12873,Mid-Market,12,14,5251.88,77,57,0.7403,12.64,0.9521,0.8966,3,3,8.9992,6,0,-50.0,1
ACC-12874,SMB,36,23,2071.53,29,21,0.7241,22.12,1.2313,0.7549,5,0,0.0001,3,0,,0
ACC-12875,Mid-Market,12,11,4856.81,142,70,0.493,14.47,0.8396,0.2599,6,0,0.0,1,0,78.0,0
ACC-12876,Mid-Market,24,22,6905.96,33,26,0.7879,14.14,0.8197,0.6938,2,0,0.0001,4,0,56.0,0
ACC-12877,Mid-Market,24,13,6415.59,50,41,0.82,20.11,1.1331,0.6854,3,0,0.0001,2,0,36.0,0
ACC-12878,Mid-Market,12,25,9007.54,130,118,0.9077,8.82,2.2143,0.4049,3,2,5.9995,2,0,,1
ACC-12879,Enterprise,12,15,24252.78,737,590,0.8005,12.65,1.0816,0.7889,2,0,0.0001,6,0,24.0,0
ACC-12880,Mid-Market,24,18,9082.28,82,60,0.7317,7.35,0.7246,0.5288,3,2,5.9995,4,0,,1
ACC-12881,SMB,24,14,960.83,34,27,0.7941,29.37,1.1286,0.8054,1,1,8.9976,2,0,,0
ACC-12882,Mid-Market,24,16,9668.59,54,52,0.963,10.19,1.2993,0.6072,2,1,4.4995,4,0,23.0,0
ACC-12883,Enterprise,12,25,43975.73,884,664,0.7511,39.0,2.0388,0.4686,7,0,0.0,3,8,16.0,0
ACC-12884,Enterprise,12,8,28456.31,912,758,0.8311,12.39,0.8363,0.7341,2,0,0.0001,3,0,,0
ACC-12885,SMB,12,19,1614.87,8,5,0.625,12.04,1.5503,0.8492,4,1,2.2499,5,0,,1
ACC-12886,Mid-Market,12,56,2368.92,149,128,0.8591,17.39,1.1978,0.7723,3,0,0.0001,2,0,,0
ACC-12887,Mid-Market,12,31,6623.39,107,91,0.8505,5.41,0.7498,0.9348,2,2,8.9988,3,0,47.0,1
ACC-12888,SMB,36,15,2402.37,24,14,0.5833,5.24,1.0423,0.428,5,0,0.0001,4,4,,0
ACC-12889,SMB,24,17,930.47,26,24,0.9231,13.1,0.7776,0.4752,6,0,0.0,1,0,,0
ACC-12890,Mid-Market,24,12,5372.96,116,89,0.7672,22.47,0.909,0.6229,3,0,0.0001,3,0,38.0,0
ACC-12891,SMB,12,23,1532.96,10,8,0.8,19.92,1.13,0.7857,1,0,0.0003,4,0,,0
ACC-12892,SMB,12,7,668.52,16,14,0.875,10.51,1.1792,0.863,2,0,0.0001,5,0,16.0,0
ACC-12893,SMB,36,13,499.82,7,6,0.8571,29.21,1.0541,0.8792,6,0,0.0,6,0,2.0,0
ACC-12894,Enterprise,12,10,11087.97,315,236,0.7492,8.45,1.196,0.6873,3,1,2.9998,4,0,,0
ACC-12895,SMB,12,13,516.06,29,22,0.7586,14.49,0.9112,0.6891,2,0,0.0001,6,0,18.0,0
ACC-12896,Mid-Market,12,19,2196.65,112,93,0.8304,34.91,0.8472,0.865,3,0,0.0001,4,0,96.0,0
ACC-12897,Mid-Market,24,3,9152.48,57,21,0.3684,8.41,0.9654,0.3911,3,2,5.9995,6,0,36.0,1
ACC-12898,Mid-Market,24,14,2255.49,52,40,0.7692,7.72,1.6345,0.6084,4,0,0.0001,1,0,,0
ACC-12899,Enterprise,12,12,29496.63,304,146,0.4803,3.73,0.6028,0.9062,1,0,0.0003,4,0,,0
ACC-12900,Enterprise,24,28,11005.47,184,166,0.9022,10.8,0.9318,0.5658,3,0,0.0001,5,0,,0
ACC-12901,SMB,12,9,986.46,14,12,0.8571,7.68,1.0299,0.8396,6,0,0.0,5,0,42.0,0
ACC-12902,Enterprise,12,19,35765.18,983,692,0.704,11.42,0.7367,0.7664,3,1,2.9998,1,0,79.0,0
ACC-12903,Mid-Market,24,15,6310.87,86,68,0.7907,12.49,1.2381,0.361,3,0,0.0001,2,0,42.0,0
ACC-12904,Mid-Market,24,29,8024.1,143,94,0.6573,17.71,0.9692,0.7862,4,1,2.2499,5,0,58.0,0
ACC-12905,Enterprise,24,27,43868.68,870,470,0.5402,7.87,0.9133,0.4614,4,1,2.2499,5,0,48.0,0
ACC-12906,SMB,24,39,988.59,25,14,0.56,17.21,0.7906,0.9254,3,0,0.0001,1,0,3.0,0
ACC-12907,Mid-Market,24,29,2661.96,48,37,0.7708,12.89,0.7576,0.7663,4,0,0.0001,7,0,39.0,0
ACC-12908,Mid-Market,24,20,6300.14,91,75,0.8242,12.65,0.7941,0.88,2,1,4.4995,5,0,1.0,0
ACC-12909,Mid-Market,24,26,3836.07,141,120,0.8511,9.68,0.8212,0.6214,2,1,4.4995,5,0,32.0,0
ACC-12910,Mid-Market,24,14,6081.18,89,68,0.764,8.9,0.8579,0.3261,6,0,0.0,3,0,35.0,0
ACC-12911,Enterprise,36,18,27715.48,585,482,0.8239,9.82,1.2745,0.6186,6,0,0.0,2,0,60.0,0
ACC-12912,SMB,36,18,436.74,11,8,0.7273,8.93,1.4729,0.7353,3,1,2.9998,3,0,60.0,0
ACC-12913,SMB,12,9,1940.93,14,11,0.7857,8.1,0.8763,0.6739,4,0,0.0001,2,0,4.0,0
ACC-12914,Mid-Market,24,28,9932.73,77,66,0.8571,13.24,1.2645,0.8212,4,0,0.0001,4,0,4.0,0
ACC-12915,SMB,12,34,851.41,27,21,0.7778,8.91,1.1486,0.8505,2,0,0.0001,2,0,34.0,0
ACC-12916,SMB,12,15,2437.06,12,9,0.75,25.97,1.1727,0.5585,1,2,17.9949,1,0,7.0,1
ACC-12917,SMB,24,16,990.92,5,4,0.8,13.51,0.9348,0.8964,5,0,0.0001,4,0,4.0,0
ACC-12918,Mid-Market,12,11,3944.32,119,35,0.2941,20.22,0.892,0.5191,5,1,1.8,6,0,40.0,0
ACC-12919,Mid-Market,12,8,2528.59,108,45,0.4167,13.97,1.0535,0.323,7,0,0.0,4,0,,0
ACC-12920,Mid-Market,24,24,8582.88,51,45,0.8824,9.68,0.9378,0.5064,5,1,1.8,5,0,,0
ACC-12921,SMB,12,8,1013.11,25,17,0.68,15.04,1.2759,0.5606,2,1,4.4995,5,0,,1
ACC-12922,SMB,12,8,504.98,34,32,0.9412,8.8,0.9792,0.8053,2,0,0.0001,4,0,26.0,0
ACC-12923,Enterprise,36,23,26060.7,906,797,0.8797,15.63,0.9263,0.6256,2,0,0.0001,3,0,-26.0,0
ACC-12924,Mid-Market,12,18,6965.23,45,34,0.7556,7.51,0.8377,0.3099,6,1,1.5,6,0,24.0,0
ACC-12925,SMB,12,24,2161.78,7,4,0.5714,11.7,1.5907,0.6963,3,0,0.0001,4,0,38.0,0
ACC-12926,SMB,12,10,2166.0,10,10,1.0,12.91,1.6508,0.9278,3,0,0.0001,5,0,,0
ACC-12927,SMB,12,42,1142.26,15,10,0.6667,6.7,1.1018,0.5622,2,3,13.4981,7,0,64.0,1
ACC-12928,SMB,24,9,1208.2,16,13,0.8125,8.3,1.1846,0.8906,1,1,8.9976,5,0,81.0,0
ACC-12929,Mid-Market,24,12,6889.87,57,39,0.6842,21.15,1.4212,0.8078,2,1,4.4995,5,0,22.0,0
ACC-12930,Mid-Market,12,10,6539.31,118,108,0.9153,10.09,0.6615,0.8827,3,1,2.9998,5,0,6.0,0
ACC-12931,SMB,24,41,475.71,17,13,0.7647,22.91,0.7019,0.7574,2,0,0.0001,5,4,,0
ACC-12932,Enterprise,12,13,40815.87,645,570,0.8837,28.79,0.899,0.3681,4,1,2.2499,2,0,54.0,0
ACC-12933,Mid-Market,12,9,2120.58,57,53,0.9298,7.15,1.1339,0.5776,2,2,8.9988,6,0,4.0,1
ACC-12934,SMB,24,54,905.52,25,23,0.92,12.49,1.0158,0.6753,3,0,0.0001,3,0,55.0,0
ACC-12935,Enterprise,24,38,34243.26,548,379,0.6916,10.95,0.9372,0.6508,3,0,0.0001,5,0,38.0,0
ACC-12936,SMB,24,32,1707.14,33,25,0.7576,18.26,1.4204,0.7827,5,1,1.8,2,0,81.0,0
ACC-12937,Mid-Market,12,36,7517.65,137,98,0.7153,6.57,0.8381,0.7298,5,0,0.0001,3,0,,0
ACC-12938,SMB,12,9,2321.67,30,23,0.7667,12.85,0.8131,0.707,2,0,0.0001,4,0,1.0,0
ACC-12939,Enterprise,12,39,26319.14,880,657,0.7466,9.03,0.8137,0.3762,4,0,0.0001,6,0,41.0,0
ACC-12940,Mid-Market,12,14,5955.77,72,54,0.75,15.26,1.0139,0.95,2,0,0.0001,1,0,,0
ACC-12941,Mid-Market,24,20,7868.27,124,67,0.5403,23.91,0.6576,0.868,2,0,0.0001,0,0,,0
ACC-12942,Mid-Market,12,16,9393.91,47,34,0.7234,27.59,0.894,0.7666,1,0,0.0003,3,0,20.0,0
ACC-12943,SMB,24,34,1354.77,32,28,0.875,14.84,0.861,0.5984,1,0,0.0003,4,0,53.0,0
ACC-12944,SMB,12,3,640.16,26,14,0.5385,10.66,0.7887,0.7344,6,0,0.0,9,0,44.0,0
ACC-12945,Enterprise,12,8,29635.37,973,692,0.7112,16.0,0.9783,0.8475,2,1,4.4995,3,0,23.0,0
ACC-12946,Mid-Market,12,36,8122.75,62,42,0.6774,5.97,1.1642,0.6524,5,0,0.0001,6,12,,0
ACC-12947,Mid-Market,12,11,6436.81,125,101,0.808,17.83,0.956,0.7294,3,0,0.0001,3,4,33.0,0
ACC-12948,Mid-Market,24,33,6222.84,117,97,0.8291,12.55,0.6943,0.8003,2,0,0.0001,5,0,,0
ACC-12949,SMB,12,11,1384.45,15,12,0.8,12.14,1.1426,0.82,3,1,2.9998,3,0,33.0,0
ACC-12950,SMB,12,14,1855.92,23,12,0.5217,2.23,0.9339,0.639,3,0,0.0001,4,0,58.0,0
ACC-12951,SMB,24,44,936.95,27,25,0.9259,10.66,1.2916,0.8094,5,0,0.0001,1,4,33.0,0
ACC-12952,SMB,24,26,2297.0,17,13,0.7647,9.72,0.8739,0.9198,2,2,8.9988,0,0,33.0,1
ACC-12953,Mid-Market,12,18,4130.03,73,50,0.6849,13.85,0.9894,0.5947,4,1,2.2499,5,0,-42.0,0
ACC-12954,SMB,12,22,497.03,20,8,0.4,19.91,3.7959,0.4969,1,2,17.9949,4,0,36.0,1
ACC-12955,SMB,24,30,931.57,18,8,0.4444,6.91,1.0024,0.8918,5,0,0.0001,4,0,61.0,0
ACC-12956,SMB,36,18,2491.53,10,5,0.5,4.91,0.7479,0.3707,4,2,4.4997,5,0,43.0,1
ACC-12957,SMB,24,23,1744.61,5,4,0.8,20.25,0.7631,0.5694,1,0,0.0003,6,0,4.0,0
ACC-12958,Mid-Market,12,55,4138.06,86,68,0.7907,8.63,0.8321,0.3185,2,0,0.0001,2,0,9.0,0
ACC-12959,SMB,36,8,2375.93,27,23,0.8519,10.11,0.9076,0.6335,5,2,3.5998,6,0,-7.0,1
ACC-12960,Enterprise,12,18,32556.79,324,152,0.4691,20.06,0.9288,0.5737,1,0,0.0003,8,0,59.0,0
ACC-12961,Mid-Market,12,12,4636.72,76,62,0.8158,8.59,0.8283,0.5542,3,0,0.0001,2,0,,0
ACC-12962,Mid-Market,24,9,7124.23,85,59,0.6941,6.31,1.1332,0.8608,4,1,2.2499,5,0,,0
ACC-12963,SMB,12,18,2408.08,26,20,0.7692,29.72,0.8356,0.74,3,0,0.0001,3,0,,0
ACC-12964,SMB,12,10,2033.74,7,5,0.7143,25.69,1.0155,0.6199,5,0,0.0001,3,0,-9.0,0
ACC-12965,SMB,12,9,1884.39,16,10,0.625,20.21,1.1081,0.6576,4,0,0.0001,2,0,36.0,0
ACC-12966,SMB,12,16,914.43,22,18,0.8182,10.16,1.8725,0.8201,2,1,4.4995,5,0,34.0,0
ACC-12967,Mid-Market,24,23,8058.83,34,18,0.5294,16.05,1.0245,0.3953,0,0,1.0,4,0,50.0,0
ACC-12968,SMB,24,22,732.56,32,15,0.4688,4.35,0.7249,0.6861,6,0,0.0,4,0,69.0,0
ACC-12969,Mid-Market,12,16,3375.04,48,41,0.8542,10.24,2.4466,0.8331,6,0,0.0,3,0,6.0,0
ACC-12970,Mid-Market,12,7,8091.38,110,57,0.5182,13.42,0.7598,0.5906,6,2,2.9999,0,0,,1
ACC-12971,Enterprise,36,7,34839.9,248,195,0.7863,15.18,1.1277,0.7781,6,1,1.5,3,0,64.0,0
ACC-12972,SMB,24,20,499.07,26,23,0.8846,17.36,0.8002,0.6802,1,0,0.0003,6,0,,0
ACC-12973,SMB,12,11,1936.61,34,17,0.5,19.67,0.9337,0.9464,3,0,0.0001,5,0,1.0,0
ACC-12974,Mid-Market,36,19,7417.53,142,114,0.8028,11.64,1.0394,0.6194,4,0,0.0001,4,0,100.0,0
ACC-12975,Enterprise,24,17,12267.13,391,358,0.9156,15.25,1.1631,0.917,6,0,0.0,6,0,79.0,0
ACC-12976,SMB,12,5,720.23,29,17,0.5862,7.48,0.6874,0.4319,2,0,0.0001,4,0,20.0,0
ACC-12977,Enterprise,12,37,10961.53,702,584,0.8319,9.29,0.8161,0.5967,0,0,1.0,2,0,16.0,0
ACC-12978,SMB,12,7,896.8,22,10,0.4545,4.2,0.865,0.5779,2,0,0.0001,2,0,,0
ACC-12979,SMB,24,14,814.61,9,8,0.8889,20.05,0.6658,0.2988,3,1,2.9998,3,0,24.0,0
ACC-12980,Mid-Market,12,7,3202.35,119,96,0.8067,14.96,2.1259,0.766,3,0,0.0001,2,0,17.0,0
ACC-12981,Mid-Market,12,11,8370.63,41,31,0.7561,12.78,0.9993,0.531,3,1,2.9998,4,0,72.0,0
ACC-12982,SMB,12,12,2298.17,25,21,0.84,9.92,0.9034,0.4796,4,1,2.2499,6,0,51.0,0
ACC-12983,SMB,36,13,910.54,11,7,0.6364,12.19,0.8577,0.5172,2,1,4.4995,3,0,45.0,0
ACC-12984,Mid-Market,12,15,6589.27,57,52,0.9123,26.72,0.802,0.4174,3,0,0.0001,2,8,-17.0,0
ACC-12985,SMB,36,41,2340.4,25,18,0.72,11.22,0.9132,0.6753,4,1,2.2499,3,0,49.0,0
ACC-12986,Enterprise,36,9,39550.97,590,407,0.6898,12.65,0.818,0.62,3,0,0.0001,3,4,,0
ACC-12987,Mid-Market,12,23,6483.81,30,25,0.8333,15.02,0.8448,0.7248,3,0,0.0001,5,0,92.0,0
ACC-12988,SMB,12,31,1136.83,21,12,0.5714,9.11,0.9229,0.6737,3,0,0.0001,6,0,7.0,0
ACC-12989,SMB,12,22,1851.26,17,11,0.6471,7.94,0.8241,0.7972,3,1,2.9998,4,0,,0
ACC-12990,Enterprise,36,35,35170.43,638,596,0.9342,15.76,0.873,0.5459,3,1,2.9998,0,0,,1
ACC-12991,SMB,12,22,1975.1,12,10,0.8333,17.58,1.1168,0.6654,5,1,1.8,5,0,-13.0,0
ACC-12992,Mid-Market,12,22,4791.23,87,81,0.931,18.21,0.9393,0.8315,4,0,0.0001,3,0,,0
ACC-12993,Mid-Market,12,32,6986.51,81,51,0.6296,19.49,0.8917,0.6406,6,0,0.0,8,0,64.0,0
ACC-12994,Enterprise,12,20,11038.01,901,643,0.7137,19.42,1.0108,0.8152,5,0,0.0001,5,0,-49.0,0
ACC-12995,SMB,36,32,935.24,22,14,0.6364,15.2,0.7761,0.5364,5,1,1.8,4,0,,0
ACC-12996,Enterprise,24,20,18642.94,778,555,0.7134,5.93,0.8166,0.7226,4,0,0.0001,7,0,,0
ACC-12997,Mid-Market,24,31,2033.3,36,25,0.6944,7.62,0.941,0.9485,3,0,0.0001,6,0,49.0,0
ACC-12998,Mid-Market,12,39,8740.13,127,120,0.9449,10.38,0.8238,0.486,3,0,0.0001,4,0,,0
ACC-12999,SMB,12,13,2185.52,22,18,0.8182,17.92,1.1177,0.8097,7,1,1.2857,6,0,30.0,0
ACC-13000,SMB,36,12,2026.94,9,7,0.7778,3.43,1.3314,0.7807,1,0,0.0003,2,0,47.0,0
ACC-13001,SMB,12,35,2163.32,19,14,0.7368,15.58,1.1399,0.7596,4,0,0.0001,5,0,73.0,0
ACC-13002,Mid-Market,36,31,6474.07,131,107,0.8168,17.07,1.3305,0.7163,2,2,8.9988,0,0,67.0,0
ACC-13003,Mid-Market,12,5,5142.47,117,83,0.7094,9.54,1.8728,0.2864,1,0,0.0003,6,0,8.0,0
ACC-13004,Mid-Market,12,19,4075.43,42,26,0.619,22.13,1.456,0.6584,6,1,1.5,3,0,,0
ACC-13005,SMB,24,44,1748.39,30,21,0.7,8.86,1.0458,0.6786,1,0,0.0003,4,0,,0
ACC-13006,SMB,36,8,767.06,12,9,0.75,7.44,0.8309,0.3635,4,1,2.2499,3,0,,0
ACC-13007,Enterprise,36,7,27425.92,496,379,0.7641,25.85,0.766,0.8569,3,1,2.9998,8,0,,0
ACC-13008,SMB,12,11,2488.12,5,5,1.0,8.94,0.9837,0.3805,2,0,0.0001,6,0,51.0,0
ACC-13009,Enterprise,12,13,17750.05,610,515,0.8443,13.43,1.1523,0.6607,5,0,0.0001,1,0,,0
ACC-13010,Mid-Market,24,6,8284.2,59,51,0.8644,10.95,0.7758,0.6661,2,1,4.4995,5,0,-16.0,0
ACC-13011,Mid-Market,24,8,5900.39,53,35,0.6604,6.8,1.0079,0.7415,6,0,0.0,7,0,,0
ACC-13012,Mid-Market,24,5,4949.03,123,97,0.7886,11.39,0.6793,0.5659,5,0,0.0001,7,4,53.0,0
ACC-13013,Mid-Market,12,19,8550.7,108,90,0.8333,20.49,0.8109,0.6557,4,1,2.2499,4,0,19.0,0
ACC-13014,Mid-Market,36,18,3398.92,30,24,0.8,5.12,1.3271,0.9536,4,0,0.0001,5,0,51.0,0
ACC-13015,Mid-Market,24,35,3940.84,90,45,0.5,13.52,0.8616,0.7301,4,1,2.2499,4,0,84.0,0
ACC-13016,SMB,24,19,879.06,15,10,0.6667,3.61,1.2106,0.5744,5,0,0.0001,2,0,97.0,0
ACC-13017,Mid-Market,12,23,9349.25,59,43,0.7288,11.9,0.8902,0.4742,4,1,2.2499,1,0,,0
ACC-13018,Enterprise,12,24,26457.17,370,270,0.7297,14.48,1.2832,0.7052,1,0,0.0003,5,0,8.0,0
ACC-13019,SMB,36,9,1659.36,29,28,0.9655,14.66,1.1291,0.9312,0,0,1.0,6,0,27.0,0
ACC-13020,Mid-Market,24,8,7068.0,51,45,0.8824,16.63,0.709,0.82,6,1,1.5,3,0,45.0,0
ACC-13021,Mid-Market,24,8,3883.05,146,77,0.5274,6.06,0.6855,0.6241,6,0,0.0,3,0,-27.0,0
ACC-13022,SMB,36,13,2232.22,23,17,0.7391,18.25,1.2548,0.6318,4,0,0.0001,4,0,46.0,0
ACC-13023,Mid-Market,24,12,3533.72,148,99,0.6689,15.96,1.047,0.5772,3,0,0.0001,3,0,62.0,0
ACC-13024,Enterprise,12,17,17190.3,758,452,0.5963,2.62,1.0252,0.3966,2,1,4.4995,4,0,-27.0,0
ACC-13025,Mid-Market,12,26,9513.0,83,57,0.6867,8.05,0.7918,0.4606,5,1,1.8,3,4,,0
ACC-13026,SMB,12,23,441.26,5,5,1.0,7.59,1.4332,0.5132,2,0,0.0001,5,0,62.0,0
ACC-13027,Mid-Market,12,12,3733.42,63,42,0.6667,13.94,1.1214,0.6176,1,1,8.9976,4,0,56.0,0
ACC-13028,SMB,12,11,1876.37,8,6,0.75,11.92,1.0699,0.5313,2,0,0.0001,0,0,,0
ACC-13029,Mid-Market,12,12,9808.19,119,113,0.9496,6.19,0.9017,0.8968,1,0,0.0003,5,0,,0
ACC-13030,Enterprise,12,12,8690.45,188,163,0.867,8.62,0.7906,0.6024,6,1,1.5,6,0,12.0,0
ACC-13031,Mid-Market,12,6,9492.16,82,68,0.8293,17.84,0.8483,0.5463,7,0,0.0,3,0,,0
ACC-13032,SMB,12,20,542.62,27,22,0.8148,15.71,0.6205,0.9002,2,0,0.0001,4,0,,0
ACC-13033,Enterprise,12,44,18562.8,380,251,0.6605,18.04,0.9607,0.9879,5,1,1.8,9,0,52.0,0
ACC-13034,Mid-Market,12,17,2849.18,76,60,0.7895,1.84,1.0442,0.3326,4,0,0.0001,3,0,,0
ACC-13035,Mid-Market,24,17,9007.05,79,41,0.519,13.43,1.4124,0.7441,6,0,0.0,5,0,72.0,0
ACC-13036,Mid-Market,12,21,2262.31,56,39,0.6964,12.85,1.1137,0.8717,4,1,2.2499,5,0,40.0,0
ACC-13037,SMB,12,8,2009.45,27,24,0.8889,5.49,0.868,0.707,3,1,2.9998,3,0,,0
ACC-13038,Enterprise,24,11,30147.65,489,410,0.8384,14.03,0.6819,0.9684,3,0,0.0001,0,0,11.0,0
ACC-13039,Mid-Market,24,12,3507.42,107,81,0.757,7.94,0.7021,0.8834,6,0,0.0,7,0,78.0,0
ACC-13040,Enterprise,12,8,9798.37,629,362,0.5755,9.53,1.1469,0.6151,3,0,0.0001,3,0,-26.0,0
ACC-13041,SMB,24,39,491.67,20,13,0.65,14.05,0.8192,0.9005,4,0,0.0001,2,0,,0
ACC-13042,Enterprise,36,25,20521.4,578,340,0.5882,8.61,0.8319,0.6548,3,0,0.0001,2,0,25.0,0
ACC-13043,Mid-Market,24,26,7376.36,91,63,0.6923,18.67,1.0284,0.6354,3,0,0.0001,1,0,54.0,0
ACC-13044,SMB,12,13,1228.89,9,6,0.6667,20.56,0.8109,0.6772,5,2,3.5998,3,0,,1
ACC-13045,SMB,24,18,610.65,21,18,0.8571,13.45,1.0248,0.7428,6,0,0.0,6,0,100.0,0
ACC-13046,Mid-Market,12,13,4738.57,86,71,0.8256,13.3,1.1921,0.4993,7,0,0.0,6,0,69.0,0
ACC-13047,Mid-Market,24,14,8126.09,68,55,0.8088,8.89,1.0579,0.6937,2,1,4.4995,3,0,12.0,0
ACC-13048,Mid-Market,36,17,7394.26,82,67,0.8171,13.9,1.2103,0.9109,2,0,0.0001,6,4,60.0,0
ACC-13049,Mid-Market,12,15,6977.5,54,33,0.6111,11.79,0.8382,0.8076,1,0,0.0003,0,4,,0
ACC-13050,Mid-Market,36,17,7619.04,62,38,0.6129,15.14,1.2569,0.3731,6,0,0.0,6,0,56.0,0
ACC-13051,Mid-Market,12,6,5610.21,130,99,0.7615,18.3,0.9191,0.5989,5,0,0.0001,6,0,60.0,0
ACC-13052,Mid-Market,36,8,6439.93,148,117,0.7905,17.31,0.6713,0.7978,2,0,0.0001,8,0,21.0,0
ACC-13053,Mid-Market,24,13,8999.83,37,24,0.6486,19.82,0.7025,0.6557,4,1,2.2499,4,0,84.0,0
ACC-13054,SMB,12,14,1389.17,31,23,0.7419,15.14,0.8115,0.8215,5,1,1.8,7,0,2.0,0
ACC-13055,SMB,24,14,943.08,20,17,0.85,10.03,0.9266,0.7681,1,1,8.9976,4,0,,0
ACC-13056,Mid-Market,12,23,3115.8,43,32,0.7442,4.67,0.957,0.7272,5,3,5.3997,4,0,80.0,0
ACC-13057,Enterprise,12,19,41578.02,888,303,0.3412,6.19,1.0381,0.4682,2,0,0.0001,4,0,4.0,0
ACC-13058,Enterprise,24,21,42744.12,238,182,0.7647,19.44,0.7956,0.5354,5,0,0.0001,4,0,13.0,0
ACC-13059,SMB,12,12,2113.72,29,20,0.6897,12.82,0.877,0.4058,4,2,4.4997,2,4,37.0,1
ACC-13060,Mid-Market,24,9,7200.87,123,89,0.7236,18.75,1.0765,0.5337,5,0,0.0001,5,0,-32.0,0
ACC-13061,Enterprise,12,15,23934.35,463,356,0.7689,6.28,0.7537,0.6931,5,0,0.0001,4,0,25.0,0
ACC-13062,Mid-Market,12,24,3313.89,53,29,0.5472,16.52,1.4714,0.7166,2,2,8.9988,2,0,44.0,1
ACC-13063,Mid-Market,36,38,4271.67,108,76,0.7037,16.94,1.452,0.6391,4,0,0.0001,8,4,39.0,0
ACC-13064,Mid-Market,12,12,2441.76,118,83,0.7034,7.94,1.5372,0.4899,2,0,0.0001,5,0,28.0,0
ACC-13065,Mid-Market,24,38,4517.06,110,45,0.4091,14.82,1.3611,0.8246,5,0,0.0001,3,0,59.0,0
ACC-13066,Enterprise,24,8,10362.55,266,232,0.8722,21.68,0.867,0.687,2,0,0.0001,3,0,,0
ACC-13067,SMB,24,6,2304.66,16,13,0.8125,5.84,1.0239,0.483,1,0,0.0003,1,0,32.0,0
ACC-13068,Mid-Market,36,14,4427.52,80,45,0.5625,10.41,1.1803,0.7228,3,1,2.9998,3,0,,0
ACC-13069,SMB,24,9,910.58,16,12,0.75,11.4,0.7817,0.887,2,1,4.4995,4,0,73.0,0
ACC-13070,SMB,12,11,1042.52,33,29,0.8788,28.14,1.3654,0.3372,5,0,0.0001,3,0,37.0,0
ACC-13071,Mid-Market,24,27,7373.65,99,82,0.8283,14.46,0.9323,0.6317,2,0,0.0001,1,0,45.0,0
ACC-13072,Mid-Market,12,26,4280.52,66,47,0.7121,8.02,1.2605,0.6352,1,1,8.9976,3,0,-14.0,0
ACC-13073,Mid-Market,12,19,6872.33,72,56,0.7778,7.7,0.8372,0.5847,3,0,0.0001,2,0,-3.0,0
ACC-13074,Mid-Market,36,18,7814.09,100,80,0.8,13.14,0.8308,0.4355,5,1,1.8,3,0,71.0,0
ACC-13075,SMB,24,11,424.72,6,5,0.8333,9.08,0.8172,0.8205,1,0,0.0003,4,0,30.0,0
ACC-13076,SMB,24,15,1907.57,34,15,0.4412,4.57,0.8654,0.2541,2,0,0.0001,8,0,,0
ACC-13077,Enterprise,24,13,40490.33,931,674,0.724,19.51,0.7362,0.7991,3,1,2.9998,6,0,32.0,0
ACC-13078,Enterprise,24,7,26085.19,759,624,0.8221,9.25,0.9904,0.597,2,1,4.4995,2,0,35.0,0
ACC-13079,SMB,36,41,1469.83,18,13,0.7222,11.06,1.1199,0.7532,6,0,0.0,4,0,32.0,0
ACC-13080,SMB,12,14,2467.35,7,2,0.2857,35.72,0.9988,0.607,4,0,0.0001,5,0,,0
ACC-13081,SMB,12,9,1597.87,13,10,0.7692,11.24,1.2168,0.7427,1,0,0.0003,2,0,29.0,0
ACC-13082,Mid-Market,12,7,3808.26,107,56,0.5234,6.44,1.0298,0.4129,2,0,0.0001,5,0,,0
ACC-13083,Mid-Market,24,21,6800.46,78,44,0.5641,16.08,0.8102,0.5298,2,0,0.0001,8,0,,0
ACC-13084,SMB,12,40,805.53,9,7,0.7778,17.88,0.703,0.5843,3,2,5.9995,4,0,70.0,1
ACC-13085,SMB,12,47,1574.92,26,15,0.5769,17.13,1.0808,0.7238,7,1,1.2857,5,0,33.0,0
ACC-13086,Mid-Market,12,15,6333.79,121,104,0.8595,16.79,0.8249,0.5696,3,0,0.0001,2,0,-15.0,0
ACC-13087,Enterprise,36,14,40837.33,778,687,0.883,12.7,1.0872,0.5675,2,0,0.0001,8,0,,0
ACC-13088,Mid-Market,24,17,5129.11,49,38,0.7755,16.36,0.9589,0.6469,4,0,0.0001,3,0,64.0,0
ACC-13089,Mid-Market,12,17,4934.46,118,95,0.8051,22.49,1.1012,0.5488,3,0,0.0001,2,0,19.0,0
ACC-13090,Mid-Market,12,4,6533.03,105,89,0.8476,11.22,0.6687,0.7629,0,1,30001.0,3,12,22.0,0
ACC-13091,SMB,12,13,868.89,24,21,0.875,18.03,1.1522,0.7991,2,0,0.0001,3,4,2.0,0
ACC-13092,Mid-Market,12,20,5607.86,40,31,0.775,6.23,0.9394,0.675,2,0,0.0001,3,4,12.0,0
ACC-13093,SMB,12,22,1611.51,21,13,0.619,17.54,1.0547,0.702,5,1,1.8,1,0,,0
ACC-13094,Enterprise,36,23,38647.86,809,437,0.5402,16.33,0.9109,0.7655,3,0,0.0001,4,0,63.0,0
ACC-13095,SMB,36,17,1502.3,10,6,0.6,6.98,1.114,0.3882,4,3,6.7496,2,0,78.0,1
ACC-13096,SMB,12,8,2352.84,14,10,0.7143,23.86,0.639,0.8202,2,0,0.0001,5,0,-14.0,0
ACC-13097,Enterprise,12,15,22591.04,815,685,0.8405,7.23,0.9801,0.5896,4,1,2.2499,4,0,47.0,0
ACC-13098,Enterprise,12,32,39160.6,629,416,0.6614,6.81,0.8844,0.7195,6,0,0.0,2,0,,0
ACC-13099,Mid-Market,12,21,8750.19,92,56,0.6087,26.29,1.1428,0.8564,3,1,2.9998,2,0,12.0,0
ACC-13100,Enterprise,12,14,36670.67,973,913,0.9383,13.65,1.0249,0.6345,2,0,0.0001,4,0,,0
ACC-13101,SMB,12,49,1649.3,26,22,0.8462,13.18,0.7877,0.9637,2,0,0.0001,2,0,,0
ACC-13102,SMB,12,17,2244.41,6,5,0.8333,9.08,0.9419,0.7563,3,0,0.0001,5,0,,0
ACC-13103,Mid-Market,24,15,6671.7,53,37,0.6981,14.7,0.7952,0.8524,4,0,0.0001,9,0,39.0,0
ACC-13104,Mid-Market,24,24,8876.19,80,70,0.875,8.76,0.8618,0.6922,2,0,0.0001,2,0,,0
ACC-13105,Mid-Market,24,8,8739.6,126,104,0.8254,16.37,1.1313,0.4712,7,0,0.0,2,0,,0
ACC-13106,SMB,12,14,2392.62,18,14,0.7778,15.45,1.5286,0.7006,3,0,0.0001,4,0,,0
ACC-13107,Enterprise,36,15,44544.1,755,480,0.6358,4.02,1.0153,0.8443,2,0,0.0001,3,0,,0
ACC-13108,Mid-Market,36,6,6210.14,136,108,0.7941,10.56,1.0412,0.6603,5,1,1.8,1,0,33.0,0
ACC-13109,Mid-Market,12,18,5687.16,41,25,0.6098,4.73,0.8881,0.8783,6,0,0.0,4,0,60.0,0
ACC-13110,Mid-Market,12,22,3300.35,104,94,0.9038,13.33,0.9219,0.6608,5,1,1.8,9,0,,0
ACC-13111,Mid-Market,12,12,4687.76,34,25,0.7353,15.79,0.9658,0.7815,3,0,0.0001,4,0,31.0,0
ACC-13112,SMB,12,25,712.75,24,16,0.6667,15.74,1.0324,0.7572,3,2,5.9995,1,0,-10.0,1
ACC-13113,Enterprise,12,30,28114.95,838,654,0.7804,1.07,0.9094,0.6031,3,1,2.9998,3,0,,0
ACC-13114,Enterprise,24,32,37410.93,947,760,0.8025,16.48,0.8918,0.7857,2,1,4.4995,3,0,56.0,0
ACC-13115,SMB,12,8,926.95,30,21,0.7,4.9,0.8025,0.2737,5,0,0.0001,2,0,56.0,0
ACC-13116,SMB,12,18,613.12,19,16,0.8421,25.39,0.9909,0.7047,5,0,0.0001,7,0,,0
ACC-13117,Enterprise,12,23,20961.77,818,586,0.7164,13.03,0.7131,0.5108,2,0,0.0001,2,0,39.0,0
ACC-13118,Mid-Market,36,18,5107.38,39,29,0.7436,18.18,0.9025,0.725,3,0,0.0001,4,0,,0
ACC-13119,Mid-Market,12,28,6634.17,142,99,0.6972,15.42,1.2324,0.7041,3,0,0.0001,7,0,36.0,0
ACC-13120,Mid-Market,24,19,8852.88,109,85,0.7798,28.72,0.8409,0.6724,3,1,2.9998,4,0,55.0,0
ACC-13121,Mid-Market,12,8,8311.52,50,46,0.92,17.7,0.7543,0.8503,5,1,1.8,5,0,93.0,0
ACC-13122,Enterprise,12,29,19967.58,538,422,0.7844,17.67,0.856,0.6972,5,0,0.0001,3,8,48.0,0
ACC-13123,Mid-Market,24,18,6682.97,77,31,0.4026,22.27,0.7642,0.8297,6,0,0.0,2,0,24.0,0
ACC-13124,SMB,12,38,566.13,14,12,0.8571,15.71,0.8749,0.605,4,0,0.0001,5,0,50.0,0
ACC-13125,Mid-Market,12,8,5328.61,111,84,0.7568,11.31,1.043,0.8725,5,1,1.8,3,0,,0
ACC-13126,SMB,12,18,2107.21,7,3,0.4286,22.39,0.81,0.2826,2,0,0.0001,3,0,,0
ACC-13127,Enterprise,24,37,44854.41,936,686,0.7329,8.99,2.4417,0.838,3,0,0.0001,5,0,19.0,0
ACC-13128,SMB,24,19,2262.77,5,4,0.8,12.43,1.1071,0.7584,1,0,0.0003,5,0,,0
ACC-13129,SMB,12,26,1098.9,17,12,0.7059,4.78,0.8916,0.3743,2,0,0.0001,7,0,61.0,0
ACC-13130,SMB,24,30,1417.19,7,6,0.8571,6.49,1.0685,0.5862,4,0,0.0001,5,0,,0
ACC-13131,SMB,12,17,2362.38,31,22,0.7097,16.94,1.0893,0.6243,2,1,4.4995,3,0,9.0,0
ACC-13132,SMB,24,10,1245.69,13,11,0.8462,20.72,0.8459,0.9326,3,0,0.0001,3,4,57.0,0
ACC-13133,Mid-Market,12,27,8996.04,39,34,0.8718,16.53,1.4973,0.7012,5,0,0.0001,5,0,85.0,0
ACC-13134,Mid-Market,24,15,5398.56,138,102,0.7391,12.8,0.8166,0.3131,5,0,0.0001,6,0,47.0,0
ACC-13135,Mid-Market,36,4,8929.3,47,25,0.5319,10.06,0.7903,0.9525,2,0,0.0001,5,0,,0
ACC-13136,SMB,36,33,1993.45,26,15,0.5769,3.82,1.0079,0.7017,5,1,1.8,7,8,27.0,0
ACC-13137,SMB,12,41,1761.07,29,23,0.7931,6.24,1.2719,0.5372,2,0,0.0001,7,0,,0
ACC-13138,Mid-Market,24,12,2241.37,102,94,0.9216,5.94,1.1456,0.5343,3,1,2.9998,4,0,48.0,0
ACC-13139,Enterprise,12,17,26868.73,540,455,0.8426,12.28,0.7369,0.4123,1,0,0.0003,4,0,27.0,0
ACC-13140,Mid-Market,36,43,4113.52,144,124,0.8611,19.49,1.0337,0.6916,4,0,0.0001,3,0,,0
ACC-13141,SMB,12,37,1653.45,28,26,0.9286,10.82,0.9985,0.8837,7,0,0.0,3,0,28.0,0
ACC-13142,Mid-Market,12,23,7827.99,134,125,0.9328,4.14,1.4632,0.7888,2,1,4.4995,3,0,19.0,0
ACC-13143,Mid-Market,12,35,4403.27,48,38,0.7917,6.26,0.8574,0.6077,1,0,0.0003,5,8,18.0,0
ACC-13144,Mid-Market,12,15,5836.76,93,85,0.914,12.18,1.2243,0.4676,6,0,0.0,2,0,38.0,0
ACC-13145,Mid-Market,24,7,7848.97,54,53,0.9815,13.63,1.9167,0.5694,2,2,8.9988,4,0,,1
ACC-13146,SMB,36,31,2359.53,29,25,0.8621,12.15,1.0395,0.8041,3,0,0.0001,5,0,58.0,0
ACC-13147,SMB,24,16,639.09,11,10,0.9091,4.14,0.8852,0.8733,6,0,0.0,1,0,,0
ACC-13148,SMB,24,6,1071.37,6,5,0.8333,10.46,0.9862,0.3759,1,0,0.0003,5,0,73.0,0
ACC-13149,Mid-Market,24,12,4977.45,135,83,0.6148,4.57,1.2376,0.7518,3,1,2.9998,3,0,23.0,0
ACC-13150,Mid-Market,12,14,3747.44,132,68,0.5152,17.88,1.3933,0.7076,5,1,1.8,4,0,-6.0,0
ACC-13151,Mid-Market,12,15,5513.71,39,31,0.7949,18.91,0.9179,0.7634,3,0,0.0001,6,0,43.0,0
ACC-13152,SMB,12,11,732.14,17,11,0.6471,5.76,0.8203,0.883,6,0,0.0,4,24,28.0,0
ACC-13153,Mid-Market,12,9,2836.24,71,57,0.8028,9.72,0.6054,0.6875,5,1,1.8,3,0,67.0,0
ACC-13154,Mid-Market,12,5,8055.45,80,60,0.75,11.86,1.5041,0.5995,2,0,0.0001,3,0,,0
ACC-13155,Mid-Market,12,5,4881.99,67,48,0.7164,4.65,1.0638,0.7914,3,0,0.0001,4,0,49.0,0
ACC-13156,SMB,12,16,1796.74,33,26,0.7879,5.95,0.8254,0.4195,3,0,0.0001,4,0,-6.0,0
ACC-13157,Enterprise,12,19,36930.08,931,720,0.7734,20.58,0.9826,0.4814,6,0,0.0,5,0,,0
ACC-13158,SMB,36,9,1219.45,28,17,0.6071,10.13,0.7048,0.6003,3,0,0.0001,6,0,,0
ACC-13159,Mid-Market,12,35,3270.84,89,68,0.764,10.63,1.0867,0.8348,5,2,3.5998,3,0,,1
ACC-13160,Mid-Market,12,13,9756.55,94,79,0.8404,11.16,0.8055,0.693,5,0,0.0001,2,0,66.0,0
ACC-13161,Enterprise,24,16,23798.56,452,381,0.8429,23.52,1.3364,0.6366,7,1,1.2857,6,0,65.0,0
ACC-13162,Mid-Market,12,15,5465.78,41,36,0.878,4.73,0.611,0.584,3,0,0.0001,2,0,,0
ACC-13163,Mid-Market,12,5,8373.95,118,96,0.8136,10.73,0.7798,0.6715,7,0,0.0,6,0,,0
ACC-13164,Enterprise,12,29,29217.97,493,486,0.9858,6.59,0.6992,0.9272,4,1,2.2499,0,0,47.0,0
ACC-13165,Mid-Market,12,23,4825.2,130,83,0.6385,11.73,1.038,0.5877,4,1,2.2499,2,0,42.0,0
ACC-13166,SMB,12,36,2057.49,8,6,0.75,10.16,0.9807,0.8163,7,0,0.0,5,0,,0
ACC-13167,Enterprise,12,34,12190.73,209,182,0.8708,5.49,1.247,0.8846,8,0,0.0,4,24,14.0,0
ACC-13168,SMB,24,21,1298.97,27,22,0.8148,13.58,1.1364,0.8024,3,0,0.0001,2,0,,0
ACC-13169,Mid-Market,24,24,5238.98,73,55,0.7534,27.64,0.6979,0.7719,6,0,0.0,1,0,-1.0,0
ACC-13170,SMB,12,8,1935.55,33,20,0.6061,12.74,1.0258,0.6713,6,0,0.0,3,0,19.0,0
ACC-13171,Mid-Market,12,13,6115.21,91,56,0.6154,25.0,2.0453,0.5988,3,1,2.9998,4,0,-33.0,0
ACC-13172,Enterprise,12,15,16379.4,365,284,0.7781,7.28,0.8161,0.6315,3,0,0.0001,6,0,78.0,0
ACC-13173,Enterprise,24,12,15756.74,384,269,0.7005,18.72,0.8499,0.7548,5,0,0.0001,2,0,42.0,0
ACC-13174,Enterprise,12,34,29299.6,698,465,0.6662,9.25,0.8822,0.3345,2,0,0.0001,2,0,-11.0,0
ACC-13175,Enterprise,24,18,35837.43,766,642,0.8381,10.59,1.0557,0.6712,2,0,0.0001,3,0,-19.0,0
ACC-13176,SMB,24,10,2496.53,32,24,0.75,22.47,0.8649,0.7467,4,0,0.0001,6,0,,0
ACC-13177,SMB,12,33,1073.91,32,23,0.7188,15.33,0.8934,0.9321,2,0,0.0001,7,0,38.0,0
ACC-13178,SMB,12,19,1103.4,7,6,0.8571,6.95,1.1532,0.7352,3,1,2.9998,5,0,,0
ACC-13179,SMB,12,28,618.99,21,19,0.9048,21.53,1.0007,0.754,6,0,0.0,4,0,68.0,0
ACC-13180,Enterprise,12,8,36144.03,259,126,0.4865,12.65,0.8364,0.8113,2,0,0.0001,6,0,,0
ACC-13181,Mid-Market,12,20,7478.73,57,48,0.8421,5.46,0.824,0.6716,4,0,0.0001,1,0,-2.0,0
ACC-13182,Mid-Market,12,10,9469.27,99,77,0.7778,19.36,1.0544,0.6004,5,0,0.0001,4,0,32.0,0
ACC-13183,Mid-Market,12,19,7972.09,110,95,0.8636,12.98,0.6118,0.7243,3,1,2.9998,7,0,19.0,0
ACC-13184,Mid-Market,12,23,9157.5,31,23,0.7419,11.76,0.895,0.6272,1,1,8.9976,6,0,45.0,0
ACC-13185,Mid-Market,24,8,7322.65,54,48,0.8889,8.12,0.9847,0.4518,6,1,1.5,4,0,74.0,0
ACC-13186,Mid-Market,12,16,2458.21,109,59,0.5413,8.34,1.0787,0.8368,4,2,4.4997,7,0,46.0,0
ACC-13187,Mid-Market,36,8,8965.02,105,57,0.5429,8.84,0.6749,0.6056,3,0,0.0001,5,0,90.0,0
ACC-13188,SMB,36,29,548.19,11,10,0.9091,12.47,0.6889,0.7442,5,1,1.8,6,0,85.0,0
ACC-13189,SMB,36,17,755.75,33,27,0.8182,4.96,1.2535,0.837,3,0,0.0001,3,0,,0
ACC-13190,Mid-Market,24,10,6578.02,96,76,0.7917,16.93,1.4002,0.791,1,0,0.0003,7,0,-6.0,0
ACC-13191,SMB,12,12,1906.7,8,5,0.625,7.47,1.0945,0.8362,3,1,2.9998,2,0,69.0,0
ACC-13192,SMB,12,13,2259.55,16,11,0.6875,14.06,0.6823,0.7438,6,1,1.5,4,0,-2.0,0
ACC-13193,Mid-Market,24,35,5395.41,82,72,0.878,13.59,0.92,0.3888,3,0,0.0001,5,0,-4.0,0
ACC-13194,Mid-Market,24,16,6000.97,88,35,0.3977,15.25,1.1804,0.4053,6,0,0.0,5,0,49.0,0
ACC-13195,Mid-Market,24,26,9673.95,104,100,0.9615,10.82,1.0269,0.8476,3,0,0.0001,2,0,38.0,0
ACC-13196,SMB,36,16,1371.29,21,13,0.619,14.98,0.8695,0.6955,7,0,0.0,2,0,12.0,0
ACC-13197,SMB,12,8,781.58,28,21,0.75,13.45,0.7728,0.6489,6,1,1.5,6,0,22.0,0
ACC-13198,Enterprise,12,12,10058.09,951,617,0.6488,18.45,0.7289,0.3766,5,0,0.0001,4,0,22.0,0
ACC-13199,Mid-Market,12,20,4510.64,93,75,0.8065,8.75,1.016,0.9142,1,0,0.0003,6,0,,0
ACC-13200,Mid-Market,12,5,9733.66,110,92,0.8364,28.94,0.9126,0.634,2,0,0.0001,4,0,,0
ACC-13201,Mid-Market,12,22,9080.96,44,43,0.9773,17.7,1.2908,0.5695,5,0,0.0001,3,0,51.0,0
ACC-13202,Enterprise,24,11,13074.74,206,166,0.8058,7.96,0.9682,0.7786,5,0,0.0001,7,0,-8.0,0
ACC-13203,SMB,24,18,2088.4,28,21,0.75,23.71,0.952,0.6869,4,0,0.0001,4,0,,0
ACC-13204,SMB,12,12,1083.94,22,16,0.7273,7.34,1.0746,0.6603,2,1,4.4995,6,0,,0
ACC-13205,SMB,36,24,1083.12,29,17,0.5862,12.55,1.7242,0.2718,7,0,0.0,4,0,20.0,0
ACC-13206,SMB,24,17,1946.67,33,24,0.7273,5.18,0.9118,0.8646,4,0,0.0001,5,0,,0
ACC-13207,SMB,24,24,746.98,22,12,0.5455,12.74,0.7552,0.5184,2,1,4.4995,6,0,22.0,0
ACC-13208,Mid-Market,12,5,9588.23,140,111,0.7929,13.53,1.1705,0.853,6,0,0.0,4,0,61.0,0
ACC-13209,Mid-Market,24,15,4905.45,133,124,0.9323,9.57,1.1695,0.8296,5,0,0.0001,4,0,82.0,0
ACC-13210,Enterprise,24,11,40276.57,872,806,0.9243,9.35,0.9563,0.6488,4,0,0.0001,6,0,29.0,0
ACC-13211,SMB,12,22,477.33,19,15,0.7895,5.56,0.7555,0.9659,2,0,0.0001,8,0,,0
ACC-13212,Enterprise,12,29,24790.17,470,398,0.8468,16.44,0.878,0.6947,5,0,0.0001,6,0,16.0,0
ACC-13213,SMB,36,28,1656.21,28,19,0.6786,9.3,0.8098,0.3725,2,1,4.4995,4,0,76.0,0
ACC-13214,Mid-Market,12,36,4236.41,112,99,0.8839,18.27,0.8048,0.637,2,1,4.4995,5,0,,0
ACC-13215,Enterprise,12,29,16506.48,693,411,0.5931,16.87,0.9713,0.6798,2,0,0.0001,5,0,13.0,0
ACC-13216,Enterprise,12,15,37741.37,776,695,0.8956,6.59,0.8972,0.9703,4,0,0.0001,6,0,83.0,0
ACC-13217,Enterprise,24,9,34903.62,524,411,0.7844,22.47,1.158,0.7416,2,1,4.4995,4,0,,0
ACC-13218,SMB,24,6,2355.07,33,25,0.7576,10.61,1.4532,0.5618,3,0,0.0001,3,0,21.0,0
ACC-13219,SMB,12,9,489.35,5,4,0.8,10.7,1.0573,0.9192,3,1,2.9998,2,0,,0
ACC-13220,Mid-Market,12,5,8055.39,141,107,0.7589,20.36,0.8417,0.809,5,0,0.0001,4,0,57.0,0
ACC-13221,Enterprise,36,7,9701.98,116,95,0.819,5.49,2.1669,0.754,7,0,0.0,4,0,47.0,0
ACC-13222,Enterprise,24,19,30702.7,621,473,0.7617,21.98,1.757,0.3777,8,2,2.25,7,0,37.0,0
ACC-13223,Enterprise,24,5,24564.79,573,393,0.6859,29.83,0.9983,0.7882,1,0,0.0003,4,0,,0
ACC-13224,Enterprise,12,21,9654.21,405,338,0.8346,12.52,0.7176,0.4666,4,0,0.0001,6,4,47.0,0
ACC-13225,SMB,12,12,1784.06,27,20,0.7407,13.16,1.3125,0.3519,4,1,2.2499,3,0,60.0,0
ACC-13226,Mid-Market,12,17,6752.38,108,65,0.6019,8.15,0.5986,0.9339,8,0,0.0,6,12,8.0,0
ACC-13227,Mid-Market,24,18,8441.49,37,33,0.8919,7.16,0.8804,0.4076,4,1,2.2499,3,0,48.0,0
ACC-13228,Enterprise,12,36,8052.87,880,729,0.8284,11.55,1.0685,0.5548,6,0,0.0,6,0,56.0,0
ACC-13229,Mid-Market,12,18,3623.76,94,69,0.734,13.6,1.1439,0.4712,3,2,5.9995,3,0,47.0,1
ACC-13230,Mid-Market,12,7,3507.17,104,87,0.8365,14.34,1.2107,0.4661,6,0,0.0,3,0,17.0,0
ACC-13231,Mid-Market,12,9,2338.38,105,85,0.8095,8.53,0.9924,0.5443,5,1,1.8,3,0,,0
ACC-13232,Mid-Market,24,18,9673.2,127,101,0.7953,16.29,0.9826,0.6314,3,0,0.0001,3,0,33.0,0
ACC-13233,Enterprise,12,14,39651.04,391,298,0.7621,10.62,0.8397,0.6869,3,0,0.0001,2,0,,0
ACC-13234,Mid-Market,24,18,9931.84,50,40,0.8,19.33,0.9231,0.6411,5,0,0.0001,7,0,37.0,0
ACC-13235,Mid-Market,36,21,9734.07,123,98,0.7967,7.96,0.7681,0.6734,2,0,0.0001,3,0,,0
ACC-13236,Mid-Market,12,10,4557.51,68,61,0.8971,6.66,0.9409,0.4356,2,1,4.4995,1,0,66.0,0
ACC-13237,SMB,24,21,682.18,34,33,0.9706,14.45,0.8908,0.5346,4,0,0.0001,6,0,,0
ACC-13238,Mid-Market,36,23,5680.42,51,47,0.9216,13.11,0.9057,0.7231,4,1,2.2499,2,0,37.0,0
ACC-13239,Mid-Market,36,18,4269.18,144,68,0.4722,23.83,1.1453,0.4778,2,1,4.4995,7,0,,0
ACC-13240,Mid-Market,12,42,3894.93,52,32,0.6154,10.22,0.7103,0.8084,4,0,0.0001,2,0,,0
ACC-13241,Mid-Market,12,6,3395.39,107,86,0.8037,13.55,1.185,0.5059,0,1,30001.0,1,0,3.0,0
ACC-13242,Mid-Market,12,40,6741.83,70,61,0.8714,16.44,1.4422,0.9018,2,1,4.4995,2,0,76.0,0
ACC-13243,SMB,24,14,452.34,17,12,0.7059,12.12,1.3146,0.7073,3,0,0.0001,3,0,,0
ACC-13244,SMB,24,11,768.21,6,4,0.6667,13.01,1.1427,0.6179,1,0,0.0003,4,0,,0
ACC-13245,Enterprise,24,22,34781.11,474,360,0.7595,17.73,0.8914,0.7696,3,0,0.0001,2,0,7.0,0
ACC-13246,Mid-Market,12,12,6609.28,97,49,0.5052,26.37,1.0388,0.5526,2,1,4.4995,9,0,48.0,0
ACC-13247,Mid-Market,12,27,2136.3,77,66,0.8571,9.69,1.3471,0.8448,2,0,0.0001,3,0,83.0,0
ACC-13248,SMB,24,13,1414.84,16,11,0.6875,20.22,0.6803,0.6277,7,1,1.2857,8,0,76.0,0
ACC-13249,Mid-Market,12,30,7493.65,99,82,0.8283,13.82,0.8636,0.5165,2,0,0.0001,2,0,48.0,0
ACC-13250,Mid-Market,24,9,2945.17,139,113,0.8129,35.21,1.1922,0.8855,7,0,0.0,2,0,,0
ACC-13251,Enterprise,12,20,30786.72,830,687,0.8277,2.79,1.8529,0.5377,2,0,0.0001,6,0,,0
ACC-13252,Mid-Market,12,10,5087.4,104,47,0.4519,26.32,1.1271,0.8512,2,0,0.0001,8,0,58.0,0
ACC-13253,Enterprise,12,20,19077.8,442,328,0.7421,10.65,1.0097,0.9604,4,2,4.4997,4,0,48.0,0
ACC-13254,Mid-Market,12,7,8283.16,84,69,0.8214,9.66,0.9564,0.6481,3,0,0.0001,1,0,74.0,0
ACC-13255,Enterprise,12,7,15913.25,581,537,0.9243,18.44,0.8148,0.509,1,0,0.0003,3,0,34.0,0
ACC-13256,SMB,12,13,850.51,19,14,0.7368,3.93,0.7738,0.2637,5,0,0.0001,5,0,,0
ACC-13257,Mid-Market,12,30,5695.73,58,40,0.6897,21.01,3.4635,0.3853,3,1,2.9998,4,0,73.0,0
ACC-13258,Mid-Market,12,6,3680.96,104,64,0.6154,20.31,0.9876,0.5892,5,2,3.5998,8,0,,1
ACC-13259,SMB,12,33,466.01,15,12,0.8,9.91,0.6909,0.8021,2,0,0.0001,2,0,,0
ACC-13260,Mid-Market,24,20,8462.55,62,29,0.4677,7.2,1.1646,0.4199,4,0,0.0001,3,0,13.0,0
ACC-13261,Mid-Market,12,29,3796.97,133,86,0.6466,28.74,0.9501,0.8639,3,2,5.9995,5,0,24.0,1
ACC-13262,Mid-Market,24,17,7896.51,36,25,0.6944,19.14,1.5592,0.6227,2,0,0.0001,3,12,37.0,0
ACC-13263,Enterprise,24,18,28050.89,322,297,0.9224,13.02,0.9711,0.5087,6,0,0.0,4,0,42.0,0
ACC-13264,SMB,24,15,1010.02,16,14,0.875,15.69,0.7279,0.5764,0,1,30001.0,7,0,34.0,0
ACC-13265,Enterprise,36,14,27913.56,608,463,0.7615,12.38,1.6871,0.9216,1,1,8.9976,4,0,70.0,0
ACC-13266,Mid-Market,12,25,9598.57,60,33,0.55,9.41,0.681,0.4379,3,2,5.9995,5,0,26.0,1
ACC-13267,Mid-Market,24,9,3714.95,41,24,0.5854,6.8,1.2888,0.5476,7,1,1.2857,1,0,100.0,0
ACC-13268,Mid-Market,36,17,3353.29,81,49,0.6049,9.7,0.9019,0.8457,3,0,0.0001,7,8,-4.0,0
ACC-13269,SMB,24,6,826.53,33,19,0.5758,9.53,0.9287,0.8855,4,0,0.0001,3,0,34.0,0
ACC-13270,Mid-Market,12,7,9405.71,106,89,0.8396,4.6,1.0525,0.9204,2,1,4.4995,6,0,44.0,0
ACC-13271,Enterprise,12,16,16903.04,559,334,0.5975,12.29,0.8375,0.6044,4,1,2.2499,2,0,51.0,0
ACC-13272,SMB,12,11,867.31,27,12,0.4444,8.66,0.6405,0.5566,2,0,0.0001,4,0,-8.0,0
ACC-13273,Mid-Market,24,15,6199.13,111,96,0.8649,3.48,1.1696,0.7637,5,1,1.8,4,0,,0
ACC-13274,SMB,24,10,2355.48,12,10,0.8333,5.5,0.6911,0.5458,2,0,0.0001,2,0,-27.0,0
ACC-13275,SMB,12,23,1519.95,13,10,0.7692,11.77,0.7715,0.3771,4,0,0.0001,4,0,14.0,0
ACC-13276,SMB,12,7,2169.01,6,5,0.8333,18.34,0.8985,0.7056,1,0,0.0003,4,0,41.0,0
ACC-13277,Mid-Market,24,40,6822.54,40,34,0.85,14.4,0.7833,0.4652,5,0,0.0001,2,0,-27.0,0
ACC-13278,Mid-Market,12,33,3263.55,33,26,0.7879,18.28,0.7098,0.5385,2,0,0.0001,4,0,-27.0,0
ACC-13279,SMB,24,22,1031.57,12,11,0.9167,11.75,0.8561,0.3784,5,1,1.8,7,0,6.0,0
ACC-13280,Mid-Market,24,7,7212.49,110,84,0.7636,10.97,0.8137,0.8816,4,1,2.2499,6,0,,0
ACC-13281,Enterprise,12,15,25555.91,676,577,0.8536,7.4,0.682,0.6089,2,0,0.0001,6,4,47.0,0
ACC-13282,SMB,24,22,1272.78,27,20,0.7407,5.65,0.6465,0.745,2,1,4.4995,5,0,-8.0,0
ACC-13283,SMB,12,28,2204.49,26,22,0.8462,8.98,0.9843,0.8221,1,0,0.0003,5,0,,0
ACC-13284,Mid-Market,24,28,7984.82,56,49,0.875,14.8,0.9403,0.3867,6,1,1.5,3,4,21.0,0
ACC-13285,Enterprise,36,25,9464.04,561,365,0.6506,18.63,1.1787,0.868,1,0,0.0003,1,0,64.0,0
ACC-13286,Mid-Market,24,4,7572.36,136,117,0.8603,12.73,0.8496,0.8963,2,2,8.9988,2,0,41.0,0
ACC-13287,SMB,12,9,1927.99,19,15,0.7895,12.23,1.3475,0.7319,4,1,2.2499,3,0,54.0,0
ACC-13288,SMB,12,25,2267.72,29,22,0.7586,11.13,2.8436,0.4077,6,0,0.0,7,0,43.0,0
ACC-13289,Mid-Market,12,12,3082.72,47,28,0.5957,5.86,0.6628,0.6369,2,0,0.0001,7,0,,0
ACC-13290,Enterprise,12,20,23851.92,989,637,0.6441,18.69,0.9922,0.5832,6,1,1.5,4,0,-14.0,0
ACC-13291,SMB,12,42,559.38,21,18,0.8571,6.9,0.8924,0.7335,2,1,4.4995,2,0,31.0,0
ACC-13292,Mid-Market,12,11,9300.31,36,34,0.9444,16.65,0.708,0.7801,3,0,0.0001,3,0,47.0,0
ACC-13293,Mid-Market,12,29,8318.2,115,83,0.7217,11.4,1.005,0.5616,3,0,0.0001,2,0,86.0,0
ACC-13294,SMB,12,20,1151.21,17,12,0.7059,14.33,1.052,0.1938,3,0,0.0001,6,0,18.0,0
ACC-13295,Enterprise,12,52,35102.45,294,210,0.7143,8.69,1.0688,0.4615,2,1,4.4995,3,0,81.0,0
ACC-13296,Mid-Market,36,20,9413.14,86,73,0.8488,21.76,0.8461,0.7594,5,0,0.0001,4,0,50.0,0
ACC-13297,Enterprise,24,12,19761.29,407,356,0.8747,18.7,0.9694,0.8565,2,2,8.9988,6,0,19.0,0
ACC-13298,Mid-Market,12,17,8221.78,35,30,0.8571,23.94,0.9211,0.7046,8,0,0.0,4,0,65.0,0
ACC-13299,SMB,12,9,1416.88,25,18,0.72,14.19,0.9819,0.8367,3,0,0.0001,4,0,58.0,0
ACC-13300,Mid-Market,12,24,6293.54,122,70,0.5738,34.06,0.5873,0.7473,5,0,0.0001,4,0,,0
ACC-13301,SMB,12,13,2034.35,23,11,0.4783,7.25,0.8101,0.3996,5,0,0.0001,5,0,8.0,0
ACC-13302,Mid-Market,12,17,5891.61,74,68,0.9189,14.1,1.3711,0.6301,3,1,2.9998,4,0,22.0,0
ACC-13303,Mid-Market,24,31,5212.54,119,92,0.7731,16.09,1.071,0.384,1,1,8.9976,8,0,,0
ACC-13304,Mid-Market,24,8,4649.36,61,29,0.4754,7.93,0.9161,0.7631,2,1,4.4995,2,20,72.0,0
ACC-13305,Mid-Market,24,28,3581.42,100,75,0.75,13.76,0.6754,0.8451,3,1,2.9998,5,0,82.0,0
ACC-13306,Mid-Market,12,6,3881.97,82,57,0.6951,17.11,1.0153,0.7619,1,0,0.0003,3,0,61.0,0
ACC-13307,Enterprise,36,16,21370.38,620,411,0.6629,7.71,0.8671,0.5235,3,1,2.9998,3,0,53.0,0
ACC-13308,Mid-Market,36,22,4526.1,66,38,0.5758,9.28,0.9348,0.3692,0,0,1.0,9,0,47.0,0
ACC-13309,Mid-Market,12,25,5149.77,139,90,0.6475,8.0,1.4135,0.5644,2,1,4.4995,6,0,56.0,0
ACC-13310,SMB,12,8,1101.3,23,20,0.8696,19.07,0.9213,0.3309,4,0,0.0001,6,0,34.0,0
ACC-13311,SMB,12,42,2370.44,14,7,0.5,18.34,1.7295,0.5695,1,1,8.9976,6,0,38.0,0
ACC-13312,SMB,12,22,2200.74,29,20,0.6897,8.78,1.0017,0.6321,3,0,0.0001,2,0,-5.0,0
ACC-13313,Enterprise,24,26,20308.95,228,92,0.4035,9.08,1.4384,0.8979,5,1,1.8,2,0,,0
ACC-13314,Mid-Market,12,22,3396.8,130,120,0.9231,7.52,0.7888,0.7093,4,1,2.2499,4,0,44.0,0
ACC-13315,SMB,12,9,1568.3,29,25,0.8621,5.02,0.8579,0.7635,6,1,1.5,3,0,,0
ACC-13316,Mid-Market,12,11,8097.31,136,124,0.9118,10.45,0.8452,0.6732,4,0,0.0001,4,0,10.0,0
ACC-13317,Enterprise,12,33,40645.34,331,191,0.577,31.55,0.675,0.6444,4,2,4.4997,1,0,,1
ACC-13318,SMB,24,33,2362.55,11,9,0.8182,19.56,0.8954,0.8119,3,0,0.0001,4,0,22.0,0
ACC-13319,SMB,24,4,1059.03,10,9,0.9,14.78,0.8649,0.559,1,0,0.0003,6,0,,0
ACC-13320,Mid-Market,24,24,2940.28,98,93,0.949,9.57,0.7387,0.5962,4,1,2.2499,5,0,30.0,0
ACC-13321,Enterprise,12,15,8130.38,329,306,0.9301,16.62,0.8651,0.6498,4,0,0.0001,3,0,58.0,0
ACC-13322,SMB,24,21,2067.77,28,17,0.6071,18.71,1.0093,0.8301,4,0,0.0001,5,0,70.0,0
ACC-13323,Mid-Market,12,18,8809.04,43,32,0.7442,14.83,0.9707,0.5928,3,0,0.0001,3,0,77.0,0
ACC-13324,SMB,24,18,1145.19,32,18,0.5625,7.01,0.8695,0.7698,4,0,0.0001,10,0,82.0,0
ACC-13325,SMB,12,10,1667.64,21,19,0.9048,12.05,1.0135,0.8949,2,1,4.4995,7,0,,0
ACC-13326,SMB,12,29,1965.3,8,6,0.75,7.1,1.0649,0.3012,2,1,4.4995,5,0,,1
ACC-13327,Mid-Market,12,12,8132.74,75,68,0.9067,16.47,0.7875,0.6856,2,1,4.4995,4,0,100.0,0
ACC-13328,Enterprise,12,15,18979.51,202,170,0.8416,11.24,0.8878,0.8417,9,0,0.0,3,0,90.0,0
ACC-13329,SMB,36,10,2047.26,9,6,0.6667,11.91,0.796,0.7705,3,0,0.0001,2,0,46.0,0
ACC-13330,Mid-Market,12,17,6290.23,118,102,0.8644,13.06,0.6313,0.5455,9,2,2.0,4,0,-6.0,1
ACC-13331,SMB,12,7,1899.7,31,28,0.9032,12.15,1.2391,0.8866,4,1,2.2499,7,0,22.0,0
ACC-13332,Enterprise,12,12,32264.58,260,201,0.7731,16.18,1.1735,0.814,3,2,5.9995,2,8,43.0,1
ACC-13333,Enterprise,24,29,27781.54,196,147,0.75,6.04,1.8767,0.6137,2,0,0.0001,5,0,44.0,0
ACC-13334,SMB,12,8,967.92,8,6,0.75,27.81,1.3229,0.4144,3,0,0.0001,3,0,4.0,0
ACC-13335,SMB,24,24,804.5,8,6,0.75,10.2,1.3297,0.7725,2,0,0.0001,2,0,-0.0,0
ACC-13336,SMB,24,7,800.64,14,10,0.7143,16.74,1.1509,0.6751,2,0,0.0001,5,0,56.0,0
ACC-13337,SMB,12,11,719.74,14,12,0.8571,9.07,1.3945,0.4785,3,1,2.9998,2,0,38.0,1
ACC-13338,Mid-Market,12,11,3721.65,43,29,0.6744,13.89,1.0633,0.6548,4,0,0.0001,6,0,37.0,0
ACC-13339,SMB,12,27,2303.93,18,14,0.7778,10.83,0.7052,0.7543,2,0,0.0001,3,0,3.0,0
ACC-13340,SMB,24,34,1324.26,33,28,0.8485,4.21,0.7539,0.9647,2,1,4.4995,0,12,31.0,0
ACC-13341,Mid-Market,12,14,8708.98,97,65,0.6701,34.52,0.7275,0.8603,6,0,0.0,3,0,,0
ACC-13342,Mid-Market,12,7,5711.9,97,83,0.8557,10.28,0.7445,0.7981,3,1,2.9998,5,0,85.0,0
ACC-13343,Enterprise,24,12,37272.25,562,465,0.8274,19.26,0.824,0.6094,5,0,0.0001,1,4,,0
ACC-13344,Mid-Market,24,13,4952.69,146,95,0.6507,14.9,1.0781,0.5733,5,0,0.0001,8,0,70.0,0
ACC-13345,SMB,12,12,1719.57,22,8,0.3636,9.3,0.6881,0.6199,4,1,2.2499,4,0,-21.0,0
ACC-13346,Mid-Market,12,15,3609.7,79,41,0.519,25.65,0.8921,0.5597,2,0,0.0001,6,0,63.0,0
ACC-13347,Mid-Market,12,10,9901.9,126,53,0.4206,21.16,1.6224,0.7399,2,1,4.4995,3,0,45.0,0
ACC-13348,Mid-Market,12,8,5837.94,66,45,0.6818,8.42,1.379,0.663,7,1,1.2857,6,0,,0
ACC-13349,Mid-Market,12,5,9284.52,141,73,0.5177,12.62,1.2391,0.9052,3,0,0.0001,3,0,,0
ACC-13350,Mid-Market,36,26,2630.07,103,85,0.8252,24.13,1.0158,0.8478,2,2,8.9988,2,0,40.0,0
ACC-13351,Mid-Market,12,18,6870.86,100,92,0.92,16.8,3.088,0.6046,0,0,1.0,4,0,36.0,0
ACC-13352,SMB,24,23,1302.88,31,20,0.6452,22.16,0.8187,0.2431,3,1,2.9998,2,0,40.0,0
ACC-13353,Mid-Market,24,21,8494.66,92,75,0.8152,7.65,1.1297,0.6591,4,1,2.2499,7,0,-26.0,0
ACC-13354,Enterprise,12,16,43486.89,328,308,0.939,22.2,0.8841,0.8267,0,1,30001.0,7,0,67.0,0
ACC-13355,Enterprise,24,15,40039.33,909,840,0.9241,17.82,1.0467,0.6763,5,3,5.3997,4,0,73.0,0
ACC-13356,SMB,12,42,2301.82,25,19,0.76,14.58,0.9079,0.8126,3,1,2.9998,4,0,19.0,0
ACC-13357,Mid-Market,36,12,4785.99,118,83,0.7034,6.65,1.3797,0.7898,9,0,0.0,3,0,72.0,0
ACC-13358,SMB,24,17,653.15,16,9,0.5625,8.82,0.8627,0.7732,3,1,2.9998,4,0,-9.0,0
ACC-13359,SMB,12,13,1315.31,12,8,0.6667,15.65,1.128,0.7269,5,1,1.8,8,0,76.0,0
ACC-13360,SMB,12,9,1488.75,15,9,0.6,30.64,1.0709,0.6692,2,0,0.0001,4,4,6.0,0
ACC-13361,Mid-Market,12,51,4239.13,133,126,0.9474,16.99,0.6489,0.524,1,0,0.0003,3,0,,0
ACC-13362,SMB,12,22,1413.57,10,4,0.4,16.72,1.0959,0.8235,2,0,0.0001,2,0,31.0,0
ACC-13363,Mid-Market,12,11,9372.26,78,31,0.3974,24.68,0.7456,0.9483,8,0,0.0,2,0,27.0,0
ACC-13364,SMB,12,10,742.16,5,5,1.0,6.16,1.2616,0.8235,4,3,6.7496,6,0,,1
ACC-13365,Mid-Market,24,24,3521.51,122,81,0.6639,18.83,1.2619,0.7587,5,0,0.0001,3,0,,0
ACC-13366,Mid-Market,12,30,7806.59,63,47,0.746,19.31,1.7713,0.6732,2,0,0.0001,6,0,3.0,0
ACC-13367,Mid-Market,24,8,8576.74,44,39,0.8864,18.28,1.5521,0.8022,3,0,0.0001,5,0,79.0,0
ACC-13368,Enterprise,24,15,34405.06,364,272,0.7473,24.44,0.815,0.5266,2,0,0.0001,2,0,18.0,0
ACC-13369,SMB,12,17,1017.47,18,14,0.7778,20.97,1.0719,0.7882,4,0,0.0001,6,0,,0
ACC-13370,Mid-Market,24,17,7080.48,76,33,0.4342,9.06,0.8764,0.7042,4,1,2.2499,3,0,36.0,0
ACC-13371,Mid-Market,12,19,4243.49,54,31,0.5741,20.92,0.8381,0.7054,5,0,0.0001,5,0,43.0,0
ACC-13372,Mid-Market,12,14,6840.97,80,68,0.85,18.43,0.7556,0.7231,5,0,0.0001,4,0,-13.0,0
ACC-13373,SMB,24,16,1242.89,21,16,0.7619,7.29,1.5887,0.734,1,1,8.9976,1,0,,0
ACC-13374,SMB,12,16,2020.66,20,16,0.8,18.68,0.9254,0.6764,7,1,1.2857,9,0,23.0,0
ACC-13375,SMB,24,8,1857.37,28,17,0.6071,16.41,1.3908,0.531,3,0,0.0001,8,4,,0
ACC-13376,SMB,24,41,440.75,7,7,1.0,6.95,0.9979,0.4488,2,0,0.0001,3,0,,0
ACC-13377,Enterprise,36,25,30021.17,723,504,0.6971,19.74,1.0092,0.6649,5,0,0.0001,2,0,,0
ACC-13378,Enterprise,24,29,35945.45,310,305,0.9839,10.33,1.0156,0.4624,6,0,0.0,4,4,100.0,0
ACC-13379,SMB,24,19,1718.0,6,5,0.8333,14.83,0.6043,0.6062,2,1,4.4995,4,0,46.0,0
ACC-13380,Mid-Market,12,52,5415.46,41,38,0.9268,5.57,0.8999,0.7699,1,0,0.0003,5,0,,0
ACC-13381,Mid-Market,12,3,2144.15,55,50,0.9091,11.1,0.9034,0.5577,3,0,0.0001,6,0,,0
ACC-13382,Enterprise,24,17,21238.29,119,70,0.5882,15.89,0.9411,0.6817,2,0,0.0001,5,0,-31.0,0
ACC-13383,Mid-Market,12,10,8543.95,91,87,0.956,12.7,0.7908,0.7079,2,0,0.0001,3,4,76.0,0
ACC-13384,Enterprise,12,18,38005.68,669,434,0.6487,27.18,0.9892,0.8049,5,1,1.8,4,0,100.0,0
ACC-13385,SMB,12,36,1162.86,5,2,0.4,7.03,0.7014,0.437,3,0,0.0001,3,0,100.0,0
ACC-13386,Mid-Market,24,24,4609.04,52,43,0.8269,8.49,0.9231,0.4923,7,0,0.0,3,0,65.0,0
ACC-13387,Mid-Market,12,16,7754.85,41,20,0.4878,7.38,0.7974,0.9001,9,0,0.0,5,0,61.0,0
ACC-13388,Enterprise,24,39,10301.42,686,539,0.7857,21.35,1.7603,0.6908,4,1,2.2499,3,0,,0
ACC-13389,SMB,12,27,1016.71,25,22,0.88,10.87,1.5791,0.7119,4,0,0.0001,7,0,23.0,0
ACC-13390,Mid-Market,12,22,5143.96,132,107,0.8106,18.48,1.4433,0.7626,1,0,0.0003,4,0,100.0,0
ACC-13391,SMB,12,22,2108.75,18,13,0.7222,11.25,0.9188,0.6093,4,0,0.0001,4,0,,0
ACC-13392,SMB,12,26,760.17,22,14,0.6364,12.64,1.1823,0.6253,2,0,0.0001,6,0,84.0,0
ACC-13393,Mid-Market,24,12,3249.55,147,36,0.2449,26.03,1.4306,0.7139,4,0,0.0001,6,0,5.0,0
ACC-13394,SMB,12,11,1872.02,6,5,0.8333,14.22,0.9727,0.8371,6,0,0.0,7,0,,0
ACC-13395,SMB,12,9,1041.1,11,8,0.7273,23.34,0.973,0.5877,2,1,4.4995,3,0,,0
ACC-13396,SMB,12,12,1863.72,9,8,0.8889,8.5,0.9697,0.6666,2,2,8.9988,5,0,,1
ACC-13397,SMB,12,37,2152.71,7,7,1.0,10.82,0.9235,0.7623,2,2,8.9988,3,0,11.0,1
ACC-13398,Mid-Market,12,15,3546.87,46,26,0.5652,7.0,0.9752,0.6578,4,0,0.0001,6,0,49.0,0
ACC-13399,Mid-Market,12,38,2834.72,93,76,0.8172,7.01,0.6898,0.8362,5,0,0.0001,2,12,26.0,0
ACC-13400,Enterprise,36,11,43244.24,993,663,0.6677,28.18,0.7541,0.6349,1,0,0.0003,3,0,57.0,0
ACC-13401,Enterprise,24,30,26392.07,123,89,0.7236,5.73,0.7637,0.881,1,1,8.9976,6,0,,0
ACC-13402,SMB,12,34,1512.89,19,13,0.6842,14.91,1.1859,0.8797,2,0,0.0001,2,4,,0
ACC-13403,Mid-Market,12,18,4025.07,31,28,0.9032,3.65,0.7695,0.805,1,0,0.0003,0,0,,0
ACC-13404,SMB,12,15,1859.42,13,11,0.8462,8.32,2.2474,0.5914,3,0,0.0001,6,0,,0
ACC-13405,SMB,12,10,775.18,16,11,0.6875,5.77,0.8634,0.4798,2,1,4.4995,5,0,,1
ACC-13406,SMB,24,28,642.38,23,16,0.6957,5.29,0.8076,0.7994,2,0,0.0001,2,0,,0
ACC-13407,SMB,24,15,1767.54,30,26,0.8667,13.39,0.6544,0.4575,4,0,0.0001,3,0,54.0,0
ACC-13408,Mid-Market,12,13,8450.02,126,102,0.8095,9.21,1.0395,0.6902,4,0,0.0001,6,0,41.0,0
ACC-13409,Enterprise,24,21,37193.93,279,167,0.5986,20.35,1.1676,0.8949,1,0,0.0003,3,0,-8.0,0
ACC-13410,Mid-Market,12,24,8592.1,52,36,0.6923,17.12,1.8755,0.5659,2,0,0.0001,1,0,,0
ACC-13411,Enterprise,12,10,32735.67,841,469,0.5577,10.0,1.3193,0.5507,5,0,0.0001,4,0,25.0,0
ACC-13412,Enterprise,12,21,18166.91,433,304,0.7021,17.07,1.0805,0.725,4,0,0.0001,8,0,,0
ACC-13413,Mid-Market,12,34,2028.84,69,60,0.8696,29.24,0.9422,0.6424,3,0,0.0001,3,0,36.0,0
ACC-13414,SMB,36,9,2340.88,25,14,0.56,5.21,1.3406,0.6314,3,2,5.9995,3,4,54.0,1
ACC-13415,Mid-Market,12,29,8351.94,126,91,0.7222,14.03,0.9812,0.7634,2,0,0.0001,2,0,21.0,0
ACC-13416,Mid-Market,12,29,8801.53,33,20,0.6061,12.62,0.9956,0.4532,4,1,2.2499,9,0,,0
ACC-13417,SMB,36,30,1685.14,34,22,0.6471,7.56,1.0089,0.7794,4,0,0.0001,4,0,47.0,0
ACC-13418,Mid-Market,24,24,4507.11,63,43,0.6825,8.67,0.9187,0.5202,3,0,0.0001,0,0,,0
ACC-13419,Enterprise,24,24,34335.69,832,639,0.768,6.1,0.788,0.573,0,0,1.0,5,0,100.0,0
ACC-13420,SMB,36,28,2186.9,9,6,0.6667,9.58,0.8616,0.3456,3,0,0.0001,5,0,,0
ACC-13421,Mid-Market,12,21,7386.34,82,72,0.878,14.55,0.7871,0.7128,4,0,0.0001,5,0,14.0,0
ACC-13422,SMB,24,13,2195.32,10,8,0.8,16.59,0.9903,0.7722,6,0,0.0,4,0,58.0,0
ACC-13423,Enterprise,24,13,40853.37,433,331,0.7644,15.96,1.2313,0.6319,2,0,0.0001,4,0,-4.0,0
ACC-13424,SMB,24,16,2192.94,22,14,0.6364,10.21,0.8814,0.4337,4,0,0.0001,3,0,7.0,0
ACC-13425,Mid-Market,24,25,8299.45,86,79,0.9186,17.88,0.8048,0.6251,4,0,0.0001,7,0,62.0,0
ACC-13426,Mid-Market,12,16,9775.25,39,27,0.6923,19.48,0.8343,0.7543,1,0,0.0003,5,0,,0
ACC-13427,Mid-Market,24,15,6076.33,85,63,0.7412,8.0,1.0392,0.8946,5,1,1.8,3,0,21.0,0
ACC-13428,SMB,12,30,1497.79,16,12,0.75,10.67,1.2886,0.7148,4,2,4.4997,1,0,100.0,1
ACC-13429,Mid-Market,12,19,9939.16,36,14,0.3889,26.17,1.0327,0.7338,3,1,2.9998,3,0,43.0,0
ACC-13430,Mid-Market,12,7,8122.21,118,98,0.8305,10.52,0.7253,0.5932,2,0,0.0001,5,0,,0
ACC-13431,SMB,36,9,1744.91,27,22,0.8148,13.05,0.9075,0.8938,1,2,17.9949,1,0,,1
ACC-13432,SMB,12,8,1353.38,23,19,0.8261,15.89,1.0828,0.9434,8,0,0.0,6,0,69.0,0
ACC-13433,Mid-Market,12,16,4631.6,134,73,0.5448,10.08,1.3705,0.8004,4,0,0.0001,8,0,57.0,0
ACC-13434,SMB,12,9,1419.9,7,4,0.5714,8.59,0.8513,0.6326,5,0,0.0001,1,0,47.0,0
ACC-13435,Mid-Market,36,15,9874.47,36,29,0.8056,10.28,1.0682,0.6449,1,0,0.0003,6,0,17.0,0
ACC-13436,Mid-Market,12,12,9046.41,149,133,0.8926,6.02,0.9908,0.7284,2,0,0.0001,8,0,,0
ACC-13437,Mid-Market,24,6,5934.15,140,119,0.85,22.03,1.4874,0.4509,2,0,0.0001,4,0,,0
ACC-13438,SMB,24,9,889.09,10,5,0.5,7.47,0.9115,0.7318,4,1,2.2499,2,0,82.0,0
ACC-13439,SMB,12,38,801.43,11,9,0.8182,14.15,0.932,0.4971,3,0,0.0001,5,0,27.0,0
ACC-13440,Mid-Market,12,14,6071.94,85,70,0.8235,10.26,1.0499,0.3965,3,0,0.0001,3,0,,0
ACC-13441,Mid-Market,24,13,2180.54,122,82,0.6721,13.77,0.9849,0.5524,5,0,0.0001,4,16,,0
ACC-13442,Mid-Market,36,13,4563.52,118,106,0.8983,10.37,0.8147,0.6462,2,0,0.0001,3,0,,0
ACC-13443,SMB,24,19,898.53,6,5,0.8333,4.83,0.8439,0.8689,4,0,0.0001,5,0,26.0,0
ACC-13444,SMB,12,17,1189.93,6,5,0.8333,33.28,0.9779,0.8518,6,0,0.0,6,0,-12.0,0
ACC-13445,Mid-Market,24,43,6815.67,49,32,0.6531,8.29,0.6746,0.4164,2,1,4.4995,6,0,12.0,0
ACC-13446,SMB,12,31,1236.51,6,3,0.5,15.49,1.0747,0.9734,2,0,0.0001,5,0,25.0,0
ACC-13447,SMB,24,42,455.3,23,22,0.9565,8.35,1.4674,0.8512,2,0,0.0001,3,0,-4.0,0
ACC-13448,Mid-Market,24,25,5306.92,143,125,0.8741,15.64,0.8774,0.8452,1,0,0.0003,2,0,83.0,0
ACC-13449,Enterprise,12,23,25917.76,266,222,0.8346,6.69,1.2711,0.8136,1,0,0.0003,2,0,19.0,0
ACC-13450,Mid-Market,24,9,9732.12,65,40,0.6154,6.54,0.681,0.5789,2,0,0.0001,6,0,71.0,0
ACC-13451,SMB,24,4,697.19,11,6,0.5455,9.86,0.7461,0.7674,8,0,0.0,4,0,100.0,0
ACC-13452,SMB,24,7,955.58,30,23,0.7667,9.27,1.3818,0.9647,7,1,1.2857,1,0,,0
ACC-13453,Mid-Market,12,7,3384.26,67,35,0.5224,4.93,0.9895,0.4771,6,0,0.0,3,0,48.0,0
ACC-13454,SMB,12,15,2152.89,14,6,0.4286,14.15,1.2375,0.739,6,0,0.0,3,0,72.0,0
ACC-13455,Enterprise,24,28,9566.72,253,145,0.5731,8.85,1.2167,0.8485,5,0,0.0001,6,0,,0
ACC-13456,Mid-Market,12,11,9601.59,137,118,0.8613,4.84,1.0256,0.8102,4,0,0.0001,4,4,16.0,0
ACC-13457,SMB,12,10,1492.55,5,3,0.6,25.72,0.9855,0.5914,3,1,2.9998,7,8,61.0,0
ACC-13458,SMB,36,26,915.1,30,21,0.7,9.93,1.1182,0.6923,4,0,0.0001,4,4,,0
ACC-13459,Mid-Market,12,10,8013.22,131,105,0.8015,11.7,1.1284,0.8609,3,1,2.9998,4,0,18.0,0
ACC-13460,Mid-Market,36,37,5655.79,30,24,0.8,12.31,0.81,0.6823,3,1,2.9998,2,0,64.0,0
ACC-13461,Enterprise,12,9,36221.29,114,91,0.7982,21.81,2.2055,0.774,4,0,0.0001,5,0,,0
ACC-13462,Mid-Market,12,28,3914.67,61,57,0.9344,9.82,1.0633,0.4645,4,0,0.0001,1,0,10.0,0
ACC-13463,Mid-Market,24,20,6156.74,141,109,0.773,12.99,0.8945,0.6272,5,0,0.0001,1,0,58.0,0
ACC-13464,Enterprise,24,3,33305.65,188,153,0.8138,8.92,1.0794,0.6772,4,0,0.0001,2,0,,0
ACC-13465,SMB,24,10,1065.28,14,10,0.7143,5.98,0.6867,0.7923,2,0,0.0001,6,16,,0
ACC-13466,Mid-Market,12,28,6914.44,63,39,0.619,13.32,0.8117,0.5366,3,1,2.9998,7,0,75.0,0
ACC-13467,SMB,24,6,687.45,18,14,0.7778,5.02,0.8954,0.7407,4,1,2.2499,3,0,28.0,0
ACC-13468,SMB,12,13,1106.11,8,6,0.75,23.52,0.7773,0.6946,1,0,0.0003,6,0,,0
ACC-13469,Enterprise,12,7,25289.9,952,702,0.7374,14.36,0.7364,0.8095,6,0,0.0,5,0,78.0,0
ACC-13470,Enterprise,12,15,20425.82,410,250,0.6098,13.48,1.0337,0.5041,3,0,0.0001,4,0,,0
ACC-13471,SMB,24,21,1483.37,32,26,0.8125,8.41,0.7532,0.6005,2,0,0.0001,4,0,,0
ACC-13472,Mid-Market,12,18,7606.37,108,79,0.7315,13.5,1.1755,0.732,4,0,0.0001,7,0,,0
ACC-13473,SMB,12,19,1953.61,23,12,0.5217,10.78,2.4207,0.5896,1,0,0.0003,4,0,,0
ACC-13474,SMB,12,18,1566.9,16,13,0.8125,8.28,0.882,0.4529,5,0,0.0001,9,0,,0
ACC-13475,SMB,12,14,2056.12,10,8,0.8,10.86,0.8982,0.6816,2,0,0.0001,4,0,18.0,0
ACC-13476,SMB,12,26,1714.85,10,9,0.9,12.67,0.6358,0.7464,2,0,0.0001,1,0,36.0,0
ACC-13477,Mid-Market,24,6,4915.3,119,98,0.8235,11.96,1.1043,0.511,8,0,0.0,6,0,22.0,0
ACC-13478,Mid-Market,12,36,5841.0,121,114,0.9421,24.41,0.9864,0.8823,4,0,0.0001,5,4,,0
ACC-13479,Mid-Market,24,18,8423.48,106,81,0.7642,14.12,0.6882,0.4353,2,1,4.4995,3,0,4.0,0
ACC-13480,Enterprise,24,7,20627.65,469,429,0.9147,8.08,0.6489,0.8136,5,1,1.8,2,4,23.0,0
ACC-13481,Mid-Market,12,33,7198.96,33,20,0.6061,8.0,1.1507,0.8393,4,0,0.0001,5,0,28.0,0
ACC-13482,Mid-Market,24,15,2343.6,111,62,0.5586,8.08,1.0869,0.902,2,1,4.4995,4,0,-29.0,0
ACC-13483,SMB,12,12,1424.83,21,9,0.4286,15.85,1.2302,0.7688,4,0,0.0001,4,0,,0
ACC-13484,Mid-Market,24,7,9526.18,122,115,0.9426,8.54,1.1293,0.4424,2,0,0.0001,3,0,17.0,0
ACC-13485,Mid-Market,36,11,9920.37,75,69,0.92,21.23,1.2596,0.672,7,0,0.0,6,0,,0
ACC-13486,Mid-Market,12,27,3067.13,44,30,0.6818,14.93,1.0642,0.8882,4,2,4.4997,7,0,22.0,1
ACC-13487,Enterprise,24,9,15790.19,365,174,0.4767,22.81,0.9729,0.4183,2,1,4.4995,7,0,-24.0,0
ACC-13488,Enterprise,12,27,29030.48,925,435,0.4703,11.7,1.7654,0.6381,7,1,1.2857,5,0,,0
ACC-13489,Mid-Market,12,13,3657.6,40,25,0.625,5.83,1.0472,0.5408,6,0,0.0,3,0,47.0,0
ACC-13490,Enterprise,24,9,13262.09,581,317,0.5456,17.39,1.3163,0.4675,1,0,0.0003,5,0,28.0,0
ACC-13491,Mid-Market,12,12,3569.37,33,30,0.9091,7.89,0.9413,0.7819,1,0,0.0003,7,0,,0
ACC-13492,SMB,12,22,1841.08,5,5,1.0,16.82,0.6978,0.7438,4,0,0.0001,4,0,,0
ACC-13493,SMB,12,19,1853.51,10,9,0.9,30.51,1.0617,0.5823,5,0,0.0001,7,0,40.0,0
ACC-13494,SMB,24,38,2127.9,29,18,0.6207,22.7,0.7754,0.4243,2,1,4.4995,6,0,,0
ACC-13495,Mid-Market,12,14,2436.25,73,44,0.6027,11.73,1.0287,0.7385,6,0,0.0,6,0,29.0,0
ACC-13496,SMB,36,27,2355.79,24,19,0.7917,6.98,1.0593,0.6685,1,0,0.0003,4,8,84.0,0
ACC-13497,SMB,12,15,2058.14,22,10,0.4545,7.75,1.3084,0.556,4,0,0.0001,3,0,,0
ACC-13498,Enterprise,12,10,44251.08,721,571,0.792,22.37,0.6951,0.7272,7,0,0.0,3,0,52.0,0
ACC-13499,SMB,24,8,1906.39,5,5,1.0,7.46,0.8757,0.8974,2,0,0.0001,5,0,,0
ACC-13500,Mid-Market,12,14,5870.18,101,61,0.604,15.54,1.0032,0.6228,6,0,0.0,5,0,,0
ACC-13501,SMB,24,16,471.76,23,20,0.8696,16.44,0.8284,0.5301,5,1,1.8,5,0,25.0,0
ACC-13502,SMB,12,33,490.23,18,10,0.5556,12.58,1.0073,0.7868,7,0,0.0,0,0,21.0,0
ACC-13503,Enterprise,12,38,41575.99,653,284,0.4349,10.99,1.4394,0.7506,2,1,4.4995,4,0,45.0,0
ACC-13504,SMB,12,38,1380.6,32,18,0.5625,18.3,1.1154,0.4988,5,0,0.0001,5,0,57.0,0
ACC-13505,Mid-Market,36,11,8315.68,95,84,0.8842,18.99,0.7579,0.6389,3,0,0.0001,6,0,25.0,0
ACC-13506,SMB,24,9,2241.49,8,5,0.625,10.74,0.9055,0.6047,5,0,0.0001,7,4,22.0,0
ACC-13507,Mid-Market,24,11,8808.68,124,64,0.5161,15.51,0.8559,0.4153,3,0,0.0001,3,0,39.0,0
ACC-13508,SMB,12,15,400.65,5,3,0.6,9.29,0.5737,0.7121,1,0,0.0003,6,0,,0
ACC-13509,Enterprise,24,5,38473.55,960,780,0.8125,18.14,0.9715,0.7805,2,0,0.0001,2,0,,0
ACC-13510,Mid-Market,12,9,7690.88,38,29,0.7632,5.89,0.6517,0.4306,8,2,2.25,2,0,-10.0,1
ACC-13511,Enterprise,36,32,37395.13,482,249,0.5166,15.12,0.7472,0.9557,3,0,0.0001,7,8,,0
ACC-13512,SMB,24,19,1057.64,17,11,0.6471,26.37,0.8143,0.5662,2,0,0.0001,5,0,,0
ACC-13513,SMB,24,12,1335.37,34,23,0.6765,20.31,0.8099,0.5046,1,2,17.9949,9,0,,1
ACC-13514,SMB,12,6,2395.77,10,10,1.0,41.3,1.8552,0.8591,2,0,0.0001,0,0,,0
ACC-13515,SMB,12,19,2452.54,6,5,0.8333,8.18,1.9815,0.706,3,1,2.9998,1,0,9.0,0
ACC-13516,Enterprise,12,17,12976.0,708,599,0.846,9.54,1.3982,0.8058,3,0,0.0001,5,0,42.0,0
ACC-13517,Mid-Market,36,9,4118.93,58,45,0.7759,8.86,0.9121,0.8989,3,0,0.0001,4,0,-43.0,0
ACC-13518,Enterprise,12,24,35164.67,337,258,0.7656,8.57,0.7422,0.6349,3,0,0.0001,6,0,53.0,0
ACC-13519,Mid-Market,12,12,2154.35,42,30,0.7143,19.46,0.8697,0.7801,6,0,0.0,2,0,31.0,0
ACC-13520,Mid-Market,12,18,9188.58,102,85,0.8333,13.27,1.3803,0.6713,3,0,0.0001,5,0,22.0,0
ACC-13521,Mid-Market,12,38,5178.59,132,72,0.5455,25.46,1.5438,0.6325,5,0,0.0001,3,0,-3.0,0
ACC-13522,Mid-Market,12,24,4521.22,71,49,0.6901,20.97,1.419,0.7442,3,0,0.0001,4,0,21.0,0
ACC-13523,Enterprise,24,7,10483.42,160,106,0.6625,11.96,0.6564,0.6338,5,0,0.0001,7,0,35.0,0
ACC-13524,Enterprise,24,24,11024.56,866,545,0.6293,16.51,1.5142,0.6116,3,1,2.9998,2,0,,0
ACC-13525,Enterprise,24,11,23533.84,376,323,0.859,12.85,0.6854,0.601,4,0,0.0001,8,0,,0
ACC-13526,SMB,24,22,2374.04,15,13,0.8667,11.52,0.8178,0.7071,4,0,0.0001,5,0,96.0,0
ACC-13527,SMB,12,27,987.36,33,32,0.9697,5.65,0.7878,0.7518,4,1,2.2499,5,0,1.0,0
ACC-13528,SMB,12,18,946.41,28,11,0.3929,9.98,0.9317,0.5426,1,0,0.0003,6,0,,0
ACC-13529,Mid-Market,12,7,7562.9,38,16,0.4211,15.98,0.7874,0.6528,1,0,0.0003,4,0,73.0,0
ACC-13530,Mid-Market,36,4,6694.91,31,23,0.7419,24.79,1.0761,0.6606,1,1,8.9976,10,0,91.0,0
ACC-13531,SMB,12,30,2418.06,9,4,0.4444,20.39,1.1552,0.7306,2,0,0.0001,1,0,,0
ACC-13532,Mid-Market,12,35,9286.29,35,32,0.9143,9.39,1.0032,0.8039,3,0,0.0001,3,0,54.0,0
ACC-13533,Mid-Market,12,11,9330.17,141,87,0.617,22.46,0.8586,0.8374,6,0,0.0,3,0,13.0,0
ACC-13534,Mid-Market,12,4,8120.37,130,97,0.7462,18.07,2.4944,0.5351,3,0,0.0001,4,0,39.0,0
ACC-13535,Enterprise,12,7,9764.93,300,131,0.4367,16.03,1.1181,0.8818,3,0,0.0001,3,0,50.0,0
ACC-13536,Mid-Market,12,12,7673.06,69,64,0.9275,24.69,0.9066,0.5414,4,0,0.0001,4,0,85.0,0
ACC-13537,Mid-Market,24,27,2938.76,104,75,0.7212,11.94,0.8874,0.7721,6,0,0.0,8,0,,0
ACC-13538,SMB,24,4,1842.98,14,11,0.7857,16.34,0.9613,0.794,6,0,0.0,3,0,41.0,0
ACC-13539,Enterprise,12,32,16674.43,522,454,0.8697,17.38,1.0906,0.831,5,0,0.0001,4,0,27.0,0
ACC-13540,Mid-Market,12,30,3184.51,59,39,0.661,9.36,1.164,0.7946,6,0,0.0,4,0,36.0,0
ACC-13541,SMB,24,32,1909.35,9,4,0.4444,17.67,0.9541,0.4725,5,0,0.0001,5,0,-10.0,0
ACC-13542,Enterprise,12,9,13650.37,803,546,0.68,8.12,1.2662,0.9106,4,0,0.0001,1,0,,0
ACC-13543,Mid-Market,24,28,6996.14,41,33,0.8049,13.43,1.6798,0.4574,3,0,0.0001,3,0,-13.0,0
ACC-13544,SMB,12,17,2171.13,19,15,0.7895,16.59,0.8685,0.7179,4,0,0.0001,4,0,,0
ACC-13545,Enterprise,24,8,12371.8,387,351,0.907,38.16,1.8822,0.727,2,0,0.0001,3,4,0.0,0
ACC-13546,Enterprise,24,18,16105.87,340,283,0.8324,13.94,0.9639,0.7945,4,1,2.2499,1,0,,0
ACC-13547,Mid-Market,24,16,6455.23,51,38,0.7451,7.62,0.8098,0.5673,3,1,2.9998,1,0,34.0,0
ACC-13548,Mid-Market,24,6,3325.01,42,15,0.3571,10.1,1.1486,0.7127,2,0,0.0001,7,0,14.0,0
ACC-13549,Mid-Market,12,23,7446.63,73,58,0.7945,5.46,1.0345,0.7625,5,1,1.8,6,0,74.0,0
ACC-13550,SMB,12,16,572.04,14,9,0.6429,11.79,0.6784,0.8137,4,1,2.2499,3,0,,0
ACC-13551,Enterprise,12,13,10033.11,728,422,0.5797,11.35,0.7274,0.8468,6,1,1.5,3,0,17.0,0
ACC-13552,Mid-Market,24,13,4638.29,59,33,0.5593,16.59,0.6642,0.7268,5,1,1.8,2,0,,0
ACC-13553,Mid-Market,12,20,6371.02,73,61,0.8356,6.75,1.0371,0.5144,3,0,0.0001,3,0,,0
ACC-13554,Enterprise,24,12,44108.14,597,534,0.8945,6.83,0.6732,0.6562,7,1,1.2857,1,0,71.0,0
ACC-13555,Mid-Market,12,4,3829.61,131,97,0.7405,14.01,0.9611,0.6735,1,0,0.0003,2,0,90.0,0
ACC-13556,Mid-Market,12,8,6696.82,82,73,0.8902,10.93,0.8169,0.8714,3,2,5.9995,5,0,,1
ACC-13557,Mid-Market,24,16,7862.5,96,59,0.6146,17.69,0.8386,0.6848,3,2,5.9995,1,0,40.0,0
ACC-13558,Enterprise,12,12,22935.41,172,126,0.7326,28.77,0.6271,0.8938,5,0,0.0001,2,8,77.0,0
ACC-13559,Mid-Market,12,13,7038.97,50,45,0.9,7.35,0.8068,0.5072,6,1,1.5,3,0,19.0,0
ACC-13560,Mid-Market,12,9,3113.94,126,94,0.746,11.36,1.0704,0.562,2,0,0.0001,3,0,34.0,0
ACC-13561,SMB,12,9,2161.38,24,18,0.75,14.97,0.8285,0.7176,3,1,2.9998,8,0,,0
ACC-13562,Enterprise,24,22,16806.59,984,337,0.3425,10.51,0.6224,0.5526,4,0,0.0001,7,0,,0
ACC-13563,Mid-Market,24,18,5335.87,125,106,0.848,9.42,0.7981,0.8464,4,0,0.0001,3,0,64.0,0
ACC-13564,Mid-Market,12,10,4526.95,140,120,0.8571,18.85,1.0659,0.8565,7,0,0.0,3,0,39.0,0
ACC-13565,SMB,12,13,1052.81,20,17,0.85,5.63,0.9579,0.6471,5,0,0.0001,4,0,,0
ACC-13566,Mid-Market,12,25,5012.34,143,99,0.6923,20.53,1.2418,0.6145,2,0,0.0001,5,0,40.0,0
ACC-13567,SMB,12,8,1016.44,25,21,0.84,14.8,1.039,0.9068,1,0,0.0003,6,0,54.0,0
ACC-13568,SMB,36,27,1400.64,27,17,0.6296,15.92,0.8062,0.8193,2,1,4.4995,8,0,17.0,0
ACC-13569,SMB,24,15,981.61,28,25,0.8929,6.93,0.7524,0.6284,4,0,0.0001,1,0,34.0,0
ACC-13570,Mid-Market,12,13,4221.11,109,101,0.9266,11.74,0.7306,0.8067,1,1,8.9976,3,0,18.0,0
ACC-13571,Mid-Market,12,7,6116.95,137,80,0.5839,12.9,0.9312,0.4851,7,0,0.0,5,0,47.0,0
ACC-13572,SMB,36,57,843.53,32,21,0.6562,11.75,1.5705,0.6699,2,0,0.0001,5,0,,0
ACC-13573,SMB,12,21,540.92,7,6,0.8571,21.95,1.1583,0.6852,3,2,5.9995,7,0,,1
ACC-13574,SMB,12,4,1411.02,33,29,0.8788,6.6,1.2761,0.6568,6,0,0.0,5,0,47.0,0
ACC-13575,Mid-Market,24,18,5587.27,105,75,0.7143,7.47,1.0179,0.4558,5,0,0.0001,1,0,,0
ACC-13576,Enterprise,12,30,12710.36,611,599,0.9804,16.99,0.9999,0.801,4,0,0.0001,4,0,68.0,0
ACC-13577,Mid-Market,12,19,6250.21,84,64,0.7619,16.08,0.6268,0.5692,3,0,0.0001,2,0,,0
ACC-13578,SMB,36,25,1334.85,15,10,0.6667,7.61,0.9317,0.7596,4,1,2.2499,2,0,66.0,0
ACC-13579,Mid-Market,24,11,5609.45,103,81,0.7864,18.3,0.8906,0.4767,4,0,0.0001,8,0,,0
ACC-13580,Mid-Market,12,11,3615.27,102,56,0.549,15.46,0.7298,0.7183,0,0,1.0,0,0,52.0,0
ACC-13581,SMB,12,14,842.43,26,24,0.9231,13.21,0.7466,0.6705,4,0,0.0001,5,0,,0
ACC-13582,Mid-Market,12,17,5884.86,35,17,0.4857,5.22,1.4775,0.7634,5,0,0.0001,4,0,,0
ACC-13583,SMB,24,12,1657.03,17,14,0.8235,17.31,1.108,0.8109,2,0,0.0001,2,0,16.0,0
ACC-13584,Mid-Market,12,14,9716.94,84,62,0.7381,22.82,1.4319,0.682,2,0,0.0001,3,0,-15.0,0
ACC-13585,Mid-Market,12,8,6675.63,81,63,0.7778,8.91,0.7136,0.8513,0,0,1.0,2,0,,0
ACC-13586,Mid-Market,36,5,6461.51,124,64,0.5161,13.66,0.7691,0.8908,5,0,0.0001,4,0,23.0,0
ACC-13587,SMB,12,10,2217.95,16,15,0.9375,14.84,1.6561,0.9344,5,1,1.8,3,0,16.0,0
ACC-13588,Enterprise,12,41,19333.18,941,457,0.4857,6.08,1.1853,0.8262,3,1,2.9998,3,0,54.0,0
ACC-13589,Enterprise,12,31,34515.71,758,644,0.8496,12.76,1.3122,0.8387,0,0,1.0,4,0,-13.0,0
ACC-13590,SMB,12,19,418.4,30,24,0.8,7.79,0.7631,0.8206,2,2,8.9988,3,0,34.0,1
ACC-13591,Enterprise,12,6,14677.38,602,468,0.7774,35.95,1.075,0.4551,6,1,1.5,2,0,-9.0,0
ACC-13592,Mid-Market,36,15,2030.4,128,100,0.7812,7.21,0.9639,0.734,4,0,0.0001,2,0,-9.0,0
ACC-13593,Mid-Market,24,17,3185.18,79,65,0.8228,3.2,1.1411,0.6009,6,1,1.5,4,0,-25.0,0
ACC-13594,Mid-Market,12,11,5225.84,99,91,0.9192,8.17,0.8678,0.8601,3,1,2.9998,2,0,55.0,0
ACC-13595,Mid-Market,12,33,4165.72,38,27,0.7105,16.96,0.8786,0.179,4,0,0.0001,7,0,-37.0,0
ACC-13596,Mid-Market,24,8,6790.48,56,28,0.5,6.59,1.5517,0.6787,1,0,0.0003,1,0,37.0,0
ACC-13597,Mid-Market,12,22,5251.72,129,110,0.8527,8.57,0.7341,0.7035,4,0,0.0001,3,0,,0
ACC-13598,Mid-Market,12,8,9783.3,53,39,0.7358,13.13,1.367,0.5018,6,0,0.0,5,8,-9.0,0
ACC-13599,SMB,36,8,628.97,34,20,0.5882,5.85,0.796,0.7165,4,0,0.0001,2,0,74.0,0
ACC-13600,Enterprise,12,15,17505.6,345,183,0.5304,4.44,1.0522,0.8212,4,0,0.0001,5,4,51.0,0
ACC-13601,Mid-Market,12,3,9274.7,130,98,0.7538,13.28,1.0884,0.7304,3,0,0.0001,2,0,75.0,0
ACC-13602,Enterprise,12,18,39954.42,847,712,0.8406,8.97,0.7972,0.4713,3,1,2.9998,5,0,,0
ACC-13603,Mid-Market,12,12,6625.1,128,86,0.6719,19.54,0.8434,0.835,3,1,2.9998,2,0,78.0,0
ACC-13604,Mid-Market,12,15,4795.33,86,75,0.8721,14.77,0.8093,0.9178,8,0,0.0,3,0,49.0,0
ACC-13605,Enterprise,12,10,23595.67,516,322,0.624,20.23,1.0696,0.6549,4,1,2.2499,5,0,18.0,0
ACC-13606,SMB,12,32,499.45,31,22,0.7097,19.83,1.3931,0.3322,4,0,0.0001,4,0,,0
ACC-13607,Mid-Market,24,26,2425.15,47,20,0.4255,10.54,0.7258,0.653,2,0,0.0001,1,0,29.0,0
ACC-13608,SMB,12,22,1932.74,30,28,0.9333,11.38,0.8408,0.7849,5,1,1.8,1,0,,0
ACC-13609,SMB,12,9,981.29,7,3,0.4286,21.21,0.7547,0.4122,5,1,1.8,6,0,16.0,0
ACC-13610,Mid-Market,24,23,4319.58,50,27,0.54,9.68,0.7326,0.6354,2,0,0.0001,7,0,40.0,0
ACC-13611,Enterprise,24,19,42931.7,356,320,0.8989,22.37,0.9923,0.7931,2,0,0.0001,2,0,48.0,0
ACC-13612,Mid-Market,12,53,7288.63,54,46,0.8519,5.77,0.6337,0.6143,4,2,4.4997,6,0,-22.0,1
ACC-13613,SMB,12,6,436.33,11,8,0.7273,21.47,0.9649,0.5575,3,0,0.0001,4,0,56.0,0
ACC-13614,Mid-Market,12,14,5128.83,122,106,0.8689,7.21,1.0927,0.3277,2,0,0.0001,2,0,53.0,0
ACC-13615,Enterprise,24,10,18494.31,255,213,0.8353,17.17,0.8829,0.7255,0,2,60001.0,4,0,56.0,0
ACC-13616,Mid-Market,12,20,6755.49,132,96,0.7273,10.79,2.2065,0.7874,1,3,26.9922,4,0,29.0,1
ACC-13617,SMB,12,6,919.1,20,11,0.55,10.04,1.1834,0.8245,3,0,0.0001,3,0,26.0,0
ACC-13618,SMB,12,24,1728.45,34,31,0.9118,25.99,1.1966,0.618,4,1,2.2499,6,0,,0
ACC-13619,Enterprise,12,6,21066.78,390,286,0.7333,21.7,0.9536,0.5337,5,1,1.8,3,0,32.0,0
ACC-13620,SMB,12,20,1661.81,25,20,0.8,13.68,0.6974,0.8215,7,1,1.2857,4,0,,0
ACC-13621,Mid-Market,12,13,2451.12,45,24,0.5333,7.94,0.7389,0.6815,1,1,8.9976,3,0,,0
ACC-13622,Mid-Market,24,9,3299.93,103,72,0.699,16.84,0.6971,0.6637,1,0,0.0003,5,0,-10.0,0
ACC-13623,SMB,24,8,1029.41,8,7,0.875,2.29,0.8321,0.695,6,0,0.0,3,0,51.0,0
ACC-13624,Mid-Market,12,10,4859.58,51,43,0.8431,17.62,0.8643,0.5405,3,0,0.0001,3,0,41.0,0
ACC-13625,Mid-Market,12,13,3546.09,45,39,0.8667,18.3,0.9691,0.6946,8,0,0.0,7,0,60.0,0
ACC-13626,Enterprise,12,16,14678.32,591,450,0.7614,10.18,0.8039,0.5507,2,0,0.0001,4,0,37.0,0
ACC-13627,SMB,12,17,2475.33,23,12,0.5217,9.45,0.8876,0.5509,4,0,0.0001,2,0,,0
ACC-13628,SMB,24,14,1129.86,13,11,0.8462,10.71,1.2012,0.6987,2,0,0.0001,2,0,14.0,0
ACC-13629,Mid-Market,36,13,4383.52,114,81,0.7105,15.93,1.0181,0.4936,3,0,0.0001,5,12,51.0,0
ACC-13630,SMB,12,37,1393.89,29,26,0.8966,18.09,1.0775,0.7144,3,0,0.0001,3,0,68.0,0
ACC-13631,Enterprise,12,23,16919.9,403,276,0.6849,20.04,1.2515,0.6617,4,2,4.4997,7,0,,0
ACC-13632,Mid-Market,12,6,7904.0,116,92,0.7931,17.87,0.9128,0.6753,5,0,0.0001,1,0,35.0,0
ACC-13633,Mid-Market,24,11,2420.66,59,45,0.7627,12.54,0.7549,0.6684,3,0,0.0001,4,0,,0
ACC-13634,Enterprise,24,15,32550.65,452,374,0.8274,20.85,0.7382,0.4057,4,1,2.2499,4,0,52.0,0
ACC-13635,Mid-Market,24,9,5624.11,123,67,0.5447,13.05,0.9041,0.5636,3,0,0.0001,3,0,-14.0,0
ACC-13636,SMB,24,13,674.37,17,12,0.7059,16.75,0.9788,0.5232,4,1,2.2499,4,0,70.0,0
ACC-13637,Enterprise,12,6,20515.07,125,51,0.408,17.93,1.123,0.9156,6,0,0.0,5,0,80.0,0
ACC-13638,Mid-Market,24,17,5786.44,69,37,0.5362,15.52,1.1688,0.5397,3,1,2.9998,6,0,,0
ACC-13639,Mid-Market,24,44,9753.84,53,36,0.6792,20.03,0.9003,0.4596,1,1,8.9976,2,12,,0
ACC-13640,Mid-Market,12,17,2866.07,69,53,0.7681,10.91,0.9828,0.651,5,1,1.8,6,0,,0
ACC-13641,SMB,12,17,804.89,21,13,0.619,14.32,1.0002,0.5989,3,2,5.9995,4,0,67.0,1
ACC-13642,Mid-Market,24,14,5201.11,99,52,0.5253,19.01,0.7453,0.6636,5,1,1.8,5,0,44.0,0
ACC-13643,Mid-Market,24,7,6365.72,45,36,0.8,9.55,0.8903,0.5606,4,0,0.0001,5,0,20.0,0
ACC-13644,SMB,24,39,2118.05,31,24,0.7742,12.02,0.6826,0.7287,2,0,0.0001,5,0,63.0,0
ACC-13645,Enterprise,24,18,41793.68,908,474,0.522,10.18,0.7655,0.9426,7,0,0.0,4,0,,0
ACC-13646,Mid-Market,24,22,9894.6,61,38,0.623,5.52,1.2055,0.7826,3,0,0.0001,1,0,54.0,0
ACC-13647,Mid-Market,24,12,4869.32,148,75,0.5068,29.56,1.5882,0.4691,1,0,0.0003,1,0,-23.0,0
ACC-13648,Mid-Market,12,22,3228.25,106,77,0.7264,18.08,0.8232,0.6701,4,1,2.2499,4,0,,0
ACC-13649,SMB,24,39,1128.76,31,27,0.871,17.61,0.8211,0.7039,6,0,0.0,5,0,59.0,0
ACC-13650,SMB,12,32,2433.03,32,23,0.7188,35.01,1.0087,0.8818,5,0,0.0001,11,16,27.0,0
ACC-13651,Mid-Market,12,1,5928.16,44,29,0.6591,31.33,0.8136,0.779,2,0,0.0001,8,48,48.0,0
ACC-13652,SMB,12,31,991.76,34,33,0.9706,32.74,1.966,0.6835,2,0,0.0001,2,8,,0
ACC-13653,Enterprise,24,9,31708.31,543,473,0.8711,28.06,2.2675,0.4673,2,1,4.4995,6,0,,0
ACC-13654,Enterprise,24,9,22504.33,170,139,0.8176,13.16,1.4437,0.788,4,1,2.2499,9,0,,0
ACC-13655,Mid-Market,36,7,4814.06,105,65,0.619,16.08,0.6941,0.6836,2,1,4.4995,5,0,43.0,0
ACC-13656,Mid-Market,12,8,6401.83,136,90,0.6618,15.16,0.8405,0.7741,0,1,30001.0,2,0,,0
ACC-13657,Mid-Market,12,20,5577.34,60,49,0.8167,13.72,0.9336,0.6738,6,2,2.9999,6,0,,1
ACC-13658,Mid-Market,12,17,9786.08,82,62,0.7561,19.44,0.8382,0.8968,4,0,0.0001,6,0,41.0,0
ACC-13659,SMB,12,23,2335.33,26,22,0.8462,19.89,1.5268,0.8805,2,0,0.0001,2,0,,0
ACC-13660,Mid-Market,24,16,8982.98,97,74,0.7629,14.52,0.9676,0.8249,5,0,0.0001,2,0,28.0,0
ACC-13661,Mid-Market,12,9,4832.81,130,105,0.8077,29.03,0.9742,0.8269,2,0,0.0001,1,0,-12.0,0
ACC-13662,Enterprise,24,24,38259.97,521,347,0.666,16.13,0.8204,0.8386,3,0,0.0001,6,0,34.0,0
ACC-13663,Enterprise,24,13,35977.39,250,219,0.876,19.79,0.6947,0.4369,4,0,0.0001,3,12,41.0,0
ACC-13664,Mid-Market,12,24,4571.84,149,106,0.7114,11.84,0.9284,0.7597,5,3,5.3997,4,0,,1
ACC-13665,Mid-Market,24,18,7357.85,36,26,0.7222,15.51,1.0733,0.7595,1,0,0.0003,3,4,,0
ACC-13666,SMB,12,17,1826.91,31,27,0.871,22.5,1.2961,0.8232,2,0,0.0001,5,0,-7.0,0
ACC-13667,Enterprise,12,43,21536.29,565,402,0.7115,32.8,0.9625,0.3657,10,0,0.0,2,0,-7.0,0
ACC-13668,Enterprise,24,4,23600.59,563,469,0.833,10.62,0.6887,0.5853,5,0,0.0001,7,20,47.0,0
ACC-13669,Mid-Market,24,5,6217.02,109,73,0.6697,7.43,0.8773,0.8758,5,0,0.0001,1,0,78.0,0
ACC-13670,Mid-Market,12,10,7164.15,118,91,0.7712,4.75,1.037,0.7616,2,1,4.4995,6,0,,0
ACC-13671,Enterprise,12,24,13835.77,992,875,0.8821,9.8,1.2778,0.6029,2,0,0.0001,5,0,14.0,0
ACC-13672,SMB,12,11,953.15,32,23,0.7188,16.41,0.633,0.6568,7,0,0.0,3,0,-9.0,0
ACC-13673,Enterprise,12,13,40542.94,281,219,0.7794,17.84,1.1015,0.4737,4,0,0.0001,5,4,63.0,0
ACC-13674,Mid-Market,36,5,9443.62,69,55,0.7971,14.08,0.8449,0.8986,5,0,0.0001,4,4,69.0,0
ACC-13675,Mid-Market,24,24,6016.76,64,47,0.7344,19.03,0.6396,0.62,3,1,2.9998,3,0,11.0,0
ACC-13676,Enterprise,12,5,29205.4,302,241,0.798,15.31,0.95,0.9577,3,1,2.9998,6,0,-15.0,0
ACC-13677,Mid-Market,24,13,5401.4,131,90,0.687,8.45,1.1068,0.6746,3,0,0.0001,3,12,,0
ACC-13678,SMB,12,3,606.74,33,20,0.6061,14.53,1.0334,0.7317,4,0,0.0001,3,0,,0
ACC-13679,Mid-Market,12,27,3532.36,79,63,0.7975,13.16,0.6811,0.5451,2,1,4.4995,4,0,,0
ACC-13680,SMB,36,5,1806.72,28,23,0.8214,9.98,1.8717,0.6039,6,1,1.5,1,0,58.0,0
ACC-13681,Enterprise,24,12,22225.23,965,756,0.7834,11.08,0.7324,0.4504,2,0,0.0001,1,0,22.0,0
ACC-13682,SMB,24,11,1302.39,7,4,0.5714,9.32,1.0369,0.4877,4,0,0.0001,1,0,46.0,0
ACC-13683,Mid-Market,12,22,7714.51,97,44,0.4536,8.89,0.6875,0.8487,0,1,30001.0,4,0,,0
ACC-13684,SMB,24,17,859.26,27,14,0.5185,10.55,1.0502,0.5431,1,1,8.9976,2,0,61.0,0
ACC-13685,Mid-Market,12,42,7625.22,86,75,0.8721,7.9,1.1312,0.7504,7,0,0.0,9,0,48.0,0
ACC-13686,SMB,24,6,2454.49,27,20,0.7407,22.59,1.0771,0.5455,2,0,0.0001,5,0,,0
ACC-13687,Mid-Market,36,31,3490.39,103,90,0.8738,8.28,0.9364,0.8801,2,0,0.0001,8,0,,0
ACC-13688,Enterprise,12,34,17082.29,741,270,0.3644,28.84,1.4758,0.7841,1,0,0.0003,3,0,34.0,0
ACC-13689,Enterprise,24,41,8568.45,187,156,0.8342,4.72,0.7765,0.8447,2,1,4.4995,3,0,,0
ACC-13690,SMB,12,16,1140.1,10,6,0.6,5.34,0.893,0.6717,2,0,0.0001,0,0,,0
ACC-13691,Mid-Market,12,7,6513.89,133,108,0.812,10.54,1.4105,0.3012,2,0,0.0001,5,0,-21.0,0
ACC-13692,SMB,24,20,2473.74,13,7,0.5385,23.84,2.5152,0.526,1,1,8.9976,1,0,,0
ACC-13693,Mid-Market,12,5,2914.9,86,72,0.8372,4.46,1.0191,0.8779,2,0,0.0001,8,0,17.0,0
ACC-13694,Mid-Market,24,29,5810.75,109,86,0.789,20.64,1.2146,0.5417,4,1,2.2499,4,4,28.0,0
ACC-13695,Enterprise,12,15,15665.25,915,445,0.4863,15.92,1.4119,0.5375,3,0,0.0001,10,0,8.0,0
ACC-13696,SMB,36,19,938.69,10,7,0.7,9.41,1.2195,0.829,4,0,0.0001,1,0,37.0,0
ACC-13697,SMB,12,41,824.96,8,6,0.75,20.06,0.7703,0.8657,1,0,0.0003,6,0,,0
ACC-13698,SMB,12,17,2300.05,7,6,0.8571,4.72,1.5102,0.8421,1,1,8.9976,7,0,19.0,0
ACC-13699,Mid-Market,12,7,6790.72,56,46,0.8214,13.8,0.8473,0.5522,7,0,0.0,3,0,-48.0,0
ACC-13700,Mid-Market,36,15,6159.23,104,73,0.7019,35.82,0.9916,0.7161,5,0,0.0001,3,0,,0
ACC-13701,SMB,24,11,502.87,7,6,0.8571,10.78,1.0586,0.8856,6,0,0.0,5,0,29.0,0
ACC-13702,Mid-Market,24,18,8885.02,149,109,0.7315,20.71,0.8708,0.4824,5,0,0.0001,6,0,-11.0,0
ACC-13703,SMB,12,12,1091.75,27,19,0.7037,14.04,1.103,0.829,0,1,30001.0,1,0,100.0,0
ACC-13704,SMB,12,10,1550.71,8,5,0.625,30.92,0.9829,0.5843,1,0,0.0003,4,0,,0
ACC-13705,SMB,12,15,1360.31,22,14,0.6364,11.54,0.896,0.8629,1,0,0.0003,4,0,-21.0,0
ACC-13706,SMB,24,7,822.65,8,7,0.875,10.74,0.9542,0.668,4,2,4.4997,2,0,,1
ACC-13707,Mid-Market,12,14,2598.12,109,74,0.6789,11.64,0.9514,0.4149,4,1,2.2499,2,0,37.0,0
ACC-13708,Mid-Market,36,21,8476.72,98,76,0.7755,8.03,0.7643,0.3802,2,0,0.0001,3,0,14.0,0
ACC-13709,SMB,24,35,2404.51,17,14,0.8235,14.0,1.5487,0.54,4,1,2.2499,3,0,,0
ACC-13710,Enterprise,12,11,28455.63,864,623,0.7211,12.54,1.0346,0.8335,3,0,0.0001,3,0,,0
ACC-13711,SMB,12,46,1998.45,12,10,0.8333,14.76,0.8149,0.664,2,0,0.0001,1,0,,0
ACC-13712,SMB,24,19,1760.01,11,7,0.6364,9.24,0.6177,0.5977,3,1,2.9998,5,0,47.0,0
ACC-13713,Mid-Market,12,13,5074.22,115,107,0.9304,6.16,0.9266,0.5954,4,0,0.0001,3,44,11.0,0
ACC-13714,SMB,12,14,454.94,22,14,0.6364,6.54,0.9862,0.7504,6,0,0.0,7,0,,0
ACC-13715,Mid-Market,12,16,7624.15,146,111,0.7603,21.41,1.3505,0.532,3,0,0.0001,7,0,35.0,0
ACC-13716,Mid-Market,24,12,8539.61,80,67,0.8375,10.47,1.2109,0.6479,2,0,0.0001,4,0,,0
ACC-13717,Enterprise,24,10,43438.6,392,304,0.7755,33.54,0.887,0.8742,1,3,26.9922,2,0,,0
ACC-13718,Mid-Market,12,18,2447.77,74,60,0.8108,10.38,0.7629,0.7122,2,0,0.0001,7,0,49.0,0
ACC-13719,Mid-Market,12,4,7359.02,106,53,0.5,7.04,0.8822,0.8389,1,0,0.0003,2,16,-2.0,1
ACC-13720,Mid-Market,12,9,8092.02,107,82,0.7664,18.91,0.6913,0.9776,2,0,0.0001,1,0,59.0,0
ACC-13721,SMB,24,24,443.09,17,14,0.8235,15.71,1.7083,0.7195,6,1,1.5,4,0,52.0,0
ACC-13722,SMB,12,4,695.2,12,7,0.5833,15.22,0.6626,0.6913,1,0,0.0003,3,0,,0
ACC-13723,Enterprise,12,20,30036.1,712,385,0.5407,14.67,0.7218,0.4904,3,0,0.0001,6,0,,0
ACC-13724,Mid-Market,36,17,6318.01,100,76,0.76,10.44,1.8689,0.7805,6,0,0.0,2,0,38.0,0
ACC-13725,SMB,36,11,903.19,29,24,0.8276,23.63,0.8795,0.6917,2,0,0.0001,3,0,-14.0,0
ACC-13726,Enterprise,36,12,22034.15,774,605,0.7817,16.16,1.0338,0.3115,4,0,0.0001,4,0,54.0,0
ACC-13727,Enterprise,24,15,37715.97,525,253,0.4819,10.77,1.3806,0.6224,5,0,0.0001,5,0,28.0,0
ACC-13728,Enterprise,12,20,30159.48,301,185,0.6146,8.85,0.9553,0.8746,9,2,2.0,5,0,49.0,0
ACC-13729,Mid-Market,12,19,8125.87,57,43,0.7544,7.57,0.8424,0.817,8,0,0.0,1,0,-8.0,0
ACC-13730,Enterprise,12,30,42689.27,254,161,0.6339,5.42,0.7083,0.81,5,0,0.0001,10,0,23.0,0
ACC-13731,SMB,12,19,1130.81,7,4,0.5714,18.49,1.3453,0.6941,4,0,0.0001,8,0,54.0,0
ACC-13732,Mid-Market,36,33,3377.35,87,53,0.6092,21.67,1.2303,0.5425,5,1,1.8,2,0,28.0,0
ACC-13733,Mid-Market,24,4,2644.2,110,68,0.6182,9.53,0.6158,0.8949,2,1,4.4995,6,0,,0
ACC-13734,Mid-Market,24,29,8230.43,90,46,0.5111,6.31,0.686,0.6912,3,0,0.0001,1,8,,0
ACC-13735,Mid-Market,12,13,5198.82,32,18,0.5625,9.95,0.7743,0.8216,4,0,0.0001,6,0,36.0,0
ACC-13736,SMB,36,17,1290.6,34,27,0.7941,5.9,1.1308,0.7535,6,0,0.0,7,0,47.0,0
ACC-13737,SMB,24,22,1976.3,27,18,0.6667,4.46,0.7475,0.5845,1,0,0.0003,7,0,54.0,0
ACC-13738,SMB,12,8,1867.98,34,28,0.8235,18.98,0.8582,0.6943,1,1,8.9976,8,0,54.0,0
ACC-13739,Mid-Market,24,14,5989.69,63,49,0.7778,16.95,1.6727,0.9515,3,0,0.0001,4,0,46.0,0
ACC-13740,SMB,12,31,2113.41,16,11,0.6875,12.13,1.1879,0.8217,3,1,2.9998,6,0,59.0,0
ACC-13741,SMB,12,35,1515.02,15,12,0.8,22.6,0.9135,0.6633,1,0,0.0003,3,0,41.0,0
ACC-13742,SMB,24,11,2304.44,13,10,0.7692,7.36,1.169,0.6581,3,0,0.0001,5,0,56.0,0
ACC-13743,Enterprise,24,22,16008.75,134,123,0.9179,8.5,0.8472,0.824,6,0,0.0,4,0,,0
ACC-13744,Enterprise,12,12,13082.52,482,440,0.9129,2.86,1.1452,0.6641,6,1,1.5,3,0,100.0,0
ACC-13745,Mid-Market,12,6,8815.34,99,48,0.4848,17.37,0.8428,0.4851,5,0,0.0001,6,0,-7.0,0
ACC-13746,SMB,36,34,1286.31,13,12,0.9231,8.98,1.2856,0.3841,3,0,0.0001,3,0,28.0,0
ACC-13747,Mid-Market,24,8,2610.52,141,105,0.7447,12.72,1.3475,0.5985,3,0,0.0001,4,0,,0
ACC-13748,Mid-Market,24,55,8185.95,119,71,0.5966,10.34,0.9801,0.5713,4,0,0.0001,4,0,54.0,0
ACC-13749,SMB,12,6,2401.99,25,14,0.56,3.33,0.9224,0.8346,3,1,2.9998,6,0,,0
ACC-13750,SMB,12,29,1125.67,8,5,0.625,10.22,1.2718,0.6137,3,0,0.0001,4,0,41.0,0
ACC-13751,SMB,12,28,1091.53,7,6,0.8571,9.55,0.6642,0.6376,3,1,2.9998,6,0,40.0,0
ACC-13752,Mid-Market,12,12,6387.95,61,60,0.9836,30.62,1.1312,0.7918,2,1,4.4995,4,0,29.0,0
ACC-13753,SMB,12,19,2293.5,21,19,0.9048,8.1,0.8446,0.5981,3,0,0.0001,5,4,44.0,0
ACC-13754,Mid-Market,12,12,6401.65,43,31,0.7209,16.44,0.961,0.7039,8,1,1.125,6,0,53.0,0
ACC-13755,Enterprise,24,9,35041.26,991,887,0.8951,17.71,0.8766,0.7558,4,1,2.2499,5,0,20.0,0
ACC-13756,Enterprise,12,21,9339.0,473,328,0.6934,8.98,1.8047,0.8523,5,0,0.0001,4,8,-6.0,0
ACC-13757,Mid-Market,24,26,5888.25,30,16,0.5333,7.96,0.7678,0.809,5,0,0.0001,6,0,32.0,0
ACC-13758,Mid-Market,12,10,6737.48,41,36,0.878,11.34,0.7338,0.8201,1,0,0.0003,3,0,39.0,0
ACC-13759,SMB,12,34,1449.29,9,5,0.5556,12.65,0.9043,0.7942,6,0,0.0,3,4,36.0,0
ACC-13760,Enterprise,12,18,17477.57,966,788,0.8157,10.12,0.7934,0.4262,5,0,0.0001,4,0,66.0,0
ACC-13761,SMB,12,16,1536.77,12,8,0.6667,19.64,0.8434,0.7904,3,0,0.0001,7,0,,0
ACC-13762,Mid-Market,12,16,6919.1,83,76,0.9157,2.64,0.9014,0.6175,3,0,0.0001,6,0,39.0,0
ACC-13763,Mid-Market,36,34,3237.89,137,111,0.8102,25.28,1.381,0.8707,5,0,0.0001,1,0,37.0,0
ACC-13764,Mid-Market,24,13,3451.58,124,108,0.871,5.78,1.2363,0.3447,6,0,0.0,0,0,-16.0,0
ACC-13765,Mid-Market,12,14,8346.92,132,105,0.7955,13.73,1.0173,0.7003,3,0,0.0001,5,0,,0
ACC-13766,Mid-Market,12,33,8288.97,46,34,0.7391,17.26,1.053,0.8265,5,0,0.0001,6,0,14.0,0
ACC-13767,Mid-Market,24,35,5226.83,142,118,0.831,9.16,0.8797,0.7315,2,0,0.0001,8,0,45.0,0
ACC-13768,Enterprise,24,28,26430.06,563,368,0.6536,26.63,0.8658,0.7817,3,1,2.9998,3,0,32.0,0
ACC-13769,Enterprise,12,7,23491.55,917,603,0.6576,10.41,0.849,0.5152,2,1,4.4995,6,0,-1.0,0
ACC-13770,Mid-Market,24,45,4937.37,97,82,0.8454,25.65,0.8416,0.3556,2,1,4.4995,3,0,40.0,0
ACC-13771,SMB,24,17,1324.73,25,15,0.6,14.73,0.7043,0.6127,5,0,0.0001,1,0,36.0,0
ACC-13772,Mid-Market,24,15,5051.81,118,94,0.7966,10.13,0.8059,0.3562,4,0,0.0001,3,0,69.0,0
ACC-13773,SMB,24,28,831.92,20,17,0.85,15.96,0.6988,0.4075,4,0,0.0001,2,0,40.0,0
ACC-13774,SMB,24,20,2390.52,28,18,0.6429,12.29,1.0848,0.8349,5,0,0.0001,7,0,,0
ACC-13775,SMB,36,12,490.71,34,22,0.6471,6.01,1.2227,0.5248,3,0,0.0001,3,0,44.0,0
ACC-13776,SMB,12,37,1771.35,28,16,0.5714,13.2,1.1805,0.9487,3,0,0.0001,3,0,17.0,0
ACC-13777,Mid-Market,24,15,6439.59,102,71,0.6961,10.96,1.666,0.7726,2,1,4.4995,1,0,43.0,0
ACC-13778,SMB,24,17,845.21,32,29,0.9062,26.15,1.2803,0.6244,5,2,3.5998,4,0,,1
ACC-13779,SMB,24,37,681.72,32,24,0.75,15.79,0.8889,0.3665,3,0,0.0001,5,0,,0
ACC-13780,Mid-Market,36,27,2753.85,84,77,0.9167,3.54,1.1003,0.7969,3,1,2.9998,1,0,45.0,0
ACC-13781,Mid-Market,12,23,4048.23,50,40,0.8,6.73,0.9482,0.7893,6,0,0.0,6,0,-8.0,0
ACC-13782,Enterprise,12,12,36748.17,413,349,0.845,8.14,0.8745,0.4767,2,1,4.4995,4,0,36.0,0
ACC-13783,SMB,12,20,1995.47,15,11,0.7333,7.64,1.6351,0.606,1,0,0.0003,1,0,10.0,0
ACC-13784,SMB,12,21,1292.2,8,6,0.75,28.25,1.1645,0.8379,0,0,1.0,3,0,-2.0,0
ACC-13785,Enterprise,12,21,19771.97,545,424,0.778,7.83,0.6422,0.8092,3,0,0.0001,6,0,46.0,0
ACC-13786,Mid-Market,24,16,5894.12,84,76,0.9048,10.64,0.8379,0.6491,5,0,0.0001,5,0,,0
ACC-13787,Mid-Market,12,10,4583.94,101,63,0.6238,18.72,0.6252,0.942,3,0,0.0001,3,0,20.0,0
ACC-13788,Enterprise,24,29,27731.96,420,391,0.931,10.32,1.1338,0.6115,3,0,0.0001,3,0,2.0,0
ACC-13789,SMB,24,12,2362.97,16,8,0.5,1.6,1.3039,0.6114,2,0,0.0001,4,0,,0
ACC-13790,Mid-Market,12,17,9969.05,48,34,0.7083,21.62,1.2524,0.6028,1,1,8.9976,2,0,66.0,0
ACC-13791,Enterprise,12,3,34050.14,791,737,0.9317,4.32,2.0065,0.4371,2,0,0.0001,6,0,22.0,0
ACC-13792,Mid-Market,24,26,4508.97,32,28,0.875,6.71,0.9978,0.4345,0,1,30001.0,6,0,50.0,0
ACC-13793,SMB,24,9,606.24,11,10,0.9091,21.63,1.3116,0.7695,2,0,0.0001,5,0,,0
ACC-13794,Enterprise,24,21,33352.01,868,600,0.6912,32.66,0.8492,0.6753,2,0,0.0001,5,0,54.0,0
ACC-13795,SMB,24,7,1565.57,7,4,0.5714,17.54,1.0787,0.9467,2,0,0.0001,4,0,58.0,0
ACC-13796,Mid-Market,36,15,3705.29,40,14,0.35,10.63,1.1059,0.7124,3,1,2.9998,8,0,75.0,0
ACC-13797,Enterprise,24,14,25433.82,230,146,0.6348,14.95,1.3061,0.7995,1,0,0.0003,3,12,25.0,0
ACC-13798,Enterprise,36,9,10574.87,415,360,0.8675,6.72,1.121,0.7704,3,0,0.0001,5,0,,0
ACC-13799,Mid-Market,24,19,9650.22,131,86,0.6565,16.59,1.7713,0.516,2,0,0.0001,5,4,100.0,0
ACC-13800,Mid-Market,24,6,7221.43,63,48,0.7619,8.32,0.8854,0.8965,2,0,0.0001,1,0,,0
ACC-13801,SMB,12,25,1390.48,33,27,0.8182,11.34,1.0813,0.8637,1,0,0.0003,5,0,25.0,0
ACC-13802,SMB,36,25,1540.71,18,12,0.6667,9.49,0.9301,0.6236,5,0,0.0001,5,0,8.0,0
ACC-13803,SMB,12,10,1113.48,20,14,0.7,15.17,1.0181,0.8085,4,0,0.0001,4,0,52.0,0
ACC-13804,Mid-Market,24,33,5240.01,104,83,0.7981,6.01,0.7421,0.7346,7,0,0.0,2,0,83.0,0
ACC-13805,SMB,12,15,1520.85,8,6,0.75,14.98,0.9394,0.6978,3,0,0.0001,5,0,51.0,0
ACC-13806,Mid-Market,12,8,3855.56,109,96,0.8807,10.0,1.224,0.7525,2,0,0.0001,5,0,,0
ACC-13807,Mid-Market,12,5,3774.57,82,54,0.6585,6.41,1.4583,0.7597,3,2,5.9995,1,0,40.0,0
ACC-13808,Enterprise,12,2,13966.43,501,345,0.6886,13.13,1.2286,0.6768,2,0,0.0001,5,0,53.0,0
ACC-13809,Enterprise,12,32,23776.09,995,795,0.799,21.54,1.1823,0.6599,5,0,0.0001,4,0,13.0,0
ACC-13810,SMB,24,10,2336.85,24,19,0.7917,10.71,2.0303,0.5434,2,0,0.0001,3,0,31.0,0
ACC-13811,Mid-Market,12,13,8114.07,101,77,0.7624,18.02,0.8761,0.5966,5,0,0.0001,5,0,66.0,0
ACC-13812,Mid-Market,12,12,4562.72,52,45,0.8654,29.85,0.7692,0.5874,1,0,0.0003,6,0,,0
ACC-13813,Mid-Market,12,28,7120.56,109,97,0.8899,18.85,0.8741,0.8175,3,0,0.0001,5,0,53.0,0
ACC-13814,Mid-Market,24,22,2696.56,133,102,0.7669,27.89,1.5872,0.8344,6,0,0.0,9,0,-0.0,0
ACC-13815,Mid-Market,12,18,2127.12,65,49,0.7538,14.1,1.1194,0.5854,2,0,0.0001,8,0,22.0,0
ACC-13816,Mid-Market,12,7,4245.09,133,118,0.8872,12.47,0.6748,0.5209,7,0,0.0,2,0,50.0,0
ACC-13817,SMB,12,38,1142.4,21,16,0.7619,22.15,0.9911,0.6647,3,0,0.0001,11,0,,0
ACC-13818,SMB,24,22,1494.75,11,8,0.7273,17.0,1.1787,0.713,1,0,0.0003,4,0,,0
ACC-13819,Mid-Market,12,23,3467.35,53,36,0.6792,15.42,0.8846,0.6115,1,0,0.0003,8,0,15.0,0
ACC-13820,Mid-Market,12,7,8856.3,47,34,0.7234,11.65,1.1153,0.8663,2,1,4.4995,5,0,40.0,0
ACC-13821,Mid-Market,12,8,4723.94,48,28,0.5833,7.74,1.2908,0.3931,1,0,0.0003,5,0,52.0,0
ACC-13822,SMB,36,17,815.2,17,15,0.8824,8.77,0.688,0.8627,1,0,0.0003,1,0,,0
ACC-13823,Mid-Market,12,17,6250.08,31,26,0.8387,17.95,0.7984,0.636,4,0,0.0001,6,0,37.0,0
ACC-13824,Mid-Market,24,9,4698.25,121,100,0.8264,7.0,1.0005,0.5133,4,1,2.2499,5,0,42.0,0
ACC-13825,Enterprise,12,7,17168.93,385,201,0.5221,26.56,1.1169,0.6882,6,0,0.0,3,0,25.0,0
ACC-13826,Mid-Market,12,12,4143.75,130,112,0.8615,11.81,0.9536,0.862,3,1,2.9998,9,0,26.0,0
ACC-13827,Mid-Market,12,14,9901.56,145,132,0.9103,10.83,0.9396,0.6437,6,0,0.0,7,0,,0
ACC-13828,SMB,12,7,1532.14,18,15,0.8333,7.0,0.7501,0.8416,1,0,0.0003,1,0,-13.0,0
ACC-13829,Mid-Market,12,23,2520.02,39,26,0.6667,6.18,2.3319,0.8873,4,0,0.0001,1,0,73.0,0
ACC-13830,Mid-Market,12,23,6802.31,52,43,0.8269,21.57,0.8685,0.844,2,1,4.4995,6,0,44.0,0
ACC-13831,SMB,12,21,1487.81,13,8,0.6154,16.46,0.9047,0.7418,2,0,0.0001,4,0,42.0,0
ACC-13832,SMB,24,7,1214.29,34,32,0.9412,13.47,0.784,0.8102,3,1,2.9998,3,0,37.0,0
ACC-13833,Mid-Market,36,11,8520.9,30,22,0.7333,16.59,0.8626,0.5301,6,0,0.0,1,4,39.0,0
ACC-13834,Mid-Market,12,25,8031.31,85,59,0.6941,15.77,0.7385,0.3341,3,0,0.0001,5,0,26.0,0
ACC-13835,Mid-Market,24,18,4595.28,53,38,0.717,2.71,0.9652,0.8986,4,2,4.4997,3,0,43.0,0
ACC-13836,SMB,36,34,2235.25,16,8,0.5,21.82,2.629,0.8773,3,0,0.0001,4,0,,0
ACC-13837,Enterprise,24,31,36351.52,826,602,0.7288,7.19,0.9254,0.6894,6,0,0.0,4,0,78.0,0
ACC-13838,SMB,12,16,1175.1,26,24,0.9231,9.3,0.8549,0.6991,4,0,0.0001,4,0,-2.0,0
ACC-13839,SMB,24,11,681.0,9,8,0.8889,6.47,0.8372,0.7939,1,0,0.0003,4,0,,0
ACC-13840,Mid-Market,12,24,2627.71,88,35,0.3977,16.79,0.6954,0.7561,4,1,2.2499,8,0,8.0,0
ACC-13841,Enterprise,12,26,11305.09,877,680,0.7754,7.53,0.8272,0.6489,2,0,0.0001,1,0,65.0,0
ACC-13842,Mid-Market,12,28,9957.79,82,77,0.939,20.1,1.4611,0.5977,4,0,0.0001,4,0,77.0,0
ACC-13843,Mid-Market,12,18,4295.35,104,71,0.6827,12.33,1.1624,0.6115,5,0,0.0001,4,0,48.0,0
ACC-13844,Enterprise,12,10,17222.78,406,203,0.5,14.6,0.8341,0.8413,1,0,0.0003,6,0,,0
ACC-13845,SMB,12,21,402.11,25,22,0.88,10.96,1.2821,0.6733,4,0,0.0001,5,0,-1.0,0
ACC-13846,SMB,24,22,1113.96,10,9,0.9,9.33,0.7758,0.7597,4,2,4.4997,1,0,84.0,0
ACC-13847,Mid-Market,12,24,6906.24,130,99,0.7615,12.05,0.8294,0.424,5,0,0.0001,0,0,84.0,0
ACC-13848,SMB,12,12,1458.46,13,9,0.6923,16.18,1.1591,0.5765,4,1,2.2499,4,0,-12.0,0
ACC-13849,Enterprise,12,4,18199.53,820,406,0.4951,8.85,1.3714,0.5522,1,1,8.9976,3,0,,0
ACC-13850,Mid-Market,12,21,6149.14,101,81,0.802,9.62,0.9354,0.6258,4,0,0.0001,9,0,47.0,0
ACC-13851,Enterprise,24,6,17706.71,860,517,0.6012,17.33,0.8644,0.6755,1,0,0.0003,6,0,-6.0,0
ACC-13852,Mid-Market,36,25,8144.65,44,27,0.6136,13.43,1.0065,0.7307,3,1,2.9998,2,0,-14.0,0
ACC-13853,SMB,12,18,1162.84,34,21,0.6176,9.46,0.7902,0.5825,3,2,5.9995,1,0,,1
ACC-13854,SMB,12,11,2024.76,7,6,0.8571,9.06,0.8707,0.8134,3,1,2.9998,4,0,67.0,0
ACC-13855,Enterprise,24,33,26821.05,333,218,0.6547,15.13,1.0226,0.8352,0,1,30001.0,3,0,25.0,0
ACC-13856,Mid-Market,12,13,9883.7,117,102,0.8718,6.24,1.3478,0.4919,4,1,2.2499,7,12,,0
ACC-13857,Mid-Market,24,18,6832.06,95,78,0.8211,16.95,0.6945,0.6804,4,0,0.0001,3,0,70.0,0
ACC-13858,Mid-Market,12,12,6074.99,103,84,0.8155,8.04,0.6795,0.5472,3,0,0.0001,2,0,60.0,0
ACC-13859,SMB,12,17,1577.3,27,23,0.8519,9.43,1.0381,0.8309,3,0,0.0001,3,0,-8.0,0
ACC-13860,SMB,12,22,2429.32,9,7,0.7778,19.77,0.9964,0.472,3,0,0.0001,1,0,52.0,0
ACC-13861,Mid-Market,12,12,9200.07,40,30,0.75,12.71,0.634,0.31,5,0,0.0001,4,0,48.0,0
ACC-13862,Mid-Market,12,15,8306.57,139,131,0.9424,8.13,1.0639,0.7711,0,1,30001.0,5,0,72.0,0
ACC-13863,Mid-Market,24,25,4855.73,118,90,0.7627,15.84,0.9309,0.8826,4,1,2.2499,2,0,49.0,0
ACC-13864,Enterprise,24,4,14665.54,310,194,0.6258,13.8,1.0756,0.6692,6,0,0.0,0,0,,0
ACC-13865,Mid-Market,24,26,3690.5,106,93,0.8774,28.9,1.0103,0.825,5,1,1.8,4,0,39.0,0
ACC-13866,Mid-Market,24,29,5736.17,95,79,0.8316,15.51,1.2004,0.6599,7,0,0.0,2,0,,0
ACC-13867,SMB,12,8,1610.04,27,18,0.6667,10.55,0.7387,0.709,7,0,0.0,4,0,,0
ACC-13868,SMB,24,5,969.04,7,5,0.7143,12.08,0.9331,0.8137,6,2,2.9999,7,0,41.0,0
ACC-13869,Enterprise,12,7,21921.76,103,48,0.466,23.24,1.0129,0.6417,4,0,0.0001,2,0,100.0,0
ACC-13870,Mid-Market,24,9,6555.79,64,37,0.5781,10.84,1.2834,0.7382,7,1,1.2857,1,0,,0
ACC-13871,Enterprise,12,8,18999.04,689,539,0.7823,7.09,0.7542,0.8278,2,0,0.0001,2,0,20.0,0
ACC-13872,Enterprise,24,23,17173.21,422,311,0.737,14.06,0.9418,0.7352,3,0,0.0001,1,8,36.0,0
ACC-13873,SMB,24,15,943.17,33,26,0.7879,11.56,1.0729,0.8591,4,0,0.0001,8,0,49.0,0
ACC-13874,Enterprise,12,20,27601.95,628,420,0.6688,5.17,0.8207,0.8502,2,1,4.4995,4,0,77.0,0
ACC-13875,Mid-Market,12,27,5874.34,62,42,0.6774,7.36,0.9159,0.5819,5,1,1.8,0,0,,0
ACC-13876,Enterprise,12,24,36357.71,518,471,0.9093,28.65,1.9928,0.8528,4,0,0.0001,5,28,14.0,0
ACC-13877,SMB,12,37,2384.85,17,13,0.7647,11.23,0.7336,0.7583,4,0,0.0001,2,12,,0
ACC-13878,Mid-Market,24,30,7283.07,79,59,0.7468,6.23,0.8975,0.6553,3,0,0.0001,5,0,,0
ACC-13879,Mid-Market,36,2,7603.38,99,87,0.8788,21.3,0.8971,0.6338,2,0,0.0001,2,0,33.0,0
ACC-13880,Mid-Market,12,14,4997.37,63,52,0.8254,8.17,1.2778,0.6524,8,0,0.0,7,0,0.0,0
ACC-13881,SMB,12,21,2155.06,24,17,0.7083,8.53,0.8987,0.5662,2,0,0.0001,1,0,61.0,0
ACC-13882,SMB,24,38,2141.91,15,11,0.7333,9.45,1.1516,0.8831,3,0,0.0001,7,0,-22.0,0
ACC-13883,Mid-Market,12,13,6047.44,122,101,0.8279,10.69,0.9874,0.7187,2,1,4.4995,1,0,55.0,0
ACC-13884,SMB,12,22,1631.87,5,4,0.8,11.23,0.9067,0.6417,3,0,0.0001,6,8,6.0,0
ACC-13885,SMB,36,44,665.62,7,4,0.5714,15.73,0.8827,0.6437,4,2,4.4997,4,12,47.0,1
ACC-13886,SMB,24,24,1082.97,28,20,0.7143,13.79,1.2817,0.7476,5,0,0.0001,7,0,,0
ACC-13887,Mid-Market,12,9,8933.58,75,34,0.4533,12.54,0.8664,0.5813,1,0,0.0003,6,0,,0
ACC-13888,Mid-Market,12,5,5108.98,139,118,0.8489,33.13,1.8944,0.4359,1,1,8.9976,7,0,41.0,0
ACC-13889,Mid-Market,24,10,8696.21,120,93,0.775,20.85,1.1056,0.4857,3,0,0.0001,3,0,,0
ACC-13890,SMB,24,15,2086.85,29,20,0.6897,16.29,1.1224,0.915,1,0,0.0003,6,0,88.0,0
ACC-13891,Mid-Market,24,42,6609.87,75,66,0.88,12.86,3.714,0.534,2,1,4.4995,4,0,35.0,0
ACC-13892,SMB,12,28,2300.8,30,17,0.5667,6.09,0.9457,0.6077,4,0,0.0001,4,0,70.0,0
ACC-13893,Mid-Market,36,13,2026.3,33,28,0.8485,5.34,1.1449,0.7852,3,0,0.0001,6,0,8.0,0
ACC-13894,SMB,24,9,573.83,8,7,0.875,12.91,0.7777,0.8239,3,0,0.0001,4,0,50.0,0
ACC-13895,SMB,24,9,2450.15,20,17,0.85,11.28,1.1426,0.9113,3,1,2.9998,4,0,-32.0,0
ACC-13896,Enterprise,24,48,26452.87,301,273,0.907,8.86,0.8251,0.6445,0,0,1.0,2,0,31.0,0
ACC-13897,SMB,12,8,1183.65,13,11,0.8462,6.51,0.9795,0.7508,2,1,4.4995,4,8,28.0,0
ACC-13898,Mid-Market,36,26,7051.99,120,90,0.75,12.08,0.9095,0.585,4,1,2.2499,3,0,11.0,0
ACC-13899,SMB,12,25,1938.0,27,16,0.5926,11.72,0.7515,0.7564,2,0,0.0001,6,0,100.0,0
ACC-13900,Mid-Market,12,14,9034.14,122,83,0.6803,19.04,1.4576,0.6242,4,0,0.0001,3,0,17.0,0
ACC-13901,Mid-Market,24,8,2995.98,109,55,0.5046,10.95,1.0531,0.312,3,0,0.0001,2,8,,0
ACC-13902,SMB,24,21,2098.29,25,19,0.76,5.69,0.8594,0.7313,3,0,0.0001,2,0,28.0,0
ACC-13903,Mid-Market,24,40,2103.55,55,43,0.7818,28.25,0.5847,0.4683,3,0,0.0001,5,0,,0
ACC-13904,SMB,12,7,838.62,7,5,0.7143,11.67,0.9682,0.5065,6,0,0.0,2,0,2.0,0
ACC-13905,Mid-Market,12,17,4420.08,95,56,0.5895,8.39,0.6842,0.7205,3,0,0.0001,6,0,17.0,0
ACC-13906,Mid-Market,36,24,6502.69,97,80,0.8247,22.05,0.8364,0.4302,5,0,0.0001,5,0,24.0,0
ACC-13907,Mid-Market,12,38,9683.93,36,32,0.8889,14.46,0.7702,0.5966,3,0,0.0001,3,0,63.0,0
ACC-13908,Mid-Market,24,4,6509.47,111,101,0.9099,5.14,1.2686,0.7128,2,1,4.4995,5,0,,0
ACC-13909,Mid-Market,12,23,9843.97,122,71,0.582,11.69,0.8357,0.7382,1,0,0.0003,5,0,,0
ACC-13910,Enterprise,24,38,11336.69,543,283,0.5212,12.92,1.2072,0.6175,5,2,3.5998,2,0,65.0,0
ACC-13911,Mid-Market,12,26,4953.54,62,47,0.7581,5.14,0.8532,0.2682,1,1,8.9976,4,0,,1
ACC-13912,Enterprise,24,11,41106.71,593,493,0.8314,18.1,1.1933,0.7559,3,0,0.0001,4,0,62.0,0
ACC-13913,SMB,24,18,628.56,10,9,0.9,22.28,0.8566,0.7198,1,1,8.9976,5,0,49.0,0
ACC-13914,SMB,12,28,2340.1,15,14,0.9333,15.18,1.3255,0.5967,4,0,0.0001,3,0,79.0,0
ACC-13915,Mid-Market,24,29,5260.86,37,32,0.8649,12.28,0.9916,0.7707,2,0,0.0001,3,0,31.0,0
ACC-13916,SMB,24,26,2148.81,30,26,0.8667,4.04,1.2313,0.3241,4,0,0.0001,2,0,21.0,0
ACC-13917,Mid-Market,24,19,3578.0,57,49,0.8596,16.47,0.9485,0.9305,4,1,2.2499,11,0,,0
ACC-13918,SMB,36,16,433.52,11,9,0.8182,11.42,2.7298,0.9134,6,0,0.0,6,0,10.0,0
ACC-13919,SMB,12,30,2383.16,27,24,0.8889,9.69,1.3755,0.4958,3,1,2.9998,7,0,,1
ACC-13920,SMB,12,22,554.18,19,15,0.7895,33.89,0.813,0.5379,1,0,0.0003,8,0,-27.0,0
ACC-13921,Mid-Market,12,18,9990.72,126,113,0.8968,14.08,1.3168,0.8207,5,2,3.5998,5,0,43.0,1
ACC-13922,SMB,12,11,1361.23,33,26,0.7879,8.28,1.0329,0.5899,2,0,0.0001,4,0,8.0,0
ACC-13923,Mid-Market,12,10,4436.59,56,34,0.6071,4.84,1.0365,0.5679,6,1,1.5,6,0,46.0,0
ACC-13924,SMB,24,16,917.35,8,6,0.75,15.83,0.7322,0.8346,5,0,0.0001,3,0,-9.0,0
ACC-13925,Enterprise,12,23,24398.94,993,877,0.8832,6.78,0.7973,0.6796,5,0,0.0001,6,16,,1
ACC-13926,Mid-Market,12,23,2135.0,79,46,0.5823,8.27,0.5665,0.5551,1,1,8.9976,4,0,-5.0,0
ACC-13927,SMB,12,22,1465.81,16,13,0.8125,7.06,1.2736,0.6877,5,1,1.8,6,0,,0
ACC-13928,SMB,24,17,1559.72,22,17,0.7727,17.18,0.9175,0.6723,3,2,5.9995,4,0,,1
ACC-13929,Enterprise,24,29,28421.47,364,256,0.7033,3.79,1.0401,0.5692,3,0,0.0001,3,0,,0
ACC-13930,SMB,12,32,1491.55,23,16,0.6957,16.31,1.2533,0.91,5,1,1.8,6,0,41.0,0
ACC-13931,Enterprise,24,8,18860.86,105,65,0.619,12.73,0.8698,0.6817,10,0,0.0,5,0,92.0,0
ACC-13932,Mid-Market,12,12,8170.91,42,34,0.8095,10.62,0.9939,0.5691,2,0,0.0001,3,0,,0
ACC-13933,Mid-Market,36,48,8577.97,106,89,0.8396,12.08,1.0275,0.7189,5,0,0.0001,6,0,20.0,0
ACC-13934,Mid-Market,24,15,7642.91,37,22,0.5946,11.56,0.9833,0.8192,4,0,0.0001,4,0,35.0,0
ACC-13935,Mid-Market,12,16,9702.96,48,42,0.875,7.34,1.0185,0.9349,2,0,0.0001,4,0,57.0,0
ACC-13936,Mid-Market,24,10,5849.17,61,45,0.7377,34.31,0.5897,0.6782,3,0,0.0001,2,0,74.0,0
ACC-13937,Enterprise,24,29,41769.64,506,383,0.7569,12.33,0.7917,0.5438,4,0,0.0001,3,0,61.0,0
ACC-13938,Enterprise,12,54,38931.9,682,554,0.8123,17.13,0.992,0.9273,5,2,3.5998,5,0,58.0,0
ACC-13939,Mid-Market,24,10,5735.01,31,25,0.8065,10.96,0.8421,0.7713,4,1,2.2499,5,0,,0
ACC-13940,SMB,12,30,1301.91,14,10,0.7143,17.01,1.6715,0.7455,4,0,0.0001,3,0,,0
ACC-13941,SMB,12,9,768.56,32,26,0.8125,23.85,0.9872,0.6192,1,0,0.0003,3,0,,0
ACC-13942,Enterprise,12,28,13457.58,953,544,0.5708,33.88,0.8935,0.6114,5,1,1.8,3,0,-5.0,0
ACC-13943,Mid-Market,12,9,4323.28,32,24,0.75,10.09,1.3402,0.411,5,0,0.0001,2,0,15.0,0
ACC-13944,Enterprise,12,4,15494.25,903,619,0.6855,22.22,0.9023,0.6897,4,2,4.4997,5,0,24.0,1
ACC-13945,Enterprise,36,47,32843.74,373,292,0.7828,8.2,1.195,0.5473,6,0,0.0,2,0,90.0,0
ACC-13946,SMB,12,13,1985.21,26,23,0.8846,12.91,0.9391,0.8799,3,0,0.0001,3,0,25.0,0
ACC-13947,Mid-Market,12,6,2607.32,96,84,0.875,2.95,0.869,0.7455,3,0,0.0001,4,0,70.0,0
ACC-13948,Enterprise,12,19,25170.63,416,377,0.9062,10.41,1.0835,0.8794,7,1,1.2857,4,0,50.0,0
ACC-13949,Mid-Market,24,24,8918.31,46,44,0.9565,28.86,1.4067,0.4858,4,0,0.0001,6,0,-49.0,0
ACC-13950,Enterprise,36,31,14883.17,115,104,0.9043,11.22,1.1929,0.3577,3,1,2.9998,6,0,-6.0,0
ACC-13951,SMB,24,15,932.52,5,4,0.8,11.33,0.9666,0.5793,3,0,0.0001,4,0,13.0,0
ACC-13952,SMB,36,14,1276.08,32,31,0.9688,11.73,0.8323,0.7627,6,2,2.9999,2,0,30.0,0
ACC-13953,Enterprise,24,13,11029.3,727,603,0.8294,16.22,0.891,0.6658,1,0,0.0003,6,0,62.0,0
ACC-13954,Mid-Market,36,18,2683.07,79,47,0.5949,9.39,0.998,0.4427,6,2,2.9999,2,0,34.0,1
ACC-13955,SMB,24,25,1601.18,21,19,0.9048,22.86,0.7606,0.8984,4,0,0.0001,10,0,39.0,0
ACC-13956,SMB,12,20,1884.32,25,19,0.76,10.33,0.9224,0.6741,4,0,0.0001,6,4,17.0,0
ACC-13957,Mid-Market,12,12,6821.9,89,61,0.6854,18.0,1.004,0.7846,6,0,0.0,3,0,27.0,0
ACC-13958,Enterprise,24,17,25434.51,151,123,0.8146,22.45,0.82,0.735,5,0,0.0001,6,0,,0
ACC-13959,Enterprise,12,8,12797.12,755,272,0.3603,15.1,1.0346,0.7758,5,0,0.0001,2,4,2.0,0
ACC-13960,Mid-Market,12,15,2326.82,91,61,0.6703,13.37,1.0097,0.7388,6,1,1.5,4,0,,0
ACC-13961,Mid-Market,24,14,7174.6,134,114,0.8507,9.05,0.8026,0.4425,4,1,2.2499,3,0,44.0,0
ACC-13962,Enterprise,36,31,38653.3,648,478,0.7377,6.45,0.8153,0.5132,3,0,0.0001,7,0,-11.0,0
ACC-13963,Mid-Market,12,19,5677.17,51,40,0.7843,9.65,1.0185,0.697,3,0,0.0001,6,0,28.0,0
ACC-13964,Enterprise,24,15,22596.36,526,418,0.7947,16.6,1.3255,0.4954,5,0,0.0001,6,0,19.0,0
ACC-13965,SMB,24,16,1940.36,5,4,0.8,18.28,1.1096,0.4617,5,1,1.8,4,0,67.0,0
ACC-13966,Mid-Market,36,15,6032.15,65,52,0.8,10.96,0.7886,0.649,4,0,0.0001,3,0,,0
ACC-13967,Enterprise,36,9,27130.25,487,353,0.7248,10.13,0.8083,0.4245,1,0,0.0003,4,0,38.0,0
ACC-13968,Mid-Market,24,25,8647.47,114,106,0.9298,21.45,0.8391,0.4693,3,0,0.0001,3,0,-8.0,0
ACC-13969,Mid-Market,12,3,9548.7,108,80,0.7407,14.35,1.0608,0.7879,4,0,0.0001,7,0,76.0,0
ACC-13970,SMB,12,13,1777.04,28,20,0.7143,23.23,0.784,0.7601,6,0,0.0,2,4,-16.0,0
ACC-13971,Mid-Market,12,10,7634.42,61,30,0.4918,5.06,0.7574,0.595,6,0,0.0,3,0,76.0,0
ACC-13972,Mid-Market,24,13,7436.49,131,65,0.4962,2.74,0.788,0.3385,2,0,0.0001,1,0,72.0,0
ACC-13973,SMB,24,25,472.06,29,22,0.7586,6.45,0.8932,0.7559,7,0,0.0,2,0,,0
ACC-13974,Mid-Market,24,15,7027.55,59,35,0.5932,11.42,0.7443,0.8418,3,0,0.0001,2,0,-9.0,0
ACC-13975,SMB,12,17,2085.89,23,16,0.6957,15.37,1.1093,0.551,3,2,5.9995,4,0,10.0,1
ACC-13976,Mid-Market,24,24,3170.24,84,63,0.75,13.99,0.7478,0.9301,3,1,2.9998,1,0,77.0,0
ACC-13977,Mid-Market,12,23,3632.01,122,64,0.5246,9.53,1.1087,0.5234,3,0,0.0001,3,0,24.0,0
ACC-13978,Enterprise,12,22,25901.47,182,118,0.6484,12.55,0.8777,0.5797,3,1,2.9998,3,0,,0
ACC-13979,Mid-Market,12,17,2273.13,140,137,0.9786,14.38,1.2415,0.5151,3,0,0.0001,3,0,58.0,0
ACC-13980,SMB,12,30,937.95,24,19,0.7917,6.13,1.1951,0.8643,2,0,0.0001,5,0,15.0,0
ACC-13981,SMB,24,10,2189.78,25,22,0.88,8.9,1.1758,0.776,0,1,30001.0,2,0,,0
ACC-13982,Mid-Market,12,15,6947.26,65,49,0.7538,17.73,0.8122,0.8779,3,0,0.0001,7,0,-11.0,0
ACC-13983,Mid-Market,12,13,8998.37,49,44,0.898,4.41,0.8683,0.6601,2,1,4.4995,4,0,,0
ACC-13984,SMB,36,13,651.22,18,12,0.6667,8.23,1.0718,0.8232,4,0,0.0001,2,0,,0
ACC-13985,SMB,12,9,1515.61,10,8,0.8,17.79,0.7277,0.6453,1,0,0.0003,2,0,13.0,0
ACC-13986,Enterprise,12,27,22320.34,645,503,0.7798,17.74,1.079,0.6432,3,1,2.9998,6,0,44.0,0
ACC-13987,Mid-Market,12,23,5828.04,101,74,0.7327,7.15,0.8952,0.7349,2,0,0.0001,4,4,-3.0,0
ACC-13988,Mid-Market,12,15,2984.08,75,56,0.7467,15.54,0.8679,0.766,3,0,0.0001,5,0,97.0,0
ACC-13989,SMB,12,21,2422.0,14,10,0.7143,10.21,0.909,0.7091,1,0,0.0003,4,0,70.0,0
ACC-13990,Enterprise,12,28,17108.93,129,105,0.814,12.96,1.3254,0.8423,2,0,0.0001,0,0,-52.0,0
ACC-13991,Mid-Market,24,38,5980.27,69,31,0.4493,13.99,0.9247,0.5927,5,1,1.8,3,0,11.0,0
ACC-13992,SMB,12,7,1121.11,16,13,0.8125,12.82,1.4065,0.9366,3,2,5.9995,8,24,,1
ACC-13993,Enterprise,12,16,13966.55,383,351,0.9164,7.1,0.7748,0.6058,4,0,0.0001,4,0,61.0,0
ACC-13994,Mid-Market,24,32,5107.1,109,96,0.8807,21.32,1.1339,0.8414,2,0,0.0001,4,0,-34.0,0
ACC-13995,Mid-Market,12,49,6766.4,83,74,0.8916,12.92,0.9574,0.8863,1,1,8.9976,2,0,41.0,0
ACC-13996,Mid-Market,36,20,8814.15,97,62,0.6392,15.96,0.9215,0.6856,5,0,0.0001,2,0,19.0,0
ACC-13997,Mid-Market,12,26,9509.79,70,40,0.5714,4.58,0.9643,0.8099,4,0,0.0001,7,0,37.0,0
ACC-13998,Mid-Market,12,2,5376.34,43,28,0.6512,24.58,1.246,0.3015,1,1,8.9976,3,12,39.0,0
ACC-13999,Enterprise,24,21,8431.12,418,365,0.8732,13.5,0.8061,0.6111,4,0,0.0001,2,0,-6.0,0
ACC-14000,Mid-Market,12,15,9089.06,101,73,0.7228,7.04,0.9371,0.4214,5,1,1.8,6,0,40.0,0
ACC-14001,SMB,12,25,883.26,17,14,0.8235,7.93,0.9976,0.6077,2,0,0.0001,4,0,,0
ACC-14002,SMB,24,39,1779.13,28,24,0.8571,12.72,0.9187,0.611,4,0,0.0001,5,0,,0
ACC-14003,Enterprise,12,17,35604.88,288,217,0.7535,5.78,0.8062,0.6686,6,0,0.0,5,0,68.0,0
ACC-14004,Enterprise,24,16,40151.24,616,516,0.8377,12.06,0.7344,0.4885,0,2,60001.0,6,0,100.0,0
ACC-14005,Mid-Market,36,12,3940.2,142,85,0.5986,13.48,1.0153,0.5625,1,1,8.9976,3,0,60.0,0
ACC-14006,Mid-Market,12,3,4997.95,68,41,0.6029,18.68,0.7691,0.8347,4,0,0.0001,1,0,,0
ACC-14007,Mid-Market,24,12,8493.78,41,25,0.6098,15.74,0.9467,0.557,4,1,2.2499,5,0,,0
ACC-14008,SMB,12,7,760.56,23,14,0.6087,9.13,1.0447,0.7626,2,0,0.0001,5,0,20.0,0
ACC-14009,Enterprise,36,7,43094.57,687,318,0.4629,39.81,0.9226,0.5772,3,0,0.0001,4,0,-2.0,0
ACC-14010,Enterprise,24,21,24888.03,573,430,0.7504,13.06,1.3948,0.3842,8,1,1.125,4,0,47.0,0
ACC-14011,Mid-Market,36,8,8643.65,48,35,0.7292,16.93,0.675,0.791,2,0,0.0001,3,0,80.0,0
ACC-14012,SMB,12,18,1725.78,25,20,0.8,13.7,0.6116,0.8174,6,0,0.0,5,0,,0
ACC-14013,Enterprise,24,46,22337.15,149,141,0.9463,22.03,0.9156,0.58,3,0,0.0001,2,0,69.0,0
ACC-14014,Mid-Market,12,13,6832.14,126,105,0.8333,10.96,1.0945,0.7722,4,1,2.2499,4,0,13.0,0
ACC-14015,Mid-Market,12,7,2226.55,39,27,0.6923,10.9,0.8352,0.9278,1,0,0.0003,9,0,,0
ACC-14016,SMB,36,40,1018.2,15,14,0.9333,15.48,1.2308,0.4596,2,0,0.0001,2,0,21.0,0
ACC-14017,SMB,12,9,1011.52,23,17,0.7391,9.29,1.0289,0.6398,2,0,0.0001,9,0,48.0,0
ACC-14018,Mid-Market,36,13,4254.32,136,95,0.6985,19.83,0.5954,0.4996,3,0,0.0001,2,0,,0
ACC-14019,Mid-Market,12,29,6818.68,34,24,0.7059,13.98,0.9182,0.5994,1,0,0.0003,2,0,,0
ACC-14020,Mid-Market,24,8,4378.78,143,89,0.6224,9.07,0.9722,0.7778,4,0,0.0001,5,0,,0
ACC-14021,Mid-Market,12,12,9582.54,39,33,0.8462,7.87,1.1299,0.7897,6,0,0.0,3,0,26.0,0
ACC-14022,SMB,12,8,1895.48,6,5,0.8333,15.08,0.8988,0.956,5,3,5.3997,4,0,70.0,1
ACC-14023,SMB,12,29,1796.17,5,3,0.6,12.2,1.5105,0.7438,4,0,0.0001,2,0,26.0,0
ACC-14024,SMB,24,8,487.02,15,11,0.7333,10.84,0.7021,0.7325,3,0,0.0001,4,0,,0
ACC-14025,SMB,12,22,708.42,24,15,0.625,4.53,0.7227,0.7181,2,1,4.4995,4,0,-25.0,1
ACC-14026,Mid-Market,24,16,8130.22,130,108,0.8308,13.68,0.665,0.5823,5,0,0.0001,2,0,100.0,0
ACC-14027,Enterprise,12,12,24349.87,156,96,0.6154,20.15,0.9741,0.3964,0,0,1.0,3,0,29.0,0
ACC-14028,SMB,12,16,1140.46,10,8,0.8,21.78,1.1177,0.9202,3,0,0.0001,4,16,39.0,0
ACC-14029,Mid-Market,12,13,7922.64,89,76,0.8539,10.75,1.5233,0.59,3,0,0.0001,3,0,11.0,0
ACC-14030,SMB,12,10,666.13,10,5,0.5,14.8,1.1056,0.351,2,0,0.0001,3,0,57.0,0
ACC-14031,Mid-Market,24,5,8287.48,144,90,0.625,36.26,0.8007,0.7785,4,0,0.0001,5,0,,0
ACC-14032,Enterprise,24,8,26879.25,598,313,0.5234,28.65,0.9462,0.4789,2,0,0.0001,2,0,24.0,0
ACC-14033,SMB,12,19,992.95,10,8,0.8,32.54,0.8096,0.5542,3,0,0.0001,4,0,-3.0,0
ACC-14034,Enterprise,24,14,29724.11,756,573,0.7579,8.14,0.9158,0.3984,6,0,0.0,2,0,19.0,0
ACC-14035,SMB,24,22,1496.54,31,24,0.7742,18.12,0.8992,0.5932,4,1,2.2499,3,0,,0
ACC-14036,SMB,12,18,1595.47,34,29,0.8529,7.99,0.8475,0.4933,2,0,0.0001,4,4,30.0,0
ACC-14037,SMB,12,2,901.96,29,21,0.7241,2.7,1.1046,0.4978,7,0,0.0,6,0,54.0,0
ACC-14038,SMB,12,21,550.02,8,5,0.625,13.76,1.8682,0.6339,2,0,0.0001,5,0,58.0,0
ACC-14039,Mid-Market,12,7,2911.16,77,40,0.5195,25.53,1.1521,0.7588,1,1,8.9976,2,0,100.0,0
ACC-14040,SMB,12,17,2121.63,32,19,0.5938,34.38,1.1302,0.8728,2,1,4.4995,2,4,66.0,0
ACC-14041,Mid-Market,12,6,5358.32,45,35,0.7778,9.32,0.9866,0.8046,3,0,0.0001,7,0,25.0,0
ACC-14042,Mid-Market,24,28,7288.35,52,31,0.5962,11.05,0.8985,0.5854,8,1,1.125,2,0,18.0,0
ACC-14043,Mid-Market,12,25,2082.9,50,38,0.76,6.43,0.9297,0.8377,1,1,8.9976,6,0,9.0,0
ACC-14044,Mid-Market,12,14,9247.66,109,91,0.8349,11.61,0.6466,0.4996,1,0,0.0003,3,0,14.0,0
ACC-14045,Mid-Market,12,25,9284.1,102,59,0.5784,10.31,1.3836,0.6436,2,0,0.0001,5,0,,0
ACC-14046,Mid-Market,12,9,3935.64,42,27,0.6429,15.54,1.0601,0.4363,0,0,1.0,4,24,-19.0,1
ACC-14047,Mid-Market,12,11,2032.78,39,30,0.7692,13.8,0.8109,0.6411,3,0,0.0001,2,0,22.0,0
ACC-14048,SMB,36,28,723.48,28,18,0.6429,15.04,1.2074,0.6658,2,0,0.0001,4,0,81.0,0
ACC-14049,Mid-Market,12,2,5429.7,45,39,0.8667,14.22,1.2692,0.5472,7,0,0.0,1,0,,0
ACC-14050,SMB,24,15,695.69,5,3,0.6,12.91,0.8568,0.5273,3,0,0.0001,3,0,85.0,0
ACC-14051,SMB,12,20,1001.24,20,17,0.85,13.04,0.6443,0.5116,3,0,0.0001,6,0,,0
ACC-14052,SMB,24,12,1189.1,22,18,0.8182,11.12,0.8193,0.7439,5,0,0.0001,2,0,,0
ACC-14053,Mid-Market,24,32,3449.78,78,44,0.5641,13.95,1.0702,0.841,3,1,2.9998,5,0,,0
ACC-14054,SMB,12,37,2151.72,25,15,0.6,10.24,1.0079,0.6787,4,1,2.2499,5,0,46.0,0
ACC-14055,Enterprise,24,21,27621.52,411,307,0.747,8.9,0.9462,0.6637,3,0,0.0001,3,0,,0
ACC-14056,SMB,12,7,2222.1,15,10,0.6667,13.06,0.9508,0.5371,5,1,1.8,4,0,31.0,0
ACC-14057,Enterprise,24,25,13410.73,197,75,0.3807,12.84,1.0023,0.5908,3,0,0.0001,4,4,31.0,0
ACC-14058,SMB,12,45,902.23,34,27,0.7941,16.06,1.3539,0.557,8,0,0.0,2,0,13.0,0
ACC-14059,SMB,36,17,1449.53,15,7,0.4667,16.72,1.6336,0.4601,1,1,8.9976,6,0,,0
ACC-14060,Mid-Market,24,15,7782.61,132,102,0.7727,11.8,1.0311,0.8349,5,0,0.0001,8,0,80.0,0
ACC-14061,Mid-Market,36,9,5116.6,143,133,0.9301,8.02,0.889,0.8944,6,2,2.9999,4,0,,1
ACC-14062,SMB,12,19,1146.15,17,12,0.7059,17.76,0.7739,0.6833,4,2,4.4997,7,0,,1
ACC-14063,Mid-Market,12,15,9158.22,70,46,0.6571,13.23,1.379,0.4543,3,1,2.9998,4,0,,0
ACC-14064,SMB,24,3,967.06,26,15,0.5769,17.29,1.2216,0.7574,1,0,0.0003,2,0,,0
ACC-14065,Enterprise,24,24,38625.92,999,869,0.8699,18.84,1.0365,0.7768,6,1,1.5,7,8,-8.0,0
ACC-14066,Enterprise,36,7,26309.56,147,93,0.6327,11.46,0.8346,0.7133,4,0,0.0001,7,0,40.0,0
ACC-14067,SMB,12,49,1566.05,10,9,0.9,19.63,0.8808,0.9007,4,0,0.0001,4,0,11.0,0
ACC-14068,SMB,24,18,1353.17,5,3,0.6,10.02,0.7953,0.755,3,2,5.9995,5,0,8.0,1
ACC-14069,SMB,12,14,1731.34,33,21,0.6364,11.16,0.4962,0.3851,6,1,1.5,5,0,79.0,0
ACC-14070,Mid-Market,12,17,7411.75,120,75,0.625,14.76,0.8952,0.6989,2,0,0.0001,5,0,68.0,0
ACC-14071,SMB,12,17,1056.43,8,4,0.5,6.71,1.2772,0.405,5,0,0.0001,5,0,50.0,0
ACC-14072,Mid-Market,12,13,5266.01,144,94,0.6528,5.61,0.8084,0.6846,0,0,1.0,1,0,34.0,0
ACC-14073,Mid-Market,36,5,8200.88,145,131,0.9034,6.34,0.9458,0.7793,5,1,1.8,1,0,21.0,0
ACC-14074,SMB,12,32,1298.22,31,27,0.871,20.92,0.924,0.4887,3,1,2.9998,2,0,-4.0,1
ACC-14075,Mid-Market,24,17,8142.27,141,123,0.8723,22.17,1.1075,0.5957,7,0,0.0,4,0,,0
ACC-14076,Mid-Market,24,29,3758.43,95,86,0.9053,11.16,0.9522,0.5513,2,1,4.4995,3,0,38.0,0
ACC-14077,Mid-Market,12,6,6045.78,63,56,0.8889,36.0,1.0094,0.6228,6,1,1.5,5,0,32.0,0
ACC-14078,SMB,12,10,1298.23,18,13,0.7222,22.16,0.978,0.4297,2,0,0.0001,4,0,28.0,0
ACC-14079,Mid-Market,24,12,3788.91,65,57,0.8769,14.04,0.7464,0.8243,7,1,1.2857,4,0,5.0,0
ACC-14080,SMB,12,8,2451.0,5,4,0.8,30.91,1.5499,0.3353,2,0,0.0001,6,0,,0
ACC-14081,Mid-Market,24,24,5158.15,47,33,0.7021,15.76,0.9289,0.669,3,0,0.0001,6,24,2.0,0
ACC-14082,Mid-Market,36,14,4698.42,112,101,0.9018,12.65,0.8102,0.6079,4,0,0.0001,3,0,52.0,0
ACC-14083,SMB,12,19,1961.83,14,11,0.7857,29.06,1.6236,0.8049,4,1,2.2499,7,0,29.0,0
ACC-14084,Mid-Market,12,11,4816.25,51,39,0.7647,17.91,1.0285,0.5993,5,1,1.8,2,0,71.0,0
ACC-14085,Enterprise,12,30,12954.46,420,309,0.7357,22.25,1.1614,0.5663,2,0,0.0001,4,0,34.0,0
ACC-14086,Enterprise,24,26,37401.74,854,508,0.5948,15.03,0.7394,0.7191,4,1,2.2499,5,0,93.0,0
ACC-14087,Mid-Market,12,24,9162.11,149,98,0.6577,5.35,0.5872,0.528,6,0,0.0,3,0,63.0,0
ACC-14088,SMB,12,18,1508.38,11,9,0.8182,6.28,0.8742,0.6242,5,1,1.8,4,0,23.0,0
ACC-14089,Enterprise,12,32,21844.05,372,176,0.4731,16.48,0.9085,0.9136,4,0,0.0001,3,0,34.0,0
ACC-14090,SMB,36,26,2082.1,21,17,0.8095,3.88,1.1649,0.6866,2,1,4.4995,0,0,,0
ACC-14091,Mid-Market,12,16,8450.07,145,104,0.7172,16.47,1.0438,0.6443,1,0,0.0003,7,0,18.0,0
ACC-14092,Mid-Market,12,12,5130.34,140,99,0.7071,17.59,1.5401,0.8219,3,1,2.9998,7,0,27.0,0
ACC-14093,SMB,36,14,1505.45,15,9,0.6,14.61,0.9509,0.8276,4,0,0.0001,6,0,,0
ACC-14094,Mid-Market,24,21,6598.55,55,41,0.7455,8.04,1.083,0.7038,5,1,1.8,2,0,,0
ACC-14095,Mid-Market,24,6,3159.59,86,63,0.7326,18.66,1.143,0.6033,3,1,2.9998,4,8,60.0,0
ACC-14096,Enterprise,24,10,20770.41,264,227,0.8598,20.09,1.8583,0.3867,0,1,30001.0,3,0,51.0,0
ACC-14097,Enterprise,36,32,25207.55,372,298,0.8011,3.31,0.6854,0.7346,0,1,30001.0,4,4,44.0,0
ACC-14098,Mid-Market,24,28,9401.7,127,108,0.8504,16.67,0.9785,0.2493,3,1,2.9998,4,0,74.0,0
ACC-14099,Enterprise,24,14,14700.68,636,588,0.9245,6.38,1.168,0.279,3,0,0.0001,5,8,,0
ACC-14100,Mid-Market,24,60,7149.02,123,87,0.7073,36.24,1.2207,0.7811,0,1,30001.0,6,0,,0
ACC-14101,Mid-Market,24,25,2975.65,138,90,0.6522,9.99,0.7109,0.6717,2,0,0.0001,3,0,64.0,0
ACC-14102,Mid-Market,12,17,3061.43,42,28,0.6667,8.0,1.1125,0.5004,2,0,0.0001,5,0,71.0,0
ACC-14103,Enterprise,12,28,21193.79,395,344,0.8709,20.21,0.9078,0.9339,5,0,0.0001,4,4,88.0,0
ACC-14104,Mid-Market,24,11,9048.77,99,75,0.7576,21.24,1.0927,0.5865,4,0,0.0001,3,0,,0
ACC-14105,SMB,12,10,1676.37,29,19,0.6552,11.98,0.8834,0.7998,3,1,2.9998,8,0,50.0,0
ACC-14106,SMB,24,15,2369.16,15,10,0.6667,24.84,0.9341,0.8339,6,1,1.5,5,8,,0
ACC-14107,Enterprise,12,17,9936.36,956,755,0.7897,10.68,0.8494,0.7189,7,0,0.0,3,0,-21.0,0
ACC-14108,SMB,24,10,553.97,7,5,0.7143,10.52,1.0082,0.5876,2,0,0.0001,2,0,64.0,0
ACC-14109,Mid-Market,12,35,9374.72,34,25,0.7353,3.34,0.9585,0.4394,3,0,0.0001,7,0,36.0,0
ACC-14110,Mid-Market,24,13,2306.44,37,28,0.7568,14.47,1.4197,0.5825,4,1,2.2499,9,0,,0
ACC-14111,Mid-Market,24,5,7305.17,93,55,0.5914,8.85,0.6844,0.7514,1,1,8.9976,4,0,26.0,0
ACC-14112,Enterprise,12,18,28435.9,620,411,0.6629,16.18,1.2436,0.5311,1,1,8.9976,6,0,6.0,0
ACC-14113,Enterprise,12,15,43972.29,195,155,0.7949,8.85,0.8454,0.6155,5,1,1.8,7,0,77.0,0
ACC-14114,Mid-Market,12,27,9459.49,128,106,0.8281,12.46,0.77,0.7798,3,0,0.0001,3,0,,0
ACC-14115,Mid-Market,12,11,6082.51,116,77,0.6638,10.3,1.1593,0.4602,0,0,1.0,4,0,4.0,0
ACC-14116,SMB,12,24,1619.93,15,11,0.7333,18.43,0.958,0.6782,5,0,0.0001,4,0,47.0,0
ACC-14117,Mid-Market,12,19,9730.29,50,33,0.66,9.61,0.7423,0.7016,6,0,0.0,5,16,,1
ACC-14118,Enterprise,36,29,25387.35,368,234,0.6359,11.88,1.4485,0.6792,1,0,0.0003,4,0,,0
ACC-14119,SMB,12,18,478.64,19,11,0.5789,8.69,1.0831,0.6838,4,0,0.0001,4,0,,0
ACC-14120,Mid-Market,24,10,4898.19,134,98,0.7313,9.32,1.0294,0.8856,2,1,4.4995,2,0,20.0,0
ACC-14121,Mid-Market,12,20,6275.81,128,120,0.9375,5.11,0.7454,0.7529,4,0,0.0001,6,0,61.0,0
ACC-14122,SMB,24,8,1752.26,24,16,0.6667,9.84,0.8825,0.8509,6,0,0.0,6,0,11.0,0
ACC-14123,SMB,12,4,1870.59,8,4,0.5,9.67,0.8959,0.4167,6,0,0.0,1,0,19.0,0
ACC-14124,SMB,24,10,1730.94,26,23,0.8846,16.93,1.3679,0.4604,1,0,0.0003,1,0,-20.0,0
ACC-14125,SMB,24,30,1106.14,21,14,0.6667,7.5,0.9078,0.5726,3,0,0.0001,3,0,26.0,0
ACC-14126,SMB,24,42,1011.12,30,23,0.7667,7.76,1.3289,0.836,2,0,0.0001,7,0,17.0,0
ACC-14127,SMB,12,6,1542.33,13,11,0.8462,17.64,1.1079,0.4894,3,0,0.0001,3,0,-16.0,0
ACC-14128,Mid-Market,24,28,5858.83,37,35,0.9459,14.86,0.8431,0.8234,2,1,4.4995,2,0,,0
ACC-14129,Enterprise,12,39,17870.52,621,429,0.6908,3.72,1.5036,0.726,3,2,5.9995,4,4,63.0,0
ACC-14130,Mid-Market,12,8,2541.12,84,66,0.7857,14.73,1.1686,0.6017,0,1,30001.0,5,0,47.0,0
ACC-14131,Mid-Market,12,35,7031.14,56,36,0.6429,17.57,1.1705,0.6099,2,1,4.4995,5,0,58.0,0
ACC-14132,SMB,12,7,1462.69,19,16,0.8421,11.16,0.7287,0.9509,4,0,0.0001,2,0,6.0,0
ACC-14133,Mid-Market,12,15,9263.3,115,100,0.8696,18.43,1.3593,0.6895,6,1,1.5,2,0,,0
ACC-14134,Mid-Market,24,21,7428.33,37,18,0.4865,27.03,0.7003,0.8549,5,1,1.8,5,0,29.0,0
ACC-14135,Enterprise,12,9,20235.47,326,291,0.8926,31.42,1.1298,0.4796,3,1,2.9998,0,0,,1
ACC-14136,SMB,12,34,541.89,27,16,0.5926,12.74,0.7161,0.6669,5,0,0.0001,2,0,3.0,0
ACC-14137,Mid-Market,12,16,5636.05,72,48,0.6667,20.0,1.0282,0.5745,1,1,8.9976,9,0,,0
ACC-14138,SMB,24,26,2439.2,6,4,0.6667,16.1,0.7241,0.443,3,2,5.9995,6,0,-14.0,1
ACC-14139,Mid-Market,24,9,5444.23,113,103,0.9115,6.4,0.9912,0.2196,1,0,0.0003,4,8,60.0,0
ACC-14140,Mid-Market,12,44,2810.13,50,45,0.9,13.72,0.8581,0.4929,2,0,0.0001,8,0,3.0,0
ACC-14141,Enterprise,24,22,17493.12,200,152,0.76,19.82,0.837,0.6269,3,1,2.9998,6,0,,0
ACC-14142,Enterprise,12,21,27708.59,322,220,0.6832,3.98,0.6298,0.8081,3,1,2.9998,3,0,79.0,0
ACC-14143,SMB,12,20,1125.57,26,18,0.6923,37.53,0.8446,0.6152,2,1,4.4995,3,0,,0
ACC-14144,SMB,12,22,1886.28,16,10,0.625,16.94,1.1068,0.7297,2,0,0.0001,3,0,80.0,0
ACC-14145,Mid-Market,24,25,4507.97,143,118,0.8252,4.6,0.9828,0.5148,4,0,0.0001,5,0,92.0,0
ACC-14146,Enterprise,24,13,20194.46,320,263,0.8219,15.46,1.0959,0.8103,5,1,1.8,5,0,8.0,0
ACC-14147,Mid-Market,12,7,8212.99,104,101,0.9712,5.75,0.8009,0.3778,7,1,1.2857,3,8,58.0,0
ACC-14148,SMB,12,7,2320.51,5,4,0.8,13.59,0.9795,0.7536,7,1,1.2857,5,0,,0
ACC-14149,SMB,12,17,1250.5,20,12,0.6,6.37,1.0389,0.8833,3,0,0.0001,4,0,65.0,0
ACC-14150,Enterprise,24,39,33044.29,379,271,0.715,7.56,1.1121,0.4742,8,0,0.0,3,0,52.0,0
ACC-14151,Enterprise,24,15,13951.65,278,213,0.7662,8.06,1.5537,0.8211,4,0,0.0001,9,0,43.0,0
ACC-14152,SMB,12,31,737.57,26,23,0.8846,11.58,0.7443,0.8763,1,1,8.9976,3,0,,0
ACC-14153,Mid-Market,12,16,3181.89,89,66,0.7416,10.03,1.2174,0.5551,7,0,0.0,5,0,19.0,0
ACC-14154,Mid-Market,24,37,7680.29,75,48,0.64,11.1,0.9358,0.6618,2,0,0.0001,6,0,,0
ACC-14155,Enterprise,24,21,22862.77,359,266,0.7409,8.99,0.617,0.8481,2,0,0.0001,2,0,18.0,0
ACC-14156,Mid-Market,24,20,8430.11,123,64,0.5203,18.21,1.1154,0.6604,4,1,2.2499,4,0,14.0,0
ACC-14157,SMB,24,30,1202.74,11,8,0.7273,19.32,1.0016,0.6525,3,0,0.0001,4,0,49.0,0
ACC-14158,SMB,24,21,458.12,31,21,0.6774,6.81,1.3988,0.757,3,0,0.0001,3,0,42.0,0
ACC-14159,Mid-Market,12,24,5402.06,66,57,0.8636,5.22,0.8037,0.6081,1,0,0.0003,6,0,31.0,0
ACC-14160,Mid-Market,12,17,4209.15,105,68,0.6476,6.98,0.7988,0.4516,6,1,1.5,4,0,40.0,0
ACC-14161,Enterprise,12,20,32153.35,222,150,0.6757,7.6,1.1849,0.4248,8,0,0.0,3,0,,0
ACC-14162,Mid-Market,24,7,6956.23,104,86,0.8269,5.93,0.7604,0.7476,8,1,1.125,4,8,22.0,0
ACC-14163,Mid-Market,12,33,6568.5,145,86,0.5931,33.13,1.2016,0.596,2,1,4.4995,5,4,36.0,0
ACC-14164,Mid-Market,12,34,5457.32,93,68,0.7312,13.85,1.1266,0.3633,4,1,2.2499,4,0,,0
ACC-14165,Mid-Market,12,14,8240.81,78,55,0.7051,10.07,0.8563,0.7759,2,0,0.0001,2,0,15.0,0
ACC-14166,Mid-Market,12,16,8929.05,136,111,0.8162,15.67,0.8353,0.7196,2,0,0.0001,3,0,31.0,0
ACC-14167,Enterprise,24,43,40997.7,831,738,0.8881,14.01,1.6124,0.8544,4,1,2.2499,6,0,,0
ACC-14168,Mid-Market,12,14,6712.22,139,95,0.6835,24.38,0.933,0.5439,1,0,0.0003,3,0,61.0,0
ACC-14169,Enterprise,12,26,43901.79,372,280,0.7527,22.75,0.9603,0.5121,5,1,1.8,4,0,49.0,0
ACC-14170,Enterprise,24,19,41189.22,337,329,0.9763,10.22,1.2074,0.8009,4,1,2.2499,3,0,,0
ACC-14171,SMB,12,6,1063.14,8,5,0.625,8.62,0.942,0.5338,2,0,0.0001,2,0,55.0,0
ACC-14172,Mid-Market,24,22,5281.52,57,55,0.9649,16.78,1.0869,0.1543,1,0,0.0003,3,0,,0
ACC-14173,Mid-Market,24,6,4763.21,107,80,0.7477,8.94,0.8509,0.8686,0,1,30001.0,3,0,43.0,0
ACC-14174,SMB,36,33,1978.12,21,18,0.8571,11.05,0.8065,0.9009,1,2,17.9949,5,0,8.0,1
ACC-14175,SMB,24,15,1120.82,19,16,0.8421,6.99,0.7161,0.8947,2,1,4.4995,4,0,81.0,0
ACC-14176,Mid-Market,12,8,2281.57,68,48,0.7059,15.4,0.6824,0.7633,6,0,0.0,7,0,,0
ACC-14177,SMB,24,27,1013.24,22,17,0.7727,17.5,0.8179,0.4184,2,0,0.0001,2,0,-27.0,0
ACC-14178,Mid-Market,12,6,4763.78,139,98,0.705,19.09,0.8774,0.7481,2,0,0.0001,4,0,33.0,0
ACC-14179,Mid-Market,12,6,8669.38,90,66,0.7333,30.7,0.8259,0.5166,4,0,0.0001,2,8,34.0,0
ACC-14180,Mid-Market,12,44,3491.85,81,67,0.8272,12.64,1.128,0.7101,7,0,0.0,5,0,48.0,0
ACC-14181,SMB,12,30,517.91,25,19,0.76,5.5,0.7868,0.699,4,0,0.0001,4,0,33.0,0
ACC-14182,SMB,24,18,1089.05,30,23,0.7667,13.71,1.0528,0.5155,5,1,1.8,5,0,28.0,0
ACC-14183,Mid-Market,12,22,3927.59,86,59,0.686,21.24,0.8696,0.9648,2,0,0.0001,6,12,28.0,0
ACC-14184,Enterprise,24,9,9683.44,183,137,0.7486,4.77,0.9519,0.3432,3,0,0.0001,6,0,38.0,0
ACC-14185,Mid-Market,12,19,6513.6,85,54,0.6353,29.38,1.0752,0.6597,3,2,5.9995,5,0,61.0,1
ACC-14186,Enterprise,12,8,17963.4,544,335,0.6158,7.17,1.6462,0.8491,5,0,0.0001,3,0,,0
ACC-14187,Mid-Market,36,8,6438.68,133,118,0.8872,5.35,1.1489,0.6906,2,1,4.4995,5,0,,0
ACC-14188,SMB,12,28,1859.4,9,5,0.5556,10.44,1.0254,0.7962,3,1,2.9998,4,32,64.0,1
ACC-14189,SMB,24,13,1331.58,8,7,0.875,16.51,1.333,0.7775,2,0,0.0001,4,0,75.0,0
ACC-14190,SMB,12,11,540.15,16,11,0.6875,5.73,0.8068,0.3559,2,0,0.0001,5,0,32.0,0
ACC-14191,SMB,12,21,1837.03,32,28,0.875,25.79,0.8503,0.4859,5,0,0.0001,5,0,39.0,0
ACC-14192,Mid-Market,12,11,9089.21,88,52,0.5909,28.7,1.0352,0.5801,3,0,0.0001,3,0,,0
ACC-14193,SMB,24,15,2393.94,29,24,0.8276,21.82,0.977,0.6722,4,1,2.2499,3,0,,0
ACC-14194,Mid-Market,12,41,2603.34,48,37,0.7708,32.44,1.0789,0.5199,3,0,0.0001,2,0,40.0,0
ACC-14195,Enterprise,12,6,12653.9,513,414,0.807,9.18,1.1022,0.7399,3,0,0.0001,3,0,88.0,0
ACC-14196,Enterprise,12,37,8653.21,534,346,0.6479,17.85,1.0211,0.6736,2,1,4.4995,2,0,38.0,0
ACC-14197,Mid-Market,24,60,6099.0,78,62,0.7949,25.58,0.878,0.5849,1,1,8.9976,3,0,100.0,0
ACC-14198,Mid-Market,24,7,9630.03,38,30,0.7895,3.45,0.9567,0.7789,2,1,4.4995,9,0,70.0,0
ACC-14199,Mid-Market,24,7,4870.6,101,63,0.6238,8.94,1.1193,0.5119,4,1,2.2499,4,0,,0
ACC-14200,SMB,12,23,2487.68,20,17,0.85,6.84,0.7739,0.8709,3,0,0.0001,3,0,,0
ACC-14201,Enterprise,24,3,34299.22,988,785,0.7945,16.26,1.0388,0.6274,1,0,0.0003,5,0,,0
ACC-14202,Enterprise,24,18,30789.76,518,440,0.8494,34.1,0.8822,0.5683,2,0,0.0001,8,0,,0
ACC-14203,SMB,24,10,2202.45,34,23,0.6765,17.79,0.86,0.5332,4,1,2.2499,3,0,27.0,0
ACC-14204,Enterprise,24,33,26284.77,513,454,0.885,15.07,1.007,0.1873,4,0,0.0001,2,0,36.0,0
ACC-14205,Mid-Market,24,13,2530.5,58,56,0.9655,6.08,1.2507,0.6523,1,0,0.0003,5,0,-6.0,0
ACC-14206,Mid-Market,12,19,8735.88,140,122,0.8714,16.78,1.0632,0.6921,2,1,4.4995,3,0,21.0,0
ACC-14207,Mid-Market,24,25,6398.64,124,106,0.8548,16.31,1.0377,0.6787,4,0,0.0001,2,0,97.0,0
ACC-14208,Enterprise,36,22,29874.68,339,279,0.823,20.77,1.2241,0.5257,8,0,0.0,5,0,90.0,0
ACC-14209,Enterprise,12,17,23925.65,938,735,0.7836,20.61,0.8157,0.7553,2,0,0.0001,8,0,30.0,0
ACC-14210,Enterprise,12,26,43080.43,511,385,0.7534,11.05,0.8243,0.8035,1,0,0.0003,6,0,20.0,0
ACC-14211,Mid-Market,36,6,3166.85,47,25,0.5319,23.76,0.7839,0.5627,4,0,0.0001,5,0,42.0,0
ACC-14212,Mid-Market,12,30,7806.12,110,59,0.5364,18.57,1.1427,0.6404,1,0,0.0003,10,8,68.0,0
ACC-14213,Mid-Market,24,14,5479.05,34,23,0.6765,5.92,1.1192,0.6733,3,0,0.0001,2,0,,0
ACC-14214,Mid-Market,12,24,9327.05,147,72,0.4898,7.7,0.9336,0.9349,3,1,2.9998,5,0,,0
ACC-14215,SMB,12,16,1660.32,29,22,0.7586,15.9,1.5085,0.6632,3,1,2.9998,4,28,17.0,1
ACC-14216,Enterprise,12,11,37249.15,878,511,0.582,17.21,0.8674,0.5517,3,0,0.0001,4,0,-1.0,0
ACC-14217,Mid-Market,12,16,3074.48,132,107,0.8106,27.32,1.142,0.9005,8,0,0.0,6,0,,0
ACC-14218,SMB,12,20,1143.05,7,4,0.5714,8.27,0.8306,0.702,4,0,0.0001,5,0,39.0,0
ACC-14219,Mid-Market,12,22,8670.32,59,30,0.5085,11.85,0.8275,0.7716,5,0,0.0001,4,0,56.0,0
ACC-14220,Mid-Market,24,20,7024.83,65,49,0.7538,24.68,0.8054,0.5263,6,0,0.0,5,0,,0
ACC-14221,Mid-Market,36,11,9760.68,141,79,0.5603,24.43,0.6856,0.8237,5,1,1.8,4,0,19.0,0
ACC-14222,SMB,12,9,1116.18,31,22,0.7097,14.34,1.2104,0.7599,2,0,0.0001,5,0,2.0,0
ACC-14223,SMB,12,9,960.69,8,6,0.75,8.68,0.8325,0.9113,1,1,8.9976,3,0,,0
ACC-14224,Mid-Market,12,14,7671.7,96,58,0.6042,5.8,1.2581,0.2884,3,0,0.0001,3,8,,0
ACC-14225,SMB,12,24,1646.46,31,30,0.9677,10.73,0.9708,0.6932,8,0,0.0,3,0,5.0,0
ACC-14226,Mid-Market,12,25,6251.17,94,74,0.7872,13.25,1.3695,0.5321,3,0,0.0001,6,0,84.0,0
ACC-14227,Mid-Market,12,12,3283.21,105,61,0.581,26.31,0.8002,0.6799,4,0,0.0001,3,0,54.0,0
ACC-14228,Mid-Market,12,17,9716.47,111,96,0.8649,14.3,1.1765,0.4397,1,0,0.0003,6,0,,0
ACC-14229,Enterprise,12,6,26505.76,890,608,0.6831,18.54,0.8456,0.6434,2,1,4.4995,8,0,,0
ACC-14230,SMB,12,13,2382.64,31,21,0.6774,16.27,0.8033,0.6803,4,1,2.2499,3,0,50.0,0
ACC-14231,Mid-Market,24,12,6467.04,120,99,0.825,5.08,0.9788,0.6139,3,0,0.0001,3,0,,0
ACC-14232,Mid-Market,12,10,6828.59,41,40,0.9756,24.12,0.8974,0.7519,6,0,0.0,4,0,,0
ACC-14233,SMB,24,18,1122.55,24,10,0.4167,18.6,0.6981,0.7866,3,0,0.0001,3,0,,0
ACC-14234,Enterprise,36,42,37823.09,854,753,0.8817,8.36,0.7536,0.6382,4,0,0.0001,2,4,67.0,0
ACC-14235,Mid-Market,36,17,8600.93,35,29,0.8286,22.75,0.7468,0.7317,6,0,0.0,3,0,34.0,0
ACC-14236,Enterprise,36,31,33997.61,714,562,0.7871,17.36,0.7625,0.7011,4,0,0.0001,4,0,12.0,0
ACC-14237,SMB,12,28,1082.17,10,7,0.7,10.37,0.8176,0.7895,2,0,0.0001,6,0,,0
ACC-14238,SMB,12,12,1586.32,31,24,0.7742,11.42,0.8544,0.6432,3,1,2.9998,2,0,-38.0,1
ACC-14239,Mid-Market,12,26,8234.47,104,87,0.8365,4.48,1.1994,0.719,10,0,0.0,4,8,56.0,0
ACC-14240,SMB,24,43,611.21,29,10,0.3448,7.99,1.1101,0.7214,5,0,0.0001,8,0,93.0,0
ACC-14241,Mid-Market,24,8,7022.11,103,76,0.7379,15.33,0.8163,0.2578,3,1,2.9998,2,12,-13.0,0
ACC-14242,SMB,24,28,1111.76,7,2,0.2857,20.02,0.8362,0.5901,3,0,0.0001,5,0,,0
ACC-14243,Mid-Market,12,16,3197.33,62,55,0.8871,11.11,0.6954,0.8737,1,0,0.0003,7,0,33.0,0
ACC-14244,Mid-Market,24,11,7077.84,36,21,0.5833,17.61,0.997,0.6361,4,1,2.2499,4,0,42.0,0
ACC-14245,SMB,12,21,2005.09,27,14,0.5185,18.1,1.1304,0.7445,4,0,0.0001,4,12,27.0,0
ACC-14246,Mid-Market,12,21,9141.32,122,69,0.5656,20.04,1.3485,0.7023,1,0,0.0003,2,0,3.0,0
ACC-14247,Enterprise,24,55,30512.07,124,72,0.5806,32.85,0.8562,0.6826,2,1,4.4995,3,0,50.0,0
ACC-14248,Mid-Market,12,11,6009.8,144,108,0.75,11.0,0.8123,0.8628,5,2,3.5998,3,4,67.0,1
ACC-14249,SMB,36,17,625.77,24,17,0.7083,13.44,0.9551,0.6766,5,1,1.8,8,0,42.0,0
ACC-14250,Mid-Market,12,17,4280.73,139,90,0.6475,9.75,1.1499,0.8576,2,0,0.0001,2,0,,0
ACC-14251,Enterprise,24,11,27092.09,958,734,0.7662,12.78,1.0476,0.6931,0,1,30001.0,2,0,46.0,0
ACC-14252,Mid-Market,12,9,8936.38,137,72,0.5255,10.34,0.9034,0.7645,3,0,0.0001,4,0,16.0,0
ACC-14253,Mid-Market,24,13,2558.13,105,74,0.7048,15.43,0.8201,0.8588,2,2,8.9988,6,0,,0
ACC-14254,Enterprise,24,16,34289.02,766,506,0.6606,10.27,0.939,0.7941,4,1,2.2499,3,0,6.0,0
ACC-14255,SMB,36,9,1409.82,26,16,0.6154,22.22,2.9514,0.9423,4,1,2.2499,4,0,,0
ACC-14256,SMB,12,28,1471.28,10,8,0.8,7.91,0.9741,0.3256,2,0,0.0001,6,0,,0
ACC-14257,Mid-Market,36,23,4160.27,110,78,0.7091,24.31,1.1105,0.9114,7,0,0.0,4,4,,0
ACC-14258,Mid-Market,12,8,5123.66,110,80,0.7273,15.42,0.7851,0.6518,1,1,8.9976,1,0,,0
ACC-14259,Mid-Market,12,13,4333.55,136,120,0.8824,13.2,0.7503,0.7598,6,0,0.0,7,0,43.0,0
ACC-14260,Enterprise,12,18,26381.53,113,44,0.3894,20.17,0.9786,0.5805,3,1,2.9998,0,0,100.0,0
ACC-14261,SMB,24,25,1904.18,34,20,0.5882,13.85,1.0799,0.6711,3,1,2.9998,2,0,,0
ACC-14262,Mid-Market,12,16,4721.5,76,56,0.7368,18.32,0.861,0.6327,0,2,60001.0,3,0,13.0,1
ACC-14263,Mid-Market,24,24,5802.17,81,70,0.8642,12.73,1.7225,0.5752,0,1,30001.0,7,8,,0
ACC-14264,SMB,24,20,2367.9,21,9,0.4286,19.59,0.8031,0.4569,9,1,1.0,0,0,58.0,0
ACC-14265,Mid-Market,12,26,2987.96,59,41,0.6949,14.79,1.4083,0.2201,5,0,0.0001,4,0,39.0,0
ACC-14266,Mid-Market,36,10,2069.75,104,92,0.8846,12.88,1.1092,0.7403,2,0,0.0001,4,0,22.0,0
ACC-14267,Enterprise,12,23,37833.14,894,826,0.9239,7.29,0.8538,0.8569,2,0,0.0001,2,0,14.0,0
ACC-14268,SMB,24,16,1376.93,33,17,0.5152,35.34,1.1737,0.7133,2,1,4.4995,4,0,47.0,0
ACC-14269,SMB,12,31,979.23,34,27,0.7941,5.55,1.0139,0.722,2,0,0.0001,3,0,,0
ACC-14270,Mid-Market,12,10,2838.93,73,57,0.7808,10.57,0.9278,0.4256,2,1,4.4995,0,0,22.0,0
ACC-14271,SMB,12,21,751.79,27,21,0.7778,5.74,0.7685,0.3063,4,1,2.2499,5,0,,1
ACC-14272,Enterprise,12,17,15395.27,992,597,0.6018,16.81,0.9547,0.8107,6,0,0.0,3,0,-27.0,0
ACC-14273,Mid-Market,12,15,9118.45,83,58,0.6988,4.3,0.9829,0.9339,5,1,1.8,3,0,44.0,0
ACC-14274,Mid-Market,12,13,8116.74,72,63,0.875,17.14,6.277,0.8418,5,0,0.0001,6,0,45.0,0
ACC-14275,Mid-Market,12,14,4617.28,90,63,0.7,16.41,0.8596,0.2812,1,1,8.9976,4,0,4.0,0
ACC-14276,Mid-Market,12,40,8917.43,131,117,0.8931,17.37,0.7017,0.2878,4,0,0.0001,6,0,,0
ACC-14277,Mid-Market,12,15,5908.16,47,39,0.8298,7.83,0.7895,0.7923,5,0,0.0001,4,0,81.0,0
ACC-14278,Enterprise,24,38,29860.55,882,555,0.6293,14.98,0.8913,0.8699,6,0,0.0,5,0,46.0,0
ACC-14279,Mid-Market,24,15,2649.36,87,61,0.7011,16.13,0.9326,0.6919,1,0,0.0003,2,0,62.0,0
ACC-14280,Enterprise,24,19,36550.88,632,543,0.8592,13.64,0.9519,0.449,6,0,0.0,2,8,,0
ACC-14281,SMB,24,17,1054.97,6,4,0.6667,2.66,1.2158,0.5633,1,0,0.0003,2,0,11.0,0
ACC-14282,Mid-Market,24,40,8685.11,108,65,0.6019,9.5,1.3057,0.7491,3,1,2.9998,0,0,46.0,0
ACC-14283,Enterprise,24,27,9486.75,222,210,0.9459,22.48,0.9944,0.602,4,0,0.0001,5,0,,0
ACC-14284,Mid-Market,12,13,4472.03,140,100,0.7143,2.6,1.8565,0.6934,4,0,0.0001,6,0,77.0,0
ACC-14285,Mid-Market,24,6,6882.88,116,41,0.3534,18.54,0.9131,0.7615,2,1,4.4995,1,20,-3.0,1
ACC-14286,SMB,12,13,1383.62,6,4,0.6667,12.0,1.037,0.5879,4,1,2.2499,1,0,20.0,0
ACC-14287,Mid-Market,24,34,2960.77,80,35,0.4375,8.75,1.8976,0.7412,7,0,0.0,8,0,10.0,0
ACC-14288,Mid-Market,24,8,9353.26,75,42,0.56,11.31,1.513,0.499,1,1,8.9976,2,0,30.0,0
ACC-14289,SMB,12,7,613.55,33,29,0.8788,8.26,0.8113,0.5642,4,1,2.2499,6,0,26.0,0
ACC-14290,Mid-Market,24,11,4360.49,48,32,0.6667,5.61,0.7761,0.3323,1,3,26.9922,5,0,90.0,0
ACC-14291,Enterprise,12,9,43616.61,860,598,0.6953,17.93,0.7418,0.4243,6,0,0.0,4,0,-2.0,0
ACC-14292,Mid-Market,12,10,5340.17,128,87,0.6797,13.07,1.3185,0.6938,6,0,0.0,5,0,,0
ACC-14293,SMB,12,5,2288.5,9,7,0.7778,6.93,0.986,0.5715,3,1,2.9998,6,0,33.0,0
ACC-14294,Mid-Market,24,19,4313.12,147,107,0.7279,12.79,0.8856,0.7303,6,0,0.0,10,0,11.0,0
ACC-14295,Mid-Market,24,21,6237.9,103,60,0.5825,18.37,0.7401,0.9093,4,0,0.0001,4,0,11.0,0
ACC-14296,Enterprise,24,15,12491.22,254,126,0.4961,15.8,0.8108,0.9509,5,0,0.0001,5,0,,0
ACC-14297,Enterprise,12,6,20926.75,938,731,0.7793,22.23,1.3586,0.8749,0,0,1.0,6,0,,0
ACC-14298,Mid-Market,12,11,7509.15,115,63,0.5478,13.78,0.9397,0.7194,4,3,6.7496,2,0,,1
ACC-14299,Mid-Market,24,20,2688.56,53,30,0.566,4.95,0.9955,0.5063,7,0,0.0,3,0,45.0,0
ACC-14300,Enterprise,12,22,28217.45,725,529,0.7297,21.08,0.8761,0.7527,4,1,2.2499,3,0,33.0,0
ACC-14301,SMB,24,5,1915.54,33,29,0.8788,8.41,0.8912,0.7729,2,0,0.0001,6,20,26.0,0
ACC-14302,SMB,12,17,1689.51,20,15,0.75,9.56,0.7648,0.7366,4,0,0.0001,5,4,-30.0,0
ACC-14303,Mid-Market,12,11,4087.44,94,52,0.5532,8.07,0.7113,0.8619,2,0,0.0001,3,0,,0
ACC-14304,SMB,12,16,917.06,10,7,0.7,4.82,1.6737,0.5338,4,0,0.0001,2,0,52.0,0
ACC-14305,Enterprise,24,7,12467.16,439,368,0.8383,17.11,0.7228,0.7208,4,1,2.2499,2,0,,0
ACC-14306,Mid-Market,12,5,9932.3,120,110,0.9167,11.34,0.7213,0.3677,3,1,2.9998,2,4,16.0,0
ACC-14307,Mid-Market,12,15,7794.51,44,35,0.7955,10.33,1.3332,0.6187,4,0,0.0001,8,0,-9.0,0
ACC-14308,SMB,12,15,1647.57,22,20,0.9091,15.54,0.6852,0.3744,4,0,0.0001,3,0,46.0,0
ACC-14309,SMB,12,10,1774.08,5,4,0.8,6.53,0.9668,0.5957,2,0,0.0001,2,0,34.0,0
ACC-14310,Mid-Market,12,37,4983.13,40,33,0.825,17.88,0.975,0.5774,4,0,0.0001,5,0,,0
ACC-14311,SMB,12,10,904.17,14,4,0.2857,24.62,0.9958,0.5093,2,0,0.0001,5,0,-1.0,0
ACC-14312,Enterprise,24,10,34026.75,187,134,0.7166,7.91,0.849,0.7034,6,1,1.5,3,0,-1.0,0
ACC-14313,SMB,12,17,1789.53,21,19,0.9048,13.29,1.1806,0.3461,7,0,0.0,3,0,,0
ACC-14314,SMB,24,16,2371.75,5,3,0.6,17.3,1.0254,0.4735,3,1,2.9998,1,0,35.0,0
ACC-14315,Enterprise,24,10,25981.64,372,251,0.6747,25.58,0.9842,0.6557,2,0,0.0001,2,0,-10.0,0
ACC-14316,SMB,12,21,1817.19,33,31,0.9394,19.7,0.7829,0.8357,3,0,0.0001,3,0,,0
ACC-14317,Enterprise,12,21,35807.31,899,515,0.5729,12.43,1.2386,0.7875,2,0,0.0001,2,0,-5.0,0
ACC-14318,Mid-Market,24,17,7832.89,55,43,0.7818,8.64,0.8687,0.5366,8,0,0.0,1,0,,0
ACC-14319,Mid-Market,12,19,3861.9,103,85,0.8252,16.44,1.076,0.8649,1,2,17.9949,1,0,59.0,0
ACC-14320,Mid-Market,12,16,5306.75,129,95,0.7364,9.09,1.1659,0.797,2,0,0.0001,6,0,,0
ACC-14321,SMB,12,16,1396.96,9,7,0.7778,21.97,0.7811,0.739,3,0,0.0001,6,0,75.0,0
ACC-14322,SMB,24,7,2308.86,5,2,0.4,7.18,1.3428,0.9162,5,1,1.8,4,0,17.0,0
ACC-14323,Mid-Market,24,17,2889.18,109,60,0.5505,9.05,0.6873,0.5533,0,0,1.0,7,0,100.0,0
ACC-14324,SMB,36,27,735.04,29,20,0.6897,11.56,1.1577,0.7027,5,0,0.0001,2,0,28.0,0
ACC-14325,SMB,24,19,1277.62,14,11,0.7857,7.57,0.9963,0.6982,3,2,5.9995,3,0,24.0,1
ACC-14326,Enterprise,12,14,8649.9,388,351,0.9046,20.84,0.9639,0.9117,5,1,1.8,2,0,53.0,0
ACC-14327,SMB,12,26,1095.13,11,9,0.8182,9.5,1.071,0.8395,6,0,0.0,4,0,21.0,0
ACC-14328,Enterprise,12,19,25077.0,427,290,0.6792,18.73,0.6223,0.8853,5,0,0.0001,4,0,-2.0,0
ACC-14329,SMB,12,10,1251.11,7,3,0.4286,34.74,0.8656,0.6036,6,1,1.5,4,0,6.0,0
ACC-14330,Mid-Market,12,26,5769.41,105,101,0.9619,7.3,0.6267,0.3894,7,0,0.0,3,0,18.0,0
ACC-14331,Enterprise,12,12,34562.42,894,626,0.7002,19.05,0.9909,0.7492,6,1,1.5,3,0,,0
ACC-14332,Mid-Market,12,8,2878.6,50,39,0.78,6.16,1.07,0.6251,5,0,0.0001,2,0,42.0,0
ACC-14333,Mid-Market,12,10,3921.32,105,85,0.8095,13.33,1.1363,0.7746,2,0,0.0001,5,16,72.0,0
ACC-14334,Mid-Market,12,12,5025.03,65,54,0.8308,32.09,1.0385,0.8011,1,0,0.0003,3,0,1.0,0
ACC-14335,Enterprise,36,7,16386.15,300,239,0.7967,13.64,0.989,0.6574,4,1,2.2499,3,0,,0
ACC-14336,Mid-Market,24,32,4838.28,52,48,0.9231,8.09,2.3182,0.9523,5,0,0.0001,7,0,,0
ACC-14337,SMB,36,5,1005.09,5,3,0.6,11.09,0.8865,0.7161,4,1,2.2499,3,0,27.0,0
ACC-14338,Mid-Market,12,22,3388.28,79,36,0.4557,16.89,1.1272,0.5244,3,1,2.9998,2,0,74.0,0
ACC-14339,Mid-Market,12,19,8885.34,113,48,0.4248,8.74,1.0007,0.2981,2,1,4.4995,5,12,3.0,1
ACC-14340,Mid-Market,12,18,8651.92,109,98,0.8991,6.68,0.7843,0.5998,4,1,2.2499,1,0,25.0,0
ACC-14341,Enterprise,12,21,34725.54,131,93,0.7099,14.84,0.7687,0.7551,4,1,2.2499,3,0,,0
ACC-14342,SMB,12,15,1422.6,28,23,0.8214,16.4,0.6217,0.5609,2,1,4.4995,3,0,,1
ACC-14343,SMB,36,22,430.32,32,26,0.8125,5.89,0.805,0.9432,3,0,0.0001,1,0,,0
ACC-14344,Mid-Market,36,15,7474.86,149,138,0.9262,25.26,1.1551,0.8463,4,0,0.0001,4,8,,0
ACC-14345,Mid-Market,12,13,9718.25,124,88,0.7097,9.01,1.9668,0.7273,7,1,1.2857,3,0,19.0,0
ACC-14346,SMB,12,7,2365.5,19,18,0.9474,17.21,0.8134,0.7776,2,0,0.0001,4,0,30.0,0
ACC-14347,Mid-Market,12,20,7604.4,129,82,0.6357,12.4,1.4848,0.3034,5,0,0.0001,2,0,18.0,0
ACC-14348,SMB,12,20,809.66,16,14,0.875,23.51,1.4183,0.642,2,2,8.9988,4,0,37.0,1
ACC-14349,Mid-Market,12,16,4571.56,73,48,0.6575,4.93,1.6275,0.7609,1,0,0.0003,6,0,14.0,0
ACC-14350,SMB,12,25,1084.0,10,8,0.8,9.19,0.8793,0.861,3,1,2.9998,5,0,,0
ACC-14351,Mid-Market,12,30,7342.3,88,62,0.7045,19.97,0.8252,0.7412,1,0,0.0003,2,0,,0
ACC-14352,Mid-Market,12,12,4375.06,128,59,0.4609,16.69,1.8542,0.6236,3,1,2.9998,5,0,23.0,0
ACC-14353,SMB,12,23,534.1,12,9,0.75,16.44,1.4043,0.73,3,0,0.0001,1,0,,0
ACC-14354,Mid-Market,12,7,5301.93,77,65,0.8442,20.52,0.917,0.6971,2,0,0.0001,6,0,,0
ACC-14355,Mid-Market,12,17,4291.75,113,49,0.4336,11.53,0.9606,0.8429,5,0,0.0001,11,0,49.0,0
ACC-14356,Mid-Market,36,15,4130.78,61,51,0.8361,8.75,0.721,0.7548,1,0,0.0003,5,0,65.0,0
ACC-14357,Mid-Market,12,25,7801.27,105,80,0.7619,16.74,0.8888,0.6255,3,1,2.9998,1,0,,0
ACC-14358,Mid-Market,24,12,4709.67,70,63,0.9,19.57,0.7673,0.3075,1,0,0.0003,6,0,-24.0,0
ACC-14359,Enterprise,24,31,28831.09,241,201,0.834,21.7,1.2552,0.7727,4,2,4.4997,5,0,,1
ACC-14360,Enterprise,36,14,36570.19,408,295,0.723,24.76,0.9128,0.708,5,0,0.0001,1,0,,0
ACC-14361,Mid-Market,24,7,4894.75,71,60,0.8451,8.85,1.7866,0.5367,1,0,0.0003,2,0,29.0,0
ACC-14362,SMB,24,6,618.28,24,18,0.75,7.32,0.7611,0.7256,2,0,0.0001,4,0,41.0,0
ACC-14363,Mid-Market,24,24,7221.65,144,97,0.6736,13.92,0.9527,0.8221,2,1,4.4995,5,0,21.0,0
ACC-14364,Mid-Market,12,7,5624.45,109,77,0.7064,26.89,1.1456,0.599,6,0,0.0,7,0,-15.0,0
ACC-14365,SMB,12,21,2133.56,13,10,0.7692,6.8,1.4506,0.7465,3,0,0.0001,1,0,20.0,0
ACC-14366,Enterprise,36,24,28368.0,832,483,0.5805,14.09,1.016,0.8514,2,0,0.0001,6,0,3.0,0
ACC-14367,Mid-Market,24,10,5907.3,50,26,0.52,13.23,1.4036,0.8898,0,0,1.0,6,0,22.0,0
ACC-14368,Enterprise,36,19,10474.99,740,459,0.6203,13.78,0.7401,0.6451,6,0,0.0,3,0,,0
ACC-14369,Enterprise,24,36,22865.28,255,242,0.949,14.46,2.4287,0.701,4,1,2.2499,11,0,81.0,0
ACC-14370,Mid-Market,24,15,5944.98,131,94,0.7176,5.98,0.7842,0.7042,5,0,0.0001,2,0,14.0,0
ACC-14371,Mid-Market,24,6,2012.84,69,54,0.7826,4.16,2.2231,0.8925,3,0,0.0001,4,8,-22.0,0
ACC-14372,Enterprise,24,11,9713.94,297,209,0.7037,8.0,1.0046,0.7468,4,1,2.2499,4,16,,0
ACC-14373,Mid-Market,12,39,8148.03,91,61,0.6703,10.71,0.7176,0.5142,1,1,8.9976,1,0,,0
ACC-14374,Mid-Market,36,25,5062.83,119,109,0.916,20.99,1.0605,0.736,0,1,30001.0,3,0,38.0,0
ACC-14375,Mid-Market,24,8,9289.55,86,53,0.6163,15.51,1.1898,0.3747,6,1,1.5,1,0,39.0,0
ACC-14376,Mid-Market,24,30,6023.95,42,24,0.5714,19.26,0.8467,0.6745,3,1,2.9998,4,0,,0
ACC-14377,SMB,24,30,2211.34,13,9,0.6923,11.34,0.8913,0.499,1,1,8.9976,5,0,,0
ACC-14378,Enterprise,12,13,22559.39,762,621,0.815,16.72,1.3685,0.3565,3,0,0.0001,2,0,,0
ACC-14379,Mid-Market,12,7,6063.42,127,111,0.874,14.63,0.9106,0.6525,3,0,0.0001,2,20,64.0,0
ACC-14380,Enterprise,36,28,25744.99,839,464,0.553,32.81,0.8506,0.7882,6,0,0.0,4,0,,0
ACC-14381,Enterprise,24,42,22008.97,264,131,0.4962,9.0,0.7862,0.6214,2,0,0.0001,1,0,,0
ACC-14382,Mid-Market,12,10,6317.53,57,48,0.8421,4.46,0.9658,0.8759,6,0,0.0,4,0,47.0,0
ACC-14383,Mid-Market,12,24,3943.82,100,75,0.75,21.65,0.9172,0.3548,2,0,0.0001,6,0,25.0,0
ACC-14384,SMB,24,11,1516.44,28,10,0.3571,15.99,0.8726,0.4603,5,0,0.0001,4,0,77.0,0
ACC-14385,Mid-Market,24,10,7241.86,108,75,0.6944,18.97,0.8472,0.4936,1,1,8.9976,1,0,,0
ACC-14386,SMB,24,19,1382.78,32,19,0.5938,12.35,0.6475,0.6236,5,2,3.5998,2,4,,1
ACC-14387,Enterprise,24,10,33655.34,925,704,0.7611,7.01,1.3144,0.6922,1,0,0.0003,2,0,,0
ACC-14388,Enterprise,12,16,26739.31,610,579,0.9492,22.56,0.7877,0.8849,6,0,0.0,5,0,6.0,0
ACC-14389,Enterprise,12,31,35241.13,214,129,0.6028,17.34,1.0117,0.9229,1,1,8.9976,7,0,,0
ACC-14390,Enterprise,12,6,21831.2,546,214,0.3919,6.28,0.9746,0.2838,4,0,0.0001,7,0,100.0,0
ACC-14391,Mid-Market,24,26,9690.16,97,68,0.701,10.85,0.9524,0.6785,3,0,0.0001,4,0,35.0,0
ACC-14392,Mid-Market,12,18,2283.49,43,36,0.8372,10.78,0.9054,0.3784,3,0,0.0001,2,0,,0
ACC-14393,Enterprise,24,21,25782.55,490,296,0.6041,7.31,1.0401,0.4429,2,0,0.0001,5,0,1.0,0
ACC-14394,SMB,12,17,455.08,18,16,0.8889,11.45,1.0046,0.5855,4,1,2.2499,4,0,-37.0,1
ACC-14395,SMB,12,33,646.67,10,8,0.8,10.69,0.6699,0.4828,5,0,0.0001,1,0,46.0,0
ACC-14396,Mid-Market,36,20,6685.05,86,71,0.8256,18.99,0.9242,0.5309,2,0,0.0001,3,0,72.0,0
ACC-14397,Enterprise,12,13,37324.27,174,162,0.931,2.29,0.8586,0.6106,2,0,0.0001,4,12,28.0,0
ACC-14398,Enterprise,24,18,26321.89,852,659,0.7735,8.44,0.8561,0.6296,9,0,0.0,4,0,49.0,0
ACC-14399,Enterprise,12,13,26213.57,996,979,0.9829,8.98,0.9552,0.8257,2,1,4.4995,5,0,43.0,0
ACC-14400,Enterprise,12,11,23267.58,593,362,0.6105,13.21,0.9325,0.6633,1,0,0.0003,4,0,58.0,0
ACC-14401,Mid-Market,12,29,9720.38,32,25,0.7812,23.29,1.1704,0.5676,6,0,0.0,3,0,7.0,0
ACC-14402,Mid-Market,12,13,5779.52,143,98,0.6853,3.33,0.8156,0.5191,8,0,0.0,4,0,45.0,0
ACC-14403,Mid-Market,24,5,8963.63,83,42,0.506,17.42,1.0598,0.7436,3,1,2.9998,3,0,44.0,0
ACC-14404,SMB,12,21,2163.8,33,23,0.697,21.93,0.8639,0.6108,6,0,0.0,5,0,,0
ACC-14405,SMB,12,13,483.6,33,13,0.3939,16.94,1.0975,0.8803,2,0,0.0001,5,0,17.0,0
ACC-14406,SMB,12,37,488.95,31,25,0.8065,6.53,0.6912,0.6698,4,0,0.0001,1,0,13.0,0
ACC-14407,Enterprise,24,23,38156.44,579,478,0.8256,5.67,1.2974,0.3672,4,0,0.0001,5,4,,0
ACC-14408,Mid-Market,24,36,5090.36,61,48,0.7869,9.45,1.8848,0.9353,5,0,0.0001,1,0,62.0,0
ACC-14409,Mid-Market,12,25,6313.04,142,70,0.493,14.59,0.8136,0.7759,3,0,0.0001,8,0,-7.0,0
ACC-14410,Enterprise,24,30,15259.28,954,630,0.6604,14.76,0.6526,0.7852,3,1,2.9998,3,0,38.0,0
ACC-14411,Enterprise,24,20,35390.95,193,153,0.7927,8.95,0.9652,0.6733,1,0,0.0003,5,0,,0
ACC-14412,SMB,24,26,1117.37,15,8,0.5333,34.34,1.1864,0.7129,4,0,0.0001,3,0,49.0,0
ACC-14413,Mid-Market,12,10,6796.06,30,27,0.9,19.03,1.0151,0.4999,6,0,0.0,5,0,,0
ACC-14414,Mid-Market,24,25,9518.34,90,50,0.5556,6.81,1.3633,0.8231,1,0,0.0003,4,0,66.0,0
ACC-14415,Mid-Market,24,7,5212.22,90,72,0.8,30.55,0.8827,0.6242,3,0,0.0001,6,0,29.0,0
ACC-14416,Mid-Market,24,16,2465.49,124,93,0.75,14.1,0.8794,0.8842,3,0,0.0001,4,0,,0
ACC-14417,Enterprise,24,12,28344.05,875,708,0.8091,32.1,0.876,0.5091,1,0,0.0003,2,0,20.0,0
ACC-14418,Mid-Market,36,19,3313.59,49,44,0.898,16.34,0.9908,0.9131,3,1,2.9998,8,0,21.0,0
ACC-14419,Enterprise,12,13,43671.92,192,188,0.9792,5.47,0.965,0.8397,6,1,1.5,7,0,25.0,0
ACC-14420,Enterprise,36,7,12684.01,253,162,0.6403,8.31,0.8023,0.7745,4,0,0.0001,5,0,53.0,0
ACC-14421,SMB,12,7,523.32,24,19,0.7917,29.19,0.9186,0.8087,3,0,0.0001,3,8,-12.0,0
ACC-14422,Mid-Market,24,8,4378.35,86,68,0.7907,5.49,0.9094,0.8489,4,0,0.0001,4,4,-16.0,0
ACC-14423,SMB,12,19,1719.69,21,16,0.7619,6.59,1.0954,0.2179,3,0,0.0001,1,0,39.0,0
ACC-14424,Mid-Market,12,20,8643.25,56,48,0.8571,12.78,0.7479,0.6729,1,0,0.0003,4,0,66.0,0
ACC-14425,Mid-Market,24,13,3645.02,53,44,0.8302,6.28,0.8691,0.9191,4,0,0.0001,6,0,-13.0,0
ACC-14426,Mid-Market,24,21,3925.0,39,34,0.8718,5.3,0.9076,0.8639,7,1,1.2857,6,0,25.0,0
ACC-14427,Enterprise,12,15,9080.27,821,549,0.6687,21.86,0.996,0.5312,2,3,13.4981,5,0,77.0,0
ACC-14428,Enterprise,12,20,27972.99,729,618,0.8477,13.35,0.9227,0.8922,3,0,0.0001,4,4,,0
ACC-14429,SMB,12,16,1866.03,30,22,0.7333,15.69,0.8272,0.8188,4,0,0.0001,2,0,21.0,0
ACC-14430,SMB,36,26,2029.07,27,16,0.5926,19.35,0.7879,0.8784,3,0,0.0001,6,0,66.0,0
ACC-14431,Mid-Market,24,10,4496.28,45,38,0.8444,12.51,1.1457,0.6751,0,0,1.0,5,0,19.0,0
ACC-14432,Mid-Market,12,5,8987.88,125,96,0.768,12.39,1.057,0.7922,3,0,0.0001,3,0,,0
ACC-14433,SMB,24,15,1242.77,23,15,0.6522,17.53,1.1175,0.5988,4,0,0.0001,5,0,35.0,0
ACC-14434,Enterprise,36,17,19559.62,657,357,0.5434,19.36,1.188,0.7186,4,0,0.0001,4,0,7.0,0
ACC-14435,Mid-Market,12,8,8426.36,44,38,0.8636,4.12,1.043,0.8047,3,0,0.0001,4,0,34.0,0
ACC-14436,Mid-Market,24,9,6601.7,104,46,0.4423,31.73,0.8257,0.3856,5,0,0.0001,5,0,,0
ACC-14437,SMB,12,23,807.06,10,8,0.8,25.04,1.0308,0.8276,4,1,2.2499,4,0,-41.0,0
ACC-14438,SMB,24,23,1867.61,20,16,0.8,11.39,1.197,0.873,2,0,0.0001,7,0,36.0,0
ACC-14439,Mid-Market,12,15,5346.74,40,36,0.9,10.06,0.9526,0.6506,4,0,0.0001,5,0,40.0,0
ACC-14440,SMB,12,6,927.29,28,17,0.6071,4.22,0.8436,0.8354,2,1,4.4995,5,0,,0
ACC-14441,SMB,12,22,1939.36,9,7,0.7778,17.72,1.1225,0.8894,2,0,0.0001,1,0,51.0,0
ACC-14442,Mid-Market,12,17,9095.69,117,115,0.9829,11.92,0.9581,0.3644,2,0,0.0001,4,0,,0
ACC-14443,Mid-Market,24,12,3427.35,94,62,0.6596,10.03,1.2544,0.6734,4,2,4.4997,3,0,58.0,0
ACC-14444,Mid-Market,12,27,3397.7,92,79,0.8587,9.05,1.525,0.8787,2,1,4.4995,7,0,67.0,0
ACC-14445,SMB,12,3,2311.0,26,23,0.8846,11.71,1.082,0.7781,5,2,3.5998,3,0,,1
ACC-14446,Enterprise,24,16,26823.4,136,83,0.6103,12.69,1.4901,0.8834,3,0,0.0001,4,0,,0
ACC-14447,SMB,12,22,1530.82,28,15,0.5357,41.17,0.5923,0.6979,7,0,0.0,6,0,,0
ACC-14448,Mid-Market,12,7,5898.0,36,35,0.9722,8.95,0.7364,0.5468,6,0,0.0,5,0,56.0,0
ACC-14449,SMB,36,7,1152.22,18,10,0.5556,14.54,1.0499,0.8726,3,0,0.0001,3,0,98.0,0
ACC-14450,Mid-Market,24,39,9648.87,142,120,0.8451,12.55,0.9702,0.6088,6,0,0.0,4,0,,0
ACC-14451,Mid-Market,12,23,4416.93,81,61,0.7531,13.73,1.0603,0.5517,2,0,0.0001,3,0,95.0,0
ACC-14452,SMB,12,33,1166.41,11,5,0.4545,27.57,0.7724,0.7217,1,0,0.0003,4,0,17.0,0
ACC-14453,SMB,36,26,1240.64,25,18,0.72,9.01,0.8353,0.7903,3,0,0.0001,6,0,,0
ACC-14454,SMB,12,19,2443.12,8,6,0.75,32.05,1.0994,0.6895,4,1,2.2499,7,0,,0
ACC-14455,Enterprise,12,42,38374.11,539,407,0.7551,11.31,0.9596,0.8284,6,1,1.5,5,4,75.0,0
ACC-14456,SMB,12,18,1603.21,26,15,0.5769,12.26,0.9111,0.6467,4,1,2.2499,1,0,26.0,0
ACC-14457,Enterprise,12,15,29796.2,469,336,0.7164,13.93,0.6425,0.6136,9,0,0.0,2,0,,0
ACC-14458,Mid-Market,24,26,7638.72,134,83,0.6194,7.29,0.84,0.9066,4,1,2.2499,3,8,36.0,0
ACC-14459,Mid-Market,24,28,3605.44,56,33,0.5893,12.13,0.9257,0.7664,1,0,0.0003,2,0,,0
ACC-14460,Mid-Market,36,21,6429.68,107,62,0.5794,9.36,0.8702,0.6082,4,0,0.0001,2,0,19.0,0
ACC-14461,Mid-Market,24,12,7187.08,93,65,0.6989,11.35,0.7396,0.7381,6,1,1.5,3,8,25.0,0
ACC-14462,SMB,12,26,1307.06,10,7,0.7,22.26,1.5331,0.7902,4,0,0.0001,3,0,22.0,0
ACC-14463,Enterprise,12,12,14527.28,669,558,0.8341,20.47,0.7767,0.6783,3,0,0.0001,3,0,32.0,0
ACC-14464,SMB,36,17,976.8,22,17,0.7727,16.78,1.3313,0.4774,5,0,0.0001,5,0,,0
ACC-14465,Mid-Market,12,9,7315.89,147,122,0.8299,12.45,1.332,0.8495,7,0,0.0,10,0,-4.0,0
ACC-14466,Enterprise,12,10,44875.04,994,776,0.7807,9.73,1.463,0.8714,5,0,0.0001,0,0,15.0,0
ACC-14467,Enterprise,36,4,8977.07,395,288,0.7291,12.95,1.0555,0.7303,3,0,0.0001,5,0,,0
ACC-14468,SMB,24,15,1363.84,30,21,0.7,9.82,1.1324,0.5077,2,0,0.0001,2,0,,0
ACC-14469,SMB,12,20,518.05,25,20,0.8,10.44,0.8371,0.783,10,0,0.0,2,8,-6.0,0
ACC-14470,SMB,24,41,2093.17,8,7,0.875,6.52,0.8933,0.3164,3,1,2.9998,5,0,,0
ACC-14471,SMB,36,11,633.7,11,8,0.7273,5.58,0.719,0.6956,6,0,0.0,4,0,35.0,0
ACC-14472,Mid-Market,12,17,5642.47,85,78,0.9176,10.49,1.837,0.5301,1,0,0.0003,4,0,,0
ACC-14473,Mid-Market,24,15,7090.59,54,41,0.7593,11.1,1.0787,0.4858,6,1,1.5,3,0,12.0,0
ACC-14474,SMB,12,20,761.31,28,15,0.5357,6.03,0.9051,0.5918,3,1,2.9998,5,0,,0
ACC-14475,Mid-Market,12,14,6127.93,139,75,0.5396,14.61,1.0182,0.8095,6,0,0.0,2,0,33.0,0
ACC-14476,Mid-Market,36,23,5503.34,148,127,0.8581,9.27,1.4667,0.6122,1,0,0.0003,5,0,-1.0,0
ACC-14477,Mid-Market,36,9,6472.71,73,54,0.7397,9.53,0.9556,0.855,5,0,0.0001,3,0,12.0,0
ACC-14478,Mid-Market,12,16,3007.11,132,82,0.6212,5.64,1.4408,0.7925,3,0,0.0001,4,0,,0
ACC-14479,Mid-Market,12,20,9085.15,132,94,0.7121,13.33,1.2414,0.5693,1,2,17.9949,2,0,,1
ACC-14480,Enterprise,12,29,36825.53,781,515,0.6594,17.38,0.8805,0.6029,7,1,1.2857,0,0,29.0,0
ACC-14481,Mid-Market,24,23,2259.59,84,68,0.8095,8.18,1.3364,0.842,2,0,0.0001,3,0,,0
ACC-14482,Mid-Market,12,16,7625.01,145,118,0.8138,25.27,1.258,0.5419,4,1,2.2499,2,0,68.0,0
ACC-14483,Mid-Market,12,10,9783.08,63,51,0.8095,9.35,0.8004,0.8296,3,1,2.9998,1,0,27.0,0
ACC-14484,Mid-Market,12,43,2084.05,77,59,0.7662,8.23,1.2012,0.688,5,1,1.8,3,0,,0
ACC-14485,SMB,12,11,1328.54,18,10,0.5556,39.26,0.9705,0.5246,3,0,0.0001,2,0,100.0,0
ACC-14486,Enterprise,12,7,20327.31,614,512,0.8339,15.75,1.0042,0.4478,10,0,0.0,3,0,100.0,0
ACC-14487,Mid-Market,24,11,3827.51,116,26,0.2241,14.78,0.8101,0.6262,0,0,1.0,3,0,,0
ACC-14488,SMB,12,6,2415.3,17,10,0.5882,11.28,0.9434,0.4739,6,1,1.5,5,0,10.0,0
ACC-14489,Mid-Market,12,20,6270.46,132,88,0.6667,10.68,0.9448,0.7732,7,0,0.0,2,0,-10.0,0
ACC-14490,Mid-Market,24,16,8686.73,136,106,0.7794,5.23,0.8161,0.4562,4,1,2.2499,1,0,-1.0,0
ACC-14491,SMB,24,14,749.07,22,11,0.5,5.81,1.0317,0.5104,4,1,2.2499,4,0,33.0,0
ACC-14492,Mid-Market,12,15,5746.48,65,50,0.7692,8.72,1.1866,0.7028,3,1,2.9998,5,0,,0
ACC-14493,SMB,12,12,407.66,28,24,0.8571,11.33,0.9032,0.8087,2,1,4.4995,7,0,-28.0,0
ACC-14494,SMB,24,4,2285.37,25,15,0.6,12.59,1.0756,0.8525,4,1,2.2499,7,0,,0
ACC-14495,Mid-Market,12,26,2409.55,106,60,0.566,17.56,0.6932,0.7547,3,0,0.0001,3,0,40.0,0
ACC-14496,Mid-Market,24,12,2564.19,57,46,0.807,14.77,1.0354,0.7534,7,2,2.5714,6,0,33.0,0
ACC-14497,Enterprise,12,7,33596.85,581,462,0.7952,19.8,0.6019,0.8406,5,0,0.0001,5,0,38.0,0
ACC-14498,Mid-Market,12,5,8365.47,107,52,0.486,8.28,0.8212,0.8806,5,2,3.5998,4,0,,1
ACC-14499,Mid-Market,12,32,5232.86,98,66,0.6735,12.25,1.1256,0.7766,6,0,0.0,4,0,54.0,0
ACC-14500,Mid-Market,24,13,5364.92,97,87,0.8969,21.54,0.9029,0.9048,5,1,1.8,3,0,27.0,0
ACC-14501,Mid-Market,36,13,6685.0,104,85,0.8173,14.73,0.6457,0.8746,2,0,0.0001,3,0,,0
ACC-14502,Mid-Market,12,21,5088.79,127,99,0.7795,13.42,0.9595,0.5111,1,0,0.0003,2,0,67.0,0
ACC-14503,Enterprise,12,12,30060.12,186,177,0.9516,20.05,0.8314,0.704,2,0,0.0001,4,0,27.0,0
ACC-14504,Mid-Market,12,6,7285.56,94,81,0.8617,13.57,0.6962,0.3707,3,0,0.0001,2,0,,0
ACC-14505,Mid-Market,12,11,6014.92,88,69,0.7841,41.08,0.8883,0.6415,3,1,2.9998,5,0,57.0,0
ACC-14506,SMB,24,18,1175.57,16,10,0.625,7.06,0.8567,0.8991,1,1,8.9976,5,0,16.0,0
ACC-14507,Enterprise,12,11,34846.49,219,168,0.7671,10.63,0.7597,0.6272,1,0,0.0003,4,0,16.0,0
ACC-14508,Mid-Market,36,9,2712.43,52,43,0.8269,10.0,0.8065,0.8766,1,0,0.0003,3,0,29.0,0
ACC-14509,SMB,24,8,919.13,10,8,0.8,16.86,0.8172,0.525,4,0,0.0001,5,0,76.0,0
ACC-14510,Enterprise,36,20,24677.63,502,416,0.8287,15.18,0.8607,0.6615,5,0,0.0001,5,0,19.0,0
ACC-14511,Mid-Market,24,18,4787.91,32,26,0.8125,16.23,0.805,0.8673,2,0,0.0001,3,0,39.0,0
ACC-14512,Enterprise,12,21,40651.39,321,230,0.7165,20.08,1.5721,0.5764,0,0,1.0,6,0,18.0,0
ACC-14513,Mid-Market,12,14,4427.38,68,53,0.7794,10.92,0.822,0.5229,6,1,1.5,4,0,,0
ACC-14514,Mid-Market,12,12,6941.09,30,23,0.7667,17.96,1.2171,0.8745,3,0,0.0001,6,0,32.0,0
ACC-14515,Mid-Market,12,10,3808.87,74,51,0.6892,36.02,1.1126,0.4875,4,1,2.2499,4,0,16.0,0
ACC-14516,Mid-Market,12,13,7888.17,132,111,0.8409,24.39,0.7772,0.7719,3,0,0.0001,2,0,8.0,0
ACC-14517,SMB,12,5,1284.67,23,18,0.7826,4.31,1.1279,0.6998,1,1,8.9976,3,0,38.0,0
ACC-14518,Enterprise,36,19,32149.99,897,387,0.4314,5.46,1.2688,0.8286,2,0,0.0001,4,0,,0
ACC-14519,Enterprise,12,12,24845.08,574,462,0.8049,10.56,0.7724,0.9364,0,1,30001.0,3,0,,0
ACC-14520,SMB,24,28,1657.63,17,15,0.8824,20.74,1.2683,0.5772,5,2,3.5998,1,0,40.0,1
ACC-14521,Mid-Market,36,15,3248.8,106,91,0.8585,18.11,1.123,0.5509,4,0,0.0001,3,0,97.0,0
ACC-14522,SMB,24,4,813.69,11,8,0.7273,4.97,0.7009,0.5712,4,1,2.2499,4,0,78.0,0
ACC-14523,Mid-Market,12,17,4324.25,126,70,0.5556,23.37,1.1653,0.4945,3,0,0.0001,8,0,,0
ACC-14524,SMB,12,44,1012.51,17,15,0.8824,26.55,0.7653,0.4824,4,0,0.0001,7,0,5.0,0
ACC-14525,Mid-Market,12,20,5618.57,145,82,0.5655,12.29,1.0703,0.6409,3,1,2.9998,4,0,4.0,0
ACC-14526,SMB,12,24,1038.31,31,23,0.7419,8.42,1.3874,0.768,2,1,4.4995,2,0,51.0,0
ACC-14527,SMB,12,30,1120.92,7,5,0.7143,10.47,1.152,0.5892,3,0,0.0001,5,0,,0
ACC-14528,Mid-Market,24,9,9873.15,79,48,0.6076,17.3,1.2346,0.6688,5,0,0.0001,5,0,,0
ACC-14529,Enterprise,12,14,28626.43,722,432,0.5983,12.65,1.0214,0.4056,4,0,0.0001,2,0,,0
ACC-14530,Mid-Market,12,10,3709.78,66,51,0.7727,13.86,0.8125,0.6923,1,0,0.0003,4,0,,0
ACC-14531,Enterprise,36,23,30793.65,800,592,0.74,8.0,0.8655,0.8616,2,1,4.4995,2,0,,0
ACC-14532,Mid-Market,12,10,8919.04,130,96,0.7385,7.14,0.8538,0.8363,6,0,0.0,2,0,-11.0,0
ACC-14533,Mid-Market,12,14,2623.49,134,106,0.791,21.13,0.6284,0.7371,4,0,0.0001,5,0,83.0,0
ACC-14534,Mid-Market,24,24,6625.65,48,32,0.6667,12.28,0.9128,0.6384,3,1,2.9998,6,0,64.0,0
ACC-14535,Mid-Market,12,23,3722.62,43,31,0.7209,9.48,0.6909,0.6793,3,0,0.0001,3,0,-9.0,0
ACC-14536,Mid-Market,24,17,7929.48,145,97,0.669,15.51,0.8144,0.6811,2,0,0.0001,3,0,50.0,0
ACC-14537,Mid-Market,12,30,3900.17,79,67,0.8481,22.5,0.9173,0.8981,5,1,1.8,4,0,65.0,0
ACC-14538,Enterprise,24,24,28706.62,260,202,0.7769,12.36,1.0713,0.6257,4,0,0.0001,4,0,23.0,0
ACC-14539,Enterprise,12,11,36086.19,511,364,0.7123,16.37,0.568,0.712,3,0,0.0001,3,0,52.0,0
ACC-14540,Enterprise,12,7,33279.28,522,234,0.4483,6.44,0.788,0.857,3,0,0.0001,4,0,-5.0,0
ACC-14541,Mid-Market,24,9,7991.96,53,33,0.6226,24.71,1.3381,0.2573,3,0,0.0001,5,0,,0
ACC-14542,Mid-Market,12,25,8820.79,107,72,0.6729,4.21,1.1871,0.8753,3,0,0.0001,2,0,66.0,0
ACC-14543,Mid-Market,12,20,8777.89,99,69,0.697,6.78,1.0789,0.6197,8,0,0.0,4,0,,0
ACC-14544,Mid-Market,12,30,2522.32,127,108,0.8504,17.89,0.8527,0.4032,3,1,2.9998,11,0,3.0,0
ACC-14545,SMB,12,21,1946.95,21,14,0.6667,23.06,0.6417,0.7043,3,0,0.0001,1,0,14.0,0
ACC-14546,Enterprise,12,24,12983.44,405,360,0.8889,5.05,0.9173,0.5177,0,0,1.0,5,0,,0
ACC-14547,Mid-Market,24,19,2858.12,49,39,0.7959,21.23,1.8585,0.8165,3,1,2.9998,8,0,75.0,0
ACC-14548,SMB,24,11,639.43,30,23,0.7667,6.09,0.8938,0.7322,4,1,2.2499,4,0,,0
ACC-14549,SMB,24,10,1101.8,24,21,0.875,15.37,1.4015,0.8142,8,2,2.25,3,0,23.0,1
ACC-14550,SMB,12,9,1692.26,16,14,0.875,10.62,1.0264,0.8736,4,0,0.0001,5,0,-4.0,0
ACC-14551,Enterprise,12,11,33087.42,199,142,0.7136,7.56,0.6469,0.5526,5,0,0.0001,4,0,-5.0,0
ACC-14552,Enterprise,24,31,31227.13,560,304,0.5429,7.22,0.853,0.6396,7,0,0.0,5,0,32.0,0
ACC-14553,SMB,24,22,1940.16,25,21,0.84,9.31,1.1407,0.5581,0,0,1.0,2,0,,0
ACC-14554,Mid-Market,12,14,8391.52,63,26,0.4127,19.74,0.9633,0.5471,1,0,0.0003,9,0,48.0,0
ACC-14555,Mid-Market,12,20,4262.23,56,50,0.8929,7.63,0.8197,0.62,5,0,0.0001,6,0,,0
ACC-14556,SMB,12,20,1148.22,10,9,0.9,16.47,0.8648,0.9021,3,0,0.0001,4,0,97.0,0
ACC-14557,SMB,12,32,760.94,28,20,0.7143,20.1,0.957,0.7195,7,0,0.0,5,0,,0
ACC-14558,SMB,24,13,1803.54,12,7,0.5833,28.63,0.6916,0.1528,5,0,0.0001,4,0,,0
ACC-14559,SMB,12,18,1146.52,29,22,0.7586,18.71,1.2315,0.6947,2,0,0.0001,1,0,,0
ACC-14560,SMB,24,24,2280.97,30,27,0.9,11.64,0.877,0.5697,4,0,0.0001,3,0,,0
ACC-14561,Mid-Market,12,11,2917.44,107,68,0.6355,20.58,1.0294,0.6407,6,0,0.0,2,0,24.0,0
ACC-14562,SMB,12,33,1452.73,21,18,0.8571,9.65,1.1415,0.7723,3,0,0.0001,4,0,28.0,0
ACC-14563,Enterprise,24,23,18145.63,522,338,0.6475,11.37,1.0741,0.5476,1,0,0.0003,4,0,61.0,0
ACC-14564,Mid-Market,12,9,7289.83,58,48,0.8276,20.2,1.5356,0.3887,1,0,0.0003,2,0,29.0,0
ACC-14565,SMB,12,40,1819.15,15,14,0.9333,6.39,0.885,0.8632,2,0,0.0001,1,0,42.0,0
ACC-14566,Mid-Market,36,30,2271.88,39,29,0.7436,16.78,0.8316,0.621,3,0,0.0001,6,0,,0
ACC-14567,Mid-Market,24,22,9132.2,72,43,0.5972,8.39,0.8551,0.8054,2,0,0.0001,3,0,,0
ACC-14568,Enterprise,24,5,24582.97,389,323,0.8303,8.47,1.0559,0.4286,4,0,0.0001,5,0,,0
ACC-14569,SMB,12,12,1303.64,21,15,0.7143,10.54,0.9487,0.6699,4,1,2.2499,2,0,27.0,0
ACC-14570,Mid-Market,12,17,2220.45,48,43,0.8958,11.96,1.0408,0.8758,4,1,2.2499,5,0,,0
ACC-14571,SMB,36,18,2275.01,28,17,0.6071,22.41,0.9717,0.6388,4,2,4.4997,2,0,53.0,1
ACC-14572,Mid-Market,12,17,6453.59,117,94,0.8034,18.02,1.0227,0.3971,5,2,3.5998,5,0,-6.0,1
ACC-14573,SMB,24,7,1436.13,5,3,0.6,13.47,0.8494,0.5488,2,1,4.4995,4,0,51.0,0
ACC-14574,SMB,12,14,1891.79,17,7,0.4118,22.74,0.9986,0.8039,5,0,0.0001,6,0,78.0,0
ACC-14575,Mid-Market,12,15,9499.34,133,108,0.812,5.07,0.9581,0.9268,1,0,0.0003,4,0,12.0,0
ACC-14576,Mid-Market,36,4,7528.94,52,40,0.7692,17.94,0.9531,0.7723,6,1,1.5,2,0,,0
ACC-14577,Mid-Market,12,22,6174.29,107,58,0.5421,9.77,0.8368,0.7835,1,0,0.0003,4,0,38.0,0
ACC-14578,SMB,12,35,1680.61,27,20,0.7407,12.34,0.9237,0.4805,2,0,0.0001,4,0,,0
ACC-14579,Mid-Market,12,15,5817.24,60,44,0.7333,10.64,0.9877,0.7398,4,1,2.2499,2,0,,0
ACC-14580,SMB,12,22,2113.32,5,3,0.6,9.39,1.3188,0.7025,5,0,0.0001,4,0,,0
ACC-14581,Mid-Market,12,9,4661.73,123,77,0.626,13.15,0.7937,0.7223,3,0,0.0001,6,0,35.0,0
ACC-14582,SMB,12,19,1162.52,11,9,0.8182,21.14,0.8459,0.7501,4,1,2.2499,6,0,,0
ACC-14583,SMB,12,20,581.34,22,18,0.8182,15.48,1.5882,0.7035,4,0,0.0001,6,0,61.0,0
ACC-14584,SMB,24,28,1388.77,13,6,0.4615,20.36,0.9962,0.2905,4,1,2.2499,4,0,,1
ACC-14585,SMB,12,31,2457.73,33,19,0.5758,8.44,0.8495,0.3401,5,0,0.0001,1,0,65.0,0
ACC-14586,Mid-Market,36,22,6918.73,60,46,0.7667,17.86,1.2163,0.6309,5,0,0.0001,5,4,35.0,0
ACC-14587,Enterprise,12,11,9451.34,737,657,0.8915,14.77,0.9675,0.7054,1,0,0.0003,5,0,,0
ACC-14588,SMB,24,11,573.1,23,18,0.7826,18.09,0.7915,0.7979,3,0,0.0001,5,0,3.0,0
ACC-14589,SMB,12,31,1407.45,10,8,0.8,6.68,1.2815,0.7957,5,0,0.0001,5,0,56.0,0
ACC-14590,Mid-Market,24,6,3455.31,63,52,0.8254,12.8,1.07,0.7886,8,0,0.0,2,0,28.0,0
ACC-14591,Mid-Market,36,8,4330.97,105,95,0.9048,12.13,1.1876,0.7494,2,0,0.0001,1,0,-6.0,0
ACC-14592,Mid-Market,24,12,3293.82,87,56,0.6437,7.36,1.1076,0.8389,3,0,0.0001,6,0,29.0,0
ACC-14593,Mid-Market,24,21,4662.91,128,75,0.5859,12.59,0.9161,0.6442,3,0,0.0001,1,0,59.0,0
ACC-14594,Mid-Market,12,35,8385.09,77,65,0.8442,10.68,1.3475,0.7832,3,0,0.0001,1,0,,0
ACC-14595,Mid-Market,24,36,9733.24,133,87,0.6541,5.51,1.2951,0.7142,6,0,0.0,5,4,54.0,0
ACC-14596,SMB,36,3,634.99,26,20,0.7692,17.14,1.0218,0.6672,3,1,2.9998,3,0,,0
ACC-14597,Mid-Market,36,19,5517.91,100,91,0.91,24.44,1.183,0.4393,1,0,0.0003,6,0,38.0,0
ACC-14598,Mid-Market,12,16,8891.92,30,28,0.9333,6.52,0.7577,0.6445,7,1,1.2857,4,0,47.0,0
ACC-14599,Mid-Market,36,10,2055.85,69,44,0.6377,10.41,0.8344,0.861,5,0,0.0001,7,0,16.0,0
ACC-14600,Enterprise,12,3,39993.08,481,307,0.6383,3.93,0.7712,0.5377,8,2,2.25,3,0,38.0,1
ACC-14601,SMB,12,16,885.04,11,4,0.3636,14.15,1.5147,0.8262,3,0,0.0001,2,0,77.0,0
ACC-14602,SMB,12,8,2149.63,34,30,0.8824,15.38,0.9043,0.683,3,0,0.0001,8,0,,0
ACC-14603,Mid-Market,12,21,8825.7,141,113,0.8014,3.56,1.1198,0.4386,2,0,0.0001,4,4,,0
ACC-14604,SMB,24,17,1762.05,29,26,0.8966,27.87,0.5803,0.8712,3,0,0.0001,6,0,47.0,0
ACC-14605,SMB,24,5,818.1,24,19,0.7917,4.65,0.9208,0.6485,4,0,0.0001,5,0,,0
ACC-14606,SMB,24,14,538.49,18,13,0.7222,27.99,0.7692,0.854,5,0,0.0001,6,0,34.0,0
ACC-14607,Enterprise,24,6,26622.35,300,212,0.7067,23.44,0.8274,0.8846,5,0,0.0001,4,0,22.0,0
ACC-14608,SMB,12,18,758.32,7,6,0.8571,9.82,0.8223,0.2421,4,0,0.0001,5,0,30.0,0
ACC-14609,Mid-Market,24,23,5627.57,126,109,0.8651,10.04,0.7051,0.3769,3,0,0.0001,2,0,16.0,0
ACC-14610,Mid-Market,12,13,5760.85,129,71,0.5504,8.35,0.7387,0.4156,5,0,0.0001,3,0,,0
ACC-14611,Enterprise,24,30,13697.71,640,565,0.8828,11.7,1.1823,0.5435,2,0,0.0001,1,0,,0
ACC-14612,Mid-Market,24,19,6230.68,138,100,0.7246,6.75,0.6424,0.7465,2,0,0.0001,4,0,43.0,0
ACC-14613,Enterprise,24,16,34316.82,194,169,0.8711,9.09,0.6351,0.825,3,0,0.0001,6,0,37.0,0
ACC-14614,Mid-Market,12,16,9220.49,83,66,0.7952,20.48,0.7732,0.7862,2,0,0.0001,3,0,-15.0,0
ACC-14615,Mid-Market,24,14,6070.97,96,74,0.7708,32.23,0.86,0.8379,1,1,8.9976,2,0,,0
ACC-14616,SMB,12,14,1471.94,8,4,0.5,24.86,0.7729,0.6076,5,0,0.0001,3,0,25.0,0
ACC-14617,SMB,12,8,1023.62,25,23,0.92,17.86,1.8012,0.6265,3,1,2.9998,2,0,,0
ACC-14618,Mid-Market,24,34,8240.08,91,83,0.9121,17.43,0.9762,0.6618,4,0,0.0001,4,0,49.0,0
ACC-14619,SMB,12,14,737.94,23,17,0.7391,5.84,0.7375,0.4906,1,0,0.0003,2,0,,0
ACC-14620,SMB,24,36,430.2,34,27,0.7941,16.12,1.0032,0.4153,1,1,8.9976,4,0,,0
ACC-14621,SMB,12,23,1402.48,7,6,0.8571,25.0,0.9112,0.6409,1,0,0.0003,5,4,34.0,0
ACC-14622,Enterprise,12,15,19634.88,274,188,0.6861,14.73,1.4312,0.6916,2,1,4.4995,3,0,44.0,0
ACC-14623,SMB,24,17,1719.59,27,17,0.6296,22.32,0.7771,0.4938,3,1,2.9998,1,0,,0
ACC-14624,SMB,12,23,1134.13,5,3,0.6,9.54,1.2702,0.8276,3,0,0.0001,3,0,24.0,0
ACC-14625,SMB,12,27,693.75,26,24,0.9231,16.94,0.9036,0.6544,1,0,0.0003,4,0,,0
ACC-14626,Mid-Market,12,16,6384.09,123,93,0.7561,9.12,0.7971,0.7611,2,1,4.4995,6,0,,0
ACC-14627,Mid-Market,12,25,2685.41,87,73,0.8391,11.72,0.7947,0.8419,2,0,0.0001,4,0,,0
ACC-14628,Mid-Market,24,23,7705.54,149,123,0.8255,13.97,1.0879,0.5284,6,2,2.9999,2,0,57.0,1
ACC-14629,Mid-Market,12,23,7252.8,105,83,0.7905,33.78,1.3832,0.69,7,0,0.0,1,0,-30.0,0
ACC-14630,Enterprise,24,25,15816.19,754,727,0.9642,25.61,0.6434,0.798,3,0,0.0001,5,0,,0
ACC-14631,Mid-Market,24,12,3367.74,127,101,0.7953,16.96,0.9185,0.4288,3,0,0.0001,6,0,-3.0,0
ACC-14632,SMB,12,32,1630.31,24,17,0.7083,8.45,1.0534,0.6143,5,0,0.0001,2,0,,0
ACC-14633,SMB,24,20,2002.25,19,17,0.8947,11.31,0.9828,0.852,3,0,0.0001,6,0,23.0,0
ACC-14634,Enterprise,24,27,29935.56,907,729,0.8037,5.82,0.894,0.582,3,1,2.9998,7,0,,0
ACC-14635,SMB,12,16,1211.56,27,25,0.9259,11.59,1.6302,0.6679,1,2,17.9949,1,0,77.0,1
ACC-14636,Mid-Market,12,18,7030.77,64,31,0.4844,22.81,0.905,0.6517,5,0,0.0001,6,0,,0
ACC-14637,SMB,12,11,874.86,17,15,0.8824,27.53,0.9625,0.6967,5,1,1.8,5,0,40.0,0
ACC-14638,SMB,24,9,949.13,29,28,0.9655,19.53,0.7539,0.893,7,0,0.0,3,0,,0
ACC-14639,SMB,24,15,429.66,9,7,0.7778,10.82,1.059,0.7382,2,0,0.0001,6,0,26.0,0
ACC-14640,SMB,12,24,1563.07,12,9,0.75,14.28,0.9611,0.6817,2,0,0.0001,5,0,,0
ACC-14641,Mid-Market,24,12,6099.38,76,55,0.7237,7.31,1.0425,0.3502,1,1,8.9976,2,0,,0
ACC-14642,SMB,24,6,2262.78,29,25,0.8621,18.12,0.7948,0.8398,2,0,0.0001,3,0,60.0,0
ACC-14643,Enterprise,24,29,16256.62,356,297,0.8343,17.35,0.9845,0.9111,0,1,30001.0,3,0,24.0,0
ACC-14644,SMB,24,8,2392.13,30,23,0.7667,9.84,1.0375,0.8871,4,1,2.2499,7,0,36.0,0
ACC-14645,SMB,12,19,2230.87,19,9,0.4737,14.75,1.6194,0.7958,6,0,0.0,8,0,30.0,0
ACC-14646,SMB,24,39,888.14,7,4,0.5714,9.55,0.7304,0.6901,2,0,0.0001,7,0,-2.0,0
ACC-14647,Mid-Market,24,60,6203.92,49,41,0.8367,14.01,0.7936,0.613,4,0,0.0001,4,0,18.0,0
ACC-14648,SMB,24,15,1954.14,18,16,0.8889,9.72,0.6581,0.6956,2,0,0.0001,3,0,41.0,0
ACC-14649,Enterprise,12,29,32271.38,909,484,0.5325,14.04,0.8352,0.6749,1,0,0.0003,6,0,,0
ACC-14650,Enterprise,12,19,13054.21,283,259,0.9152,23.54,0.8136,0.5497,2,1,4.4995,1,4,6.0,1
ACC-14651,SMB,12,9,2420.58,13,11,0.8462,12.44,1.7891,0.7973,2,1,4.4995,6,0,,0
ACC-14652,Mid-Market,12,14,2878.44,80,73,0.9125,20.08,0.9846,0.9436,8,2,2.25,4,8,47.0,1
ACC-14653,SMB,24,12,642.3,18,12,0.6667,21.76,0.9209,0.5537,5,0,0.0001,2,0,39.0,0
ACC-14654,Mid-Market,12,29,9580.12,126,63,0.5,14.0,0.7559,0.635,2,0,0.0001,5,0,10.0,0
ACC-14655,Enterprise,24,38,17068.39,477,320,0.6709,8.35,1.3563,0.6268,3,1,2.9998,3,0,,0
ACC-14656,SMB,24,13,1202.59,29,23,0.7931,18.55,0.7855,0.2718,2,0,0.0001,3,0,,0
ACC-14657,Mid-Market,24,6,5118.89,57,51,0.8947,31.48,0.7932,0.5042,2,0,0.0001,4,0,80.0,0
ACC-14658,Enterprise,12,18,31036.35,108,86,0.7963,7.81,1.0122,0.8011,2,1,4.4995,4,0,1.0,0
ACC-14659,SMB,36,10,932.99,30,21,0.7,11.43,0.8527,0.6966,1,0,0.0003,6,0,-4.0,0
ACC-14660,Mid-Market,24,8,2507.36,121,105,0.8678,6.73,1.0015,0.6074,5,3,5.3997,5,0,63.0,0
ACC-14661,Mid-Market,24,11,5595.66,100,66,0.66,9.27,0.8783,0.516,2,1,4.4995,5,0,,0
ACC-14662,Mid-Market,12,10,8143.71,115,90,0.7826,8.08,0.9442,0.7909,6,0,0.0,5,8,9.0,0
ACC-14663,SMB,12,20,1673.96,33,28,0.8485,17.45,0.8214,0.5931,3,0,0.0001,5,0,,0
ACC-14664,SMB,12,23,983.68,23,21,0.913,23.94,1.2326,0.2437,7,0,0.0,6,0,6.0,0
ACC-14665,SMB,12,19,465.94,9,6,0.6667,27.58,0.9308,0.749,5,0,0.0001,3,0,-14.0,0
ACC-14666,Enterprise,12,10,18920.16,584,433,0.7414,11.18,0.901,0.5837,2,1,4.4995,2,0,32.0,0
ACC-14667,SMB,24,10,1531.38,11,7,0.6364,31.78,1.0002,0.5337,5,0,0.0001,5,0,15.0,0
ACC-14668,SMB,24,16,446.13,21,14,0.6667,10.78,1.1267,0.5922,3,0,0.0001,4,0,33.0,0
ACC-14669,SMB,12,14,1314.03,9,8,0.8889,7.41,0.8718,0.5168,4,0,0.0001,6,0,5.0,0
ACC-14670,Mid-Market,12,17,7568.13,38,30,0.7895,10.99,1.0428,0.6244,4,1,2.2499,6,0,47.0,0
ACC-14671,SMB,24,20,1009.87,16,9,0.5625,11.59,0.8945,0.2398,6,1,1.5,3,0,-7.0,0
ACC-14672,SMB,12,16,1005.11,26,24,0.9231,26.09,0.8874,0.9166,2,0,0.0001,5,0,,0
ACC-14673,Enterprise,24,22,24009.04,604,416,0.6887,7.98,0.9426,0.858,5,0,0.0001,6,0,-12.0,0
ACC-14674,Mid-Market,12,18,4665.52,140,133,0.95,17.59,1.2142,0.8844,2,0,0.0001,2,0,22.0,0
ACC-14675,SMB,12,23,927.14,26,21,0.8077,5.56,0.9383,0.4441,3,0,0.0001,3,0,51.0,0
ACC-14676,Enterprise,12,8,17469.05,655,609,0.9298,10.14,1.7152,0.6525,8,0,0.0,7,0,28.0,0
ACC-14677,SMB,24,5,2406.19,14,10,0.7143,21.12,0.9989,0.5289,3,1,2.9998,3,0,,0
ACC-14678,SMB,12,9,2285.9,16,6,0.375,9.87,0.679,0.6969,2,0,0.0001,4,4,11.0,0
ACC-14679,Mid-Market,24,27,3716.86,144,125,0.8681,5.18,0.9265,0.8018,5,0,0.0001,5,20,10.0,0
ACC-14680,Mid-Market,12,18,2487.13,80,70,0.875,10.63,1.296,0.6246,4,0,0.0001,6,0,-18.0,0
ACC-14681,Mid-Market,12,12,3536.84,101,82,0.8119,25.4,0.9543,0.8609,2,1,4.4995,2,0,,0
ACC-14682,SMB,24,11,1969.1,27,23,0.8519,11.33,1.1695,0.6732,7,0,0.0,4,0,-0.0,0
ACC-14683,Mid-Market,12,23,3425.1,86,51,0.593,19.35,0.7994,0.8326,3,0,0.0001,3,0,-2.0,0
ACC-14684,SMB,24,19,1633.9,16,8,0.5,12.57,0.853,0.7055,1,1,8.9976,3,0,46.0,0
ACC-14685,Mid-Market,12,7,3766.45,111,101,0.9099,21.18,0.9162,0.8651,3,0,0.0001,0,0,,0
ACC-14686,Enterprise,12,7,19128.25,630,384,0.6095,23.15,1.1649,0.7737,3,0,0.0001,2,0,13.0,0
ACC-14687,Enterprise,24,22,10435.83,152,124,0.8158,17.62,0.7511,0.526,6,1,1.5,4,4,-6.0,0
ACC-14688,Mid-Market,36,11,2563.16,56,38,0.6786,25.03,0.6874,0.7991,2,0,0.0001,4,0,83.0,0
ACC-14689,SMB,12,6,917.75,10,7,0.7,13.0,1.6826,0.8951,2,0,0.0001,2,0,39.0,0
ACC-14690,Mid-Market,24,6,9416.2,48,41,0.8542,8.64,1.242,0.4041,3,1,2.9998,2,0,,0
ACC-14691,Mid-Market,12,20,9899.87,44,37,0.8409,31.34,1.7307,0.7712,5,0,0.0001,3,0,,0
ACC-14692,Mid-Market,24,12,3827.84,98,68,0.6939,9.68,1.2411,0.5631,6,1,1.5,3,0,,0
ACC-14693,Mid-Market,24,24,9811.9,70,45,0.6429,26.33,1.1885,0.5893,3,0,0.0001,2,4,,0
ACC-14694,Mid-Market,12,17,8850.62,118,97,0.822,14.61,1.2845,0.5303,3,0,0.0001,6,0,27.0,0
ACC-14695,SMB,12,13,1642.2,28,27,0.9643,36.53,1.3095,0.9372,4,0,0.0001,4,0,,0
ACC-14696,Mid-Market,12,16,9026.08,108,84,0.7778,21.06,0.9982,0.966,3,0,0.0001,3,0,-8.0,0
ACC-14697,Mid-Market,12,41,6949.19,65,40,0.6154,3.41,0.93,0.696,2,0,0.0001,2,0,-1.0,0
ACC-14698,Enterprise,12,9,41664.51,881,528,0.5993,8.69,1.2543,0.5404,4,0,0.0001,4,0,45.0,0
ACC-14699,SMB,24,30,1234.03,12,9,0.75,6.64,1.0069,0.5078,1,0,0.0003,3,0,41.0,0
ACC-14700,Mid-Market,36,22,8737.03,109,94,0.8624,22.66,0.6971,0.759,4,0,0.0001,2,0,0.0,0
ACC-14701,Enterprise,12,12,34742.13,296,236,0.7973,15.69,0.7197,0.4796,1,1,8.9976,5,0,67.0,1
ACC-14702,SMB,12,22,1741.41,25,18,0.72,1.6,0.9536,0.6433,5,1,1.8,4,0,71.0,0
ACC-14703,Mid-Market,24,18,3222.84,81,71,0.8765,18.39,1.0182,0.4253,5,1,1.8,2,0,10.0,0
ACC-14704,Mid-Market,36,15,8472.82,71,60,0.8451,21.34,0.8403,0.5547,5,0,0.0001,4,0,65.0,0
ACC-14705,Mid-Market,12,13,2556.54,37,34,0.9189,3.09,0.9407,0.8805,1,1,8.9976,6,0,,0
ACC-14706,SMB,12,27,1190.58,21,11,0.5238,10.47,1.3293,0.5141,1,0,0.0003,2,0,63.0,0
ACC-14707,Enterprise,12,17,39336.23,522,337,0.6456,19.95,1.7311,0.7189,5,1,1.8,5,0,,0
ACC-14708,SMB,12,10,496.07,9,8,0.8889,4.53,0.8347,0.5725,1,0,0.0003,5,0,98.0,0
ACC-14709,Mid-Market,12,16,6430.18,92,70,0.7609,7.21,0.9321,0.8476,1,0,0.0003,2,0,1.0,0
ACC-14710,Mid-Market,12,6,5686.12,64,61,0.9531,10.22,0.7541,0.6536,5,1,1.8,2,0,25.0,0
ACC-14711,Mid-Market,12,11,6412.38,114,105,0.9211,8.38,0.8779,0.4152,2,0,0.0001,3,0,21.0,0
ACC-14712,Mid-Market,24,22,6533.59,56,45,0.8036,9.23,1.1575,0.5659,2,0,0.0001,5,0,27.0,0
ACC-14713,SMB,12,9,2405.56,29,28,0.9655,17.13,0.592,0.6811,1,0,0.0003,3,0,,0
ACC-14714,Mid-Market,12,49,2563.24,88,48,0.5455,17.01,0.75,0.4949,2,1,4.4995,6,0,60.0,0
ACC-14715,Mid-Market,12,4,8012.02,36,27,0.75,10.88,0.8503,0.5386,4,1,2.2499,4,0,62.0,0
ACC-14716,Mid-Market,36,13,9636.18,137,62,0.4526,2.96,0.9139,0.7813,6,1,1.5,5,0,45.0,0
ACC-14717,SMB,24,23,1784.57,14,10,0.7143,5.66,1.0104,0.3491,4,1,2.2499,0,4,,0
ACC-14718,Mid-Market,12,7,5856.99,121,105,0.8678,12.27,1.0856,0.7228,2,1,4.4995,2,0,51.0,0
ACC-14719,SMB,12,23,2354.37,8,5,0.625,2.69,1.1011,0.3186,1,1,8.9976,3,0,31.0,0
ACC-14720,Mid-Market,24,23,3907.43,39,32,0.8205,12.82,1.6274,0.5577,2,0,0.0001,4,0,20.0,0
ACC-14721,Enterprise,12,14,16298.61,382,269,0.7042,10.39,1.0249,0.9206,5,0,0.0001,3,0,55.0,0
ACC-14722,Mid-Market,12,10,5444.15,120,90,0.75,12.85,0.9913,0.2311,5,0,0.0001,3,0,-16.0,1
ACC-14723,Mid-Market,12,17,3709.47,146,142,0.9726,5.71,0.8518,0.7174,1,1,8.9976,9,4,22.0,0
ACC-14724,Mid-Market,36,22,3536.26,88,69,0.7841,19.44,1.0206,0.5383,5,0,0.0001,5,0,,0
ACC-14725,Enterprise,24,10,10664.41,389,302,0.7763,14.37,1.0729,0.5827,5,0,0.0001,3,0,12.0,0
ACC-14726,SMB,24,15,1426.14,33,28,0.8485,9.55,1.0725,0.8033,8,2,2.25,1,0,-1.0,1
ACC-14727,SMB,12,7,878.68,31,23,0.7419,21.84,1.349,0.8074,3,1,2.9998,3,0,-13.0,0
ACC-14728,SMB,36,25,1407.45,9,8,0.8889,16.37,0.8919,0.4701,1,0,0.0003,5,0,59.0,0
ACC-14729,Enterprise,36,37,16524.41,899,651,0.7241,22.0,0.8385,0.6569,5,0,0.0001,6,0,,0
ACC-14730,Enterprise,36,13,41372.0,824,548,0.665,21.95,0.8987,0.9242,3,0,0.0001,3,0,,0
ACC-14731,Enterprise,12,11,20589.78,800,573,0.7163,14.49,0.8144,0.6807,5,1,1.8,2,0,,0
ACC-14732,SMB,12,28,1680.07,17,13,0.7647,20.26,0.8278,0.241,4,0,0.0001,5,0,100.0,0
ACC-14733,SMB,24,28,1395.7,25,24,0.96,15.34,0.845,0.8146,4,0,0.0001,3,0,,0
ACC-14734,Mid-Market,12,24,6092.49,40,32,0.8,17.19,0.8669,0.8297,2,0,0.0001,1,0,49.0,0
ACC-14735,Enterprise,12,8,33238.51,415,343,0.8265,15.4,1.2334,0.8003,4,0,0.0001,6,0,23.0,0
ACC-14736,Mid-Market,12,3,6004.56,121,94,0.7769,19.64,0.7526,0.6046,2,0,0.0001,5,0,63.0,0
ACC-14737,Mid-Market,24,15,4785.68,103,89,0.8641,19.01,0.9305,0.5405,5,0,0.0001,4,0,-6.0,0
ACC-14738,Mid-Market,24,21,3768.42,41,29,0.7073,5.01,0.6964,0.6698,4,0,0.0001,3,4,,0
ACC-14739,Mid-Market,12,13,2809.56,131,76,0.5802,8.85,0.7482,0.6999,4,1,2.2499,5,4,72.0,0
ACC-14740,SMB,24,27,1451.98,12,10,0.8333,14.41,1.5563,0.6822,3,1,2.9998,1,0,-7.0,0
ACC-14741,Enterprise,24,11,35408.9,291,196,0.6735,12.61,0.847,0.4686,1,0,0.0003,5,20,-21.0,0
ACC-14742,Enterprise,24,6,14462.68,851,635,0.7462,9.26,0.8793,0.5681,4,2,4.4997,2,0,,0
ACC-14743,SMB,12,13,811.52,24,21,0.875,6.38,0.9427,0.6905,4,1,2.2499,9,0,,0
ACC-14744,Mid-Market,12,20,2150.1,92,82,0.8913,12.68,0.7771,0.1011,3,1,2.9998,5,0,54.0,0
ACC-14745,Enterprise,12,9,23347.3,815,707,0.8675,20.69,0.8808,0.644,1,0,0.0003,3,56,,0
ACC-14746,Enterprise,12,18,43571.94,770,576,0.7481,15.9,2.7171,0.5658,5,0,0.0001,5,0,-1.0,0
ACC-14747,Enterprise,24,15,15506.64,329,168,0.5106,11.89,0.827,0.7559,3,0,0.0001,6,0,-3.0,0
ACC-14748,Mid-Market,12,37,4867.06,127,91,0.7165,16.82,0.9651,0.6329,6,0,0.0,5,0,26.0,0
ACC-14749,SMB,36,26,875.24,28,20,0.7143,19.96,0.7436,0.8627,6,0,0.0,3,0,95.0,0
ACC-14750,Mid-Market,12,51,8771.56,51,34,0.6667,14.72,1.0861,0.821,3,0,0.0001,5,4,,0
ACC-14751,Mid-Market,12,8,6078.2,123,79,0.6423,9.4,0.9167,0.4572,1,0,0.0003,3,0,100.0,0
ACC-14752,SMB,12,30,2247.91,20,19,0.95,11.19,0.7055,0.9254,2,0,0.0001,4,4,,0
ACC-14753,Mid-Market,12,4,2105.48,135,108,0.8,16.82,0.816,0.412,5,0,0.0001,4,0,32.0,0
ACC-14754,SMB,12,27,1621.19,20,13,0.65,12.5,0.7179,0.8555,1,0,0.0003,2,0,,0
ACC-14755,SMB,24,5,1506.44,18,15,0.8333,12.21,1.0769,0.7088,1,0,0.0003,3,0,,0
ACC-14756,Enterprise,12,23,29841.61,460,343,0.7457,22.37,1.0673,0.8704,4,0,0.0001,1,0,17.0,0
ACC-14757,SMB,24,19,2258.42,16,12,0.75,10.5,0.7765,0.575,7,0,0.0,3,0,88.0,0
ACC-14758,Mid-Market,24,20,8120.41,133,59,0.4436,5.33,1.3638,0.6294,3,0,0.0001,3,0,67.0,0
ACC-14759,SMB,12,4,1509.58,31,27,0.871,14.95,0.8642,0.8973,0,2,60001.0,5,0,,1
ACC-14760,Mid-Market,24,22,3785.08,122,108,0.8852,16.19,1.0256,0.2649,5,0,0.0001,2,0,62.0,0
ACC-14761,SMB,24,6,493.25,12,7,0.5833,5.72,0.9278,0.4639,2,0,0.0001,6,0,-8.0,0
ACC-14762,SMB,12,37,2457.55,17,12,0.7059,17.74,0.8763,0.6181,2,0,0.0001,6,0,10.0,0
ACC-14763,Mid-Market,12,11,7803.66,108,96,0.8889,13.23,0.929,0.6847,2,1,4.4995,7,0,28.0,0
ACC-14764,Mid-Market,36,13,3412.08,82,71,0.8659,8.05,0.7517,0.5444,4,0,0.0001,3,0,57.0,0
ACC-14765,SMB,12,30,2462.96,16,11,0.6875,6.86,1.0883,0.6604,3,0,0.0001,2,0,30.0,0
ACC-14766,SMB,12,17,479.86,27,22,0.8148,6.64,0.8646,0.384,1,0,0.0003,5,0,,0
ACC-14767,Enterprise,36,17,10285.5,268,191,0.7127,7.59,1.429,0.8017,2,1,4.4995,4,0,,0
ACC-14768,SMB,12,21,912.31,33,27,0.8182,5.77,0.8992,0.8005,3,0,0.0001,4,0,,0
ACC-14769,Mid-Market,12,9,4617.04,65,45,0.6923,11.32,1.0065,0.8424,5,0,0.0001,5,0,,0
ACC-14770,Enterprise,24,11,14246.66,439,245,0.5581,8.36,0.9265,0.8597,0,1,30001.0,5,0,31.0,0
ACC-14771,Mid-Market,24,17,2409.21,136,94,0.6912,9.91,0.9911,0.3497,4,0,0.0001,2,0,55.0,0
ACC-14772,Mid-Market,12,38,6127.74,60,48,0.8,10.88,0.8416,0.3672,4,1,2.2499,5,0,17.0,0
ACC-14773,SMB,12,24,2023.57,14,11,0.7857,14.93,0.8821,0.5571,4,0,0.0001,7,0,62.0,0
ACC-14774,Mid-Market,24,25,6262.89,75,61,0.8133,13.1,0.7885,0.6847,2,0,0.0001,4,0,67.0,0
ACC-14775,SMB,24,32,1793.22,28,23,0.8214,18.83,0.9607,0.6636,4,1,2.2499,5,0,80.0,0
ACC-14776,Enterprise,12,28,28538.32,734,506,0.6894,24.69,3.5181,0.8386,7,1,1.2857,7,0,,0
ACC-14777,Mid-Market,12,24,5239.69,65,58,0.8923,9.67,0.9774,0.3909,4,1,2.2499,3,0,,0
ACC-14778,Mid-Market,12,15,8303.26,31,22,0.7097,38.99,1.1068,0.3785,4,0,0.0001,4,16,51.0,0
ACC-14779,Mid-Market,24,3,2204.02,36,29,0.8056,5.9,1.2766,0.6174,6,0,0.0,4,0,73.0,0
ACC-14780,Enterprise,24,9,14830.98,404,269,0.6658,15.97,0.9066,0.7021,1,1,8.9976,4,0,-6.0,0
ACC-14781,Enterprise,36,9,30647.03,832,730,0.8774,19.97,1.4408,0.4658,3,0,0.0001,2,0,71.0,0
ACC-14782,Mid-Market,24,29,5856.83,149,83,0.557,6.09,0.9696,0.7859,3,0,0.0001,1,0,,0
ACC-14783,Mid-Market,24,22,3292.19,31,27,0.871,9.23,0.748,0.5763,4,0,0.0001,5,0,98.0,0
ACC-14784,Mid-Market,12,2,2349.26,108,70,0.6481,17.78,1.5693,0.6226,6,0,0.0,3,0,,0
ACC-14785,Mid-Market,24,17,8021.72,129,95,0.7364,16.52,0.8769,0.8948,4,1,2.2499,1,0,,0
ACC-14786,SMB,24,4,1982.43,32,18,0.5625,5.37,0.7876,0.9675,0,0,1.0,6,8,32.0,0
ACC-14787,SMB,12,15,2156.83,19,16,0.8421,14.17,0.6965,0.7977,2,0,0.0001,2,0,,0
ACC-14788,Mid-Market,12,28,7239.52,72,47,0.6528,8.32,0.6024,0.3208,4,2,4.4997,6,0,,1
ACC-14789,Mid-Market,36,22,6852.71,120,98,0.8167,20.77,0.9919,0.712,3,0,0.0001,4,0,75.0,0
ACC-14790,Enterprise,12,13,29921.11,791,635,0.8028,13.85,0.7331,0.5948,4,2,4.4997,5,0,24.0,0
ACC-14791,SMB,12,18,639.8,7,6,0.8571,12.7,0.8849,0.5644,4,1,2.2499,1,0,7.0,1
ACC-14792,Enterprise,24,11,27859.95,759,521,0.6864,20.91,1.0695,0.3898,2,1,4.4995,4,0,39.0,0
ACC-14793,Mid-Market,24,7,2931.83,114,87,0.7632,22.91,0.9442,0.7484,4,0,0.0001,5,0,,0
ACC-14794,Mid-Market,12,10,4450.3,82,42,0.5122,2.27,1.3528,0.6017,4,0,0.0001,0,0,10.0,0
ACC-14795,Mid-Market,24,26,6780.47,59,58,0.9831,18.61,0.6879,0.8827,6,1,1.5,3,0,,0
ACC-14796,Enterprise,12,31,18532.93,720,595,0.8264,8.02,0.8485,0.8285,2,2,8.9988,3,40,58.0,1
ACC-14797,SMB,12,27,468.77,9,7,0.7778,4.21,1.0659,0.8215,2,0,0.0001,5,16,,1
ACC-14798,Enterprise,12,25,13637.19,238,120,0.5042,18.51,0.8887,0.5558,4,0,0.0001,3,0,,0
ACC-14799,Mid-Market,24,8,4580.47,48,41,0.8542,23.71,1.124,0.6191,4,1,2.2499,6,0,35.0,0
ACC-14800,Enterprise,36,14,13340.68,795,563,0.7082,8.33,0.7545,0.6742,3,1,2.9998,3,0,,0
ACC-14801,Enterprise,24,15,39917.24,629,512,0.814,9.48,0.9115,0.42,2,1,4.4995,3,0,-46.0,0
ACC-14802,SMB,36,12,1919.96,10,6,0.6,32.22,1.2461,0.796,2,0,0.0001,2,0,58.0,0
ACC-14803,Enterprise,12,9,30672.5,690,504,0.7304,12.46,1.0319,0.5088,3,1,2.9998,3,4,,0
ACC-14804,SMB,12,19,845.32,27,20,0.7407,12.63,0.8733,0.4467,3,0,0.0001,4,0,,0
ACC-14805,Mid-Market,24,18,7996.23,125,88,0.704,3.63,1.288,0.8792,5,1,1.8,0,0,64.0,0
ACC-14806,Enterprise,12,14,20016.71,328,284,0.8659,10.22,1.7488,0.5933,1,0,0.0003,1,0,9.0,0
ACC-14807,SMB,24,35,535.79,20,13,0.65,19.73,1.3802,0.7972,7,0,0.0,1,0,,0
ACC-14808,Mid-Market,24,13,8971.38,96,75,0.7812,6.81,1.0534,0.7157,2,1,4.4995,3,0,64.0,0
ACC-14809,SMB,36,15,1420.31,18,13,0.7222,21.19,0.8733,0.82,2,2,8.9988,4,0,25.0,1
ACC-14810,Enterprise,12,6,10554.69,532,469,0.8816,14.6,0.8355,0.4346,4,1,2.2499,3,4,,0
ACC-14811,SMB,12,24,1287.54,31,17,0.5484,15.0,0.7554,0.7538,5,0,0.0001,3,0,76.0,0
ACC-14812,Enterprise,12,30,35154.94,428,390,0.9112,7.99,0.9167,0.5637,2,1,4.4995,1,0,27.0,1
ACC-14813,Mid-Market,12,6,6895.95,122,111,0.9098,20.95,0.8393,0.6034,3,0,0.0001,4,0,45.0,0
ACC-14814,SMB,24,21,1851.27,9,8,0.8889,6.9,1.2564,0.6054,5,1,1.8,2,0,79.0,0
ACC-14815,SMB,12,13,1445.34,32,24,0.75,17.33,1.0837,0.7589,4,0,0.0001,7,0,,0
ACC-14816,SMB,12,25,1922.46,29,25,0.8621,31.38,0.9987,0.6491,2,0,0.0001,2,0,3.0,0
ACC-14817,SMB,12,19,2251.45,13,11,0.8462,27.91,0.9546,0.6046,3,1,2.9998,4,0,58.0,0
ACC-14818,SMB,12,19,433.06,28,19,0.6786,33.62,1.1305,0.8544,8,0,0.0,4,0,-85.0,0
ACC-14819,Enterprise,12,18,28848.59,912,476,0.5219,16.68,1.0619,0.7174,0,0,1.0,4,8,65.0,0
ACC-14820,Mid-Market,12,40,9390.78,43,26,0.6047,15.46,0.8778,0.7655,1,0,0.0003,3,0,71.0,0
ACC-14821,Mid-Market,12,7,9663.17,46,33,0.7174,26.88,1.1302,0.9468,4,0,0.0001,2,4,39.0,0
ACC-14822,Mid-Market,12,4,2727.18,78,59,0.7564,22.81,1.2292,0.7112,2,0,0.0001,2,0,26.0,0
ACC-14823,Mid-Market,12,24,9736.7,128,60,0.4688,21.41,1.115,0.4213,2,1,4.4995,4,20,35.0,1
ACC-14824,Mid-Market,12,8,3348.1,109,98,0.8991,7.14,0.8229,0.623,3,0,0.0001,7,0,-44.0,0
ACC-14825,Enterprise,12,25,19603.95,885,545,0.6158,16.6,0.8394,0.726,5,0,0.0001,3,4,-6.0,0
ACC-14826,SMB,12,23,1066.84,13,9,0.6923,8.59,0.8805,0.5867,3,0,0.0001,4,0,,0
ACC-14827,Enterprise,24,10,44693.26,349,138,0.3954,11.9,0.862,0.7706,4,0,0.0001,3,48,-3.0,0
ACC-14828,Mid-Market,24,58,2571.66,127,97,0.7638,15.7,1.0213,0.6451,1,0,0.0003,7,0,,0
ACC-14829,Mid-Market,24,33,8023.9,141,118,0.8369,9.97,0.9361,0.6044,3,0,0.0001,5,0,54.0,0
ACC-14830,SMB,12,16,1372.82,20,18,0.9,11.6,0.7624,0.5163,4,0,0.0001,7,0,,0
ACC-14831,SMB,12,18,724.27,8,6,0.75,19.75,1.1637,0.4899,2,0,0.0001,3,0,44.0,0
ACC-14832,Mid-Market,24,29,3429.53,148,53,0.3581,3.5,0.923,0.4514,6,2,2.9999,5,0,-7.0,1
ACC-14833,Enterprise,12,8,30716.54,219,113,0.516,13.72,0.9707,0.6745,3,0,0.0001,9,0,14.0,0
ACC-14834,Mid-Market,24,21,9977.54,98,87,0.8878,10.98,0.8937,0.7975,5,0,0.0001,4,4,,0
ACC-14835,Enterprise,12,15,30567.48,941,700,0.7439,18.41,0.8146,0.7865,1,1,8.9976,3,0,,0
ACC-14836,Mid-Market,12,34,7240.96,123,112,0.9106,9.74,0.9323,0.6006,2,0,0.0001,2,0,,0
ACC-14837,Mid-Market,24,5,3174.97,87,75,0.8621,12.89,0.7623,0.4568,6,0,0.0,3,4,60.0,0
ACC-14838,Enterprise,12,19,12587.32,542,328,0.6052,10.0,0.9173,0.5156,4,0,0.0001,1,0,26.0,0
ACC-14839,Mid-Market,12,8,7739.0,142,115,0.8099,42.12,0.998,0.8007,5,0,0.0001,8,0,51.0,0
ACC-14840,SMB,12,21,2259.74,9,6,0.6667,7.96,0.9639,0.6153,2,0,0.0001,4,0,,0
ACC-14841,SMB,12,17,1793.68,29,25,0.8621,3.0,0.7947,0.6254,5,0,0.0001,3,0,42.0,0
ACC-14842,Mid-Market,12,18,3639.94,101,69,0.6832,18.27,0.7418,0.4408,5,0,0.0001,4,0,37.0,0
ACC-14843,Enterprise,24,26,8806.47,797,639,0.8018,9.32,1.2209,0.7531,3,1,2.9998,4,4,61.0,0
ACC-14844,Enterprise,24,23,40580.47,307,217,0.7068,17.28,0.7608,0.4643,1,0,0.0003,6,0,,0
ACC-14845,Mid-Market,24,11,9986.54,78,73,0.9359,17.91,0.6546,0.5225,2,0,0.0001,5,8,,0
ACC-14846,SMB,12,4,1224.78,33,20,0.6061,22.74,1.3874,0.7628,1,2,17.9949,8,0,79.0,0
ACC-14847,Enterprise,36,5,25096.78,224,146,0.6518,7.47,0.8717,0.5371,2,1,4.4995,4,0,71.0,0
ACC-14848,SMB,24,11,1752.83,8,7,0.875,11.61,0.6818,0.7618,3,2,5.9995,0,4,24.0,1
ACC-14849,Enterprise,12,18,27168.47,133,80,0.6015,29.97,0.6594,0.7626,4,1,2.2499,7,0,42.0,0
ACC-14850,SMB,24,16,2236.01,19,16,0.8421,16.32,0.9724,0.3203,1,0,0.0003,3,0,-25.0,0
ACC-14851,Mid-Market,24,19,6572.91,100,74,0.74,4.97,0.8857,0.7744,5,0,0.0001,5,0,72.0,0
ACC-14852,SMB,24,30,2076.46,22,18,0.8182,36.62,0.7583,0.4355,4,0,0.0001,3,0,70.0,0
ACC-14853,Mid-Market,12,12,2284.07,93,68,0.7312,9.37,0.8547,0.7972,4,0,0.0001,3,0,71.0,0
ACC-14854,Mid-Market,12,25,8516.83,144,125,0.8681,16.95,1.5049,0.4657,0,2,60001.0,3,0,73.0,1
ACC-14855,Enterprise,24,18,23753.4,515,360,0.699,11.62,1.1037,0.5955,1,0,0.0003,3,0,-24.0,0
ACC-14856,Enterprise,12,32,8720.18,183,165,0.9016,18.7,1.0632,0.7475,2,0,0.0001,5,0,32.0,0
ACC-14857,SMB,24,19,2442.5,11,5,0.4545,14.51,0.7564,0.6615,3,0,0.0001,5,0,,0
ACC-14858,SMB,24,37,747.16,33,30,0.9091,11.26,0.8043,0.5576,9,0,0.0,1,0,100.0,0
ACC-14859,SMB,24,24,1059.82,34,26,0.7647,4.67,1.1569,0.8721,5,0,0.0001,2,0,,0
ACC-14860,Mid-Market,12,28,4964.62,134,78,0.5821,9.92,1.1628,0.3256,6,0,0.0,1,0,,0
ACC-14861,SMB,24,11,741.66,29,17,0.5862,31.27,1.402,0.9706,5,0,0.0001,3,0,62.0,0
ACC-14862,Enterprise,12,31,20597.24,531,419,0.7891,13.58,1.038,0.6297,5,0,0.0001,4,0,35.0,0
ACC-14863,Mid-Market,24,38,2621.57,132,117,0.8864,24.35,0.8223,0.8061,2,0,0.0001,9,0,25.0,0
ACC-14864,Mid-Market,24,22,4118.89,59,48,0.8136,18.43,1.0746,0.6531,4,0,0.0001,2,0,-9.0,0
ACC-14865,Mid-Market,12,14,3458.06,62,45,0.7258,6.85,1.0996,0.4134,5,0,0.0001,3,0,,0
ACC-14866,Mid-Market,24,29,3198.53,103,82,0.7961,7.32,0.6249,0.7763,3,0,0.0001,3,0,24.0,0
ACC-14867,Enterprise,12,25,8752.08,138,84,0.6087,10.73,0.6989,0.6884,6,0,0.0,4,0,25.0,0
ACC-14868,Mid-Market,12,44,9743.66,76,55,0.7237,13.73,1.9319,0.6708,8,0,0.0,4,0,,0
ACC-14869,SMB,12,22,450.03,20,16,0.8,24.89,0.7649,0.9146,2,1,4.4995,5,0,28.0,0
ACC-14870,Mid-Market,12,16,8528.83,56,51,0.9107,21.35,0.8222,0.6954,3,0,0.0001,2,0,24.0,0
ACC-14871,Enterprise,12,18,30890.08,821,794,0.9671,7.32,1.1006,0.7147,4,0,0.0001,7,0,,0
ACC-14872,Enterprise,12,10,17496.67,722,389,0.5388,19.76,0.8461,0.8006,4,0,0.0001,3,0,8.0,0
ACC-14873,Mid-Market,24,14,6673.7,39,21,0.5385,17.52,0.7949,0.4758,3,0,0.0001,3,0,44.0,0
ACC-14874,Mid-Market,24,5,5726.58,122,94,0.7705,23.75,1.1685,0.9366,4,1,2.2499,0,0,,0
ACC-14875,Mid-Market,24,15,7653.81,30,17,0.5667,7.29,1.1394,0.3536,4,0,0.0001,5,0,39.0,0
ACC-14876,Mid-Market,12,29,4761.62,33,18,0.5455,16.91,1.9773,0.4085,2,0,0.0001,2,0,-17.0,0
ACC-14877,SMB,36,46,999.6,8,5,0.625,5.74,1.0677,0.7496,7,0,0.0,0,0,40.0,0
ACC-14878,Mid-Market,24,13,6740.24,92,80,0.8696,22.1,1.2137,0.5393,2,0,0.0001,2,0,38.0,0
ACC-14879,SMB,12,23,1089.9,24,15,0.625,18.78,0.8383,0.5744,4,0,0.0001,5,0,44.0,0
ACC-14880,Mid-Market,24,16,7639.91,53,42,0.7925,13.51,0.6763,0.655,3,0,0.0001,6,0,,0
ACC-14881,Mid-Market,12,13,2755.89,57,34,0.5965,13.73,0.8918,0.5169,3,1,2.9998,4,0,,0
ACC-14882,SMB,24,8,2229.83,28,24,0.8571,6.29,0.8952,0.2865,5,0,0.0001,1,0,36.0,0
ACC-14883,Enterprise,12,36,40206.93,425,325,0.7647,7.42,1.7055,0.5357,4,0,0.0001,1,0,-25.0,0
ACC-14884,Enterprise,12,6,42495.13,473,432,0.9133,17.64,0.8508,0.7797,3,0,0.0001,3,0,,0
ACC-14885,SMB,24,21,1008.96,21,17,0.8095,19.09,1.0558,0.7651,4,0,0.0001,3,8,55.0,0
ACC-14886,Mid-Market,12,7,8761.55,46,12,0.2609,17.55,1.221,0.8405,1,0,0.0003,2,0,83.0,0
ACC-14887,SMB,12,12,1719.24,24,17,0.7083,3.51,0.9174,0.6624,4,0,0.0001,0,0,,0
ACC-14888,Enterprise,36,35,31941.93,620,492,0.7935,8.17,2.0915,0.7289,4,0,0.0001,2,8,,0
ACC-14889,SMB,36,8,526.54,12,8,0.6667,26.81,1.8537,0.8894,3,0,0.0001,3,0,11.0,0
ACC-14890,Mid-Market,24,20,9992.54,149,103,0.6913,18.91,0.6088,0.6449,3,1,2.9998,2,0,61.0,0
ACC-14891,Enterprise,12,31,23182.92,327,272,0.8318,15.01,1.2789,0.832,5,0,0.0001,2,0,100.0,0
ACC-14892,Mid-Market,12,21,3176.58,135,116,0.8593,5.98,0.9045,0.5078,2,0,0.0001,6,0,100.0,0
ACC-14893,Mid-Market,24,21,4519.87,118,59,0.5,12.72,0.7154,0.665,3,2,5.9995,5,0,29.0,1
ACC-14894,Mid-Market,12,20,9839.34,111,92,0.8288,11.52,1.2203,0.5787,5,3,5.3997,5,0,,1
ACC-14895,Enterprise,12,7,42837.53,760,529,0.6961,10.95,0.8372,0.6806,6,0,0.0,4,0,5.0,0
ACC-14896,Enterprise,12,28,25514.99,769,446,0.58,17.78,1.2202,0.6149,4,0,0.0001,0,0,,0
ACC-14897,Mid-Market,12,31,7983.1,89,81,0.9101,19.8,0.9338,0.5867,2,1,4.4995,4,0,78.0,0
ACC-14898,Enterprise,12,19,17503.44,855,734,0.8585,7.12,0.8651,0.7915,4,0,0.0001,6,0,16.0,0
ACC-14899,SMB,12,17,922.5,33,25,0.7576,8.73,0.8251,0.9366,1,0,0.0003,4,0,11.0,0
ACC-14900,Enterprise,12,7,30588.04,721,595,0.8252,15.08,1.31,0.64,1,2,17.9949,4,0,,1
ACC-14901,Mid-Market,12,10,5603.47,53,50,0.9434,11.89,1.0575,0.6067,9,1,1.0,4,0,14.0,0
ACC-14902,Enterprise,12,20,10914.68,164,153,0.9329,5.67,0.884,0.9346,2,0,0.0001,4,12,71.0,0
ACC-14903,Mid-Market,12,5,8867.21,57,46,0.807,6.73,0.6543,0.2577,2,1,4.4995,3,4,55.0,0
ACC-14904,SMB,24,10,1944.9,24,18,0.75,11.06,0.7004,0.8665,2,0,0.0001,4,0,17.0,0
ACC-14905,Enterprise,24,13,40507.38,910,774,0.8505,11.83,0.7785,0.9529,3,0,0.0001,3,0,40.0,0
ACC-14906,SMB,12,8,2348.55,23,19,0.8261,19.89,1.4667,0.5133,5,1,1.8,3,0,33.0,0
ACC-14907,Mid-Market,12,10,2201.3,143,132,0.9231,8.88,1.1524,0.8321,3,0,0.0001,3,0,33.0,0
ACC-14908,SMB,12,21,1007.23,28,23,0.8214,11.07,1.0411,0.618,7,0,0.0,3,0,,0
ACC-14909,Mid-Market,12,15,9130.92,41,37,0.9024,12.38,0.7715,0.6974,2,0,0.0001,2,0,,0
ACC-14910,SMB,12,24,545.47,5,4,0.8,9.84,1.1477,0.6564,2,0,0.0001,7,0,24.0,0
ACC-14911,Mid-Market,12,13,7263.68,54,37,0.6852,12.68,0.8619,0.8075,1,0,0.0003,7,0,,0
ACC-14912,Mid-Market,24,15,2662.06,94,71,0.7553,8.6,1.1966,0.2411,2,0,0.0001,2,0,21.0,0
ACC-14913,Enterprise,24,19,21458.06,861,415,0.482,6.44,0.7217,0.7896,5,0,0.0001,8,0,18.0,0
ACC-14914,Enterprise,12,10,31464.58,131,108,0.8244,17.14,0.7666,0.6989,3,0,0.0001,2,0,34.0,0
ACC-14915,SMB,12,22,618.93,34,29,0.8529,11.29,1.1027,0.7487,5,0,0.0001,1,0,89.0,0
ACC-14916,Mid-Market,24,9,4161.88,88,84,0.9545,8.71,0.7655,0.568,5,1,1.8,3,0,,0
ACC-14917,Mid-Market,12,11,9180.01,144,133,0.9236,21.9,0.7599,0.4924,5,1,1.8,3,0,,0
ACC-14918,SMB,24,12,1692.22,10,6,0.6,16.68,0.8436,0.7829,9,1,1.0,4,0,,0
ACC-14919,Mid-Market,12,11,3429.85,136,114,0.8382,10.12,0.6491,0.5757,5,1,1.8,1,0,66.0,0
ACC-14920,SMB,24,17,756.38,16,14,0.875,11.35,1.0895,0.6326,1,1,8.9976,5,0,,0
ACC-14921,SMB,36,11,2137.73,34,31,0.9118,17.86,1.1498,0.591,1,0,0.0003,8,0,-16.0,0
ACC-14922,Mid-Market,36,15,6669.95,117,79,0.6752,7.99,0.7114,0.5258,2,0,0.0001,4,0,,0
ACC-14923,SMB,12,30,1960.28,26,15,0.5769,14.37,0.8753,0.7633,3,0,0.0001,4,0,46.0,0
ACC-14924,Enterprise,12,31,33577.12,935,699,0.7476,13.86,1.3477,0.5405,5,0,0.0001,5,0,21.0,0
ACC-14925,Mid-Market,12,1,2421.45,117,69,0.5897,11.31,0.6853,0.5306,2,0,0.0001,5,0,23.0,0
ACC-14926,Mid-Market,36,21,7189.55,85,76,0.8941,28.46,1.4893,0.6073,7,0,0.0,10,0,-33.0,0
ACC-14927,Mid-Market,12,4,4154.82,109,91,0.8349,20.3,0.7596,0.5882,4,0,0.0001,4,0,33.0,0
ACC-14928,SMB,12,22,844.13,33,26,0.7879,21.68,0.714,0.8254,3,1,2.9998,7,0,21.0,0
ACC-14929,SMB,12,27,1172.58,13,12,0.9231,23.76,0.8566,0.6126,5,1,1.8,3,0,17.0,0
ACC-14930,Mid-Market,12,12,7546.8,54,49,0.9074,12.47,0.706,0.4466,4,1,2.2499,6,0,,0
ACC-14931,Mid-Market,12,32,3788.29,128,84,0.6562,24.06,1.1036,0.7877,3,0,0.0001,1,0,30.0,0
ACC-14932,SMB,24,10,2101.42,8,6,0.75,13.08,0.8161,0.687,6,0,0.0,4,0,,0
ACC-14933,Mid-Market,12,29,3885.43,84,74,0.881,24.61,0.7779,0.688,6,0,0.0,4,0,,0
ACC-14934,Mid-Market,12,27,6574.74,143,129,0.9021,8.39,0.7396,0.7236,4,0,0.0001,7,0,-6.0,0
ACC-14935,Mid-Market,36,6,3798.76,138,120,0.8696,17.46,1.0517,0.797,2,0,0.0001,6,0,,0
ACC-14936,SMB,24,13,1084.33,23,21,0.913,7.84,1.0912,0.7505,5,0,0.0001,1,4,56.0,0
ACC-14937,Mid-Market,24,6,6094.03,37,25,0.6757,18.61,1.9332,0.6968,3,0,0.0001,6,0,-11.0,0
ACC-14938,SMB,12,8,541.5,9,8,0.8889,2.73,1.4126,0.5454,5,0,0.0001,2,0,47.0,0
ACC-14939,SMB,24,32,1666.12,7,4,0.5714,7.7,0.8307,0.6583,2,0,0.0001,7,0,,0
ACC-14940,Mid-Market,12,22,9896.43,125,108,0.864,21.01,0.7286,0.2921,3,0,0.0001,1,0,,0
ACC-14941,Mid-Market,12,11,9458.05,39,25,0.641,13.05,0.8353,0.6057,6,1,1.5,3,0,-21.0,0
ACC-14942,SMB,12,4,2015.85,15,14,0.9333,7.36,0.921,0.5772,2,0,0.0001,3,0,15.0,0
ACC-14943,Mid-Market,12,5,2226.38,81,66,0.8148,18.18,0.6891,0.886,2,0,0.0001,4,0,43.0,0
ACC-14944,SMB,12,15,1631.44,14,8,0.5714,13.17,1.0806,0.6501,8,0,0.0,6,0,65.0,0
ACC-14945,SMB,36,33,1680.54,23,19,0.8261,10.08,0.8467,0.7228,3,1,2.9998,5,0,72.0,0
ACC-14946,Mid-Market,12,25,5186.46,115,96,0.8348,8.72,1.2005,0.6816,4,0,0.0001,5,0,,0
ACC-14947,SMB,12,15,1256.71,24,19,0.7917,24.26,1.5926,0.3794,1,0,0.0003,5,8,,0
ACC-14948,SMB,12,15,927.23,11,6,0.5455,6.05,0.8396,0.7289,4,0,0.0001,12,0,47.0,0
ACC-14949,SMB,12,19,1116.82,15,14,0.9333,19.31,1.2457,0.5714,2,0,0.0001,2,0,72.0,0
ACC-14950,Mid-Market,24,30,8818.1,48,31,0.6458,6.73,1.222,0.8559,4,0,0.0001,8,0,50.0,0
ACC-14951,Enterprise,12,9,38934.56,245,86,0.351,16.36,1.0705,0.8978,4,0,0.0001,8,0,,0
ACC-14952,Mid-Market,24,19,8145.95,78,52,0.6667,7.02,0.5869,0.7944,8,0,0.0,7,0,30.0,0
ACC-14953,SMB,12,8,2011.82,19,17,0.8947,10.93,0.8333,0.8013,3,0,0.0001,2,0,,0
ACC-14954,Mid-Market,24,18,2259.46,105,82,0.781,4.36,0.8188,0.6091,7,0,0.0,5,0,100.0,0
ACC-14955,SMB,24,15,1911.97,10,7,0.7,15.04,1.1646,0.7231,4,0,0.0001,4,0,9.0,0
ACC-14956,Mid-Market,24,6,8893.26,38,30,0.7895,13.89,0.7542,0.9335,1,0,0.0003,7,0,46.0,0
ACC-14957,Mid-Market,24,19,4109.34,96,91,0.9479,11.64,0.8302,0.7757,4,0,0.0001,0,0,32.0,0
ACC-14958,Enterprise,24,12,43668.39,433,366,0.8453,24.39,0.6611,0.7781,6,0,0.0,5,0,60.0,0
ACC-14959,SMB,12,13,423.88,32,21,0.6562,4.24,1.0711,0.4229,11,1,0.8182,3,0,92.0,0
ACC-14960,Mid-Market,12,9,9270.68,85,64,0.7529,9.66,0.8964,0.5433,3,0,0.0001,6,4,,0
ACC-14961,Mid-Market,24,18,2715.32,34,30,0.8824,4.59,0.6092,0.7197,4,0,0.0001,7,0,,0
ACC-14962,Mid-Market,24,17,5598.82,123,105,0.8537,7.02,0.795,0.8557,5,0,0.0001,0,0,8.0,0
ACC-14963,SMB,12,24,1935.31,10,7,0.7,29.55,0.9762,0.6334,5,1,1.8,4,0,25.0,0
ACC-14964,Mid-Market,12,20,3743.86,102,81,0.7941,19.75,0.6048,0.5682,2,0,0.0001,2,0,33.0,0
ACC-14965,Mid-Market,24,10,9812.04,134,79,0.5896,4.5,1.1468,0.6453,2,1,4.4995,5,0,39.0,0
ACC-14966,SMB,12,25,2288.16,9,8,0.8889,10.85,0.6164,0.8238,4,0,0.0001,4,0,36.0,0
ACC-14967,SMB,12,28,2233.58,25,19,0.76,36.86,0.7589,0.8233,2,0,0.0001,8,0,29.0,0
ACC-14968,SMB,12,10,1192.18,17,13,0.7647,24.77,0.9121,0.9402,3,0,0.0001,5,0,9.0,0
ACC-14969,Mid-Market,24,13,3767.3,148,62,0.4189,9.56,1.1162,0.5,0,1,30001.0,3,0,25.0,0
ACC-14970,Mid-Market,36,12,5459.96,37,20,0.5405,14.51,0.7843,0.5592,5,0,0.0001,3,0,51.0,0
ACC-14971,SMB,12,17,1430.72,13,12,0.9231,20.51,0.8781,0.7578,5,0,0.0001,5,0,,0
ACC-14972,Mid-Market,12,10,6205.35,31,24,0.7742,15.65,1.6361,0.4581,5,1,1.8,3,0,30.0,0
ACC-14973,SMB,12,24,2123.5,27,18,0.6667,21.64,0.9162,0.726,1,0,0.0003,2,0,23.0,0
ACC-14974,Mid-Market,12,9,4918.13,81,56,0.6914,7.39,0.5028,0.7869,3,0,0.0001,6,0,,0
ACC-14975,Mid-Market,24,13,5937.42,30,19,0.6333,16.71,0.6469,0.5491,4,0,0.0001,1,0,28.0,0
ACC-14976,Enterprise,12,20,41562.41,801,776,0.9688,8.45,0.9533,0.9038,6,1,1.5,7,0,16.0,0
ACC-14977,Mid-Market,12,17,2473.61,95,75,0.7895,11.42,0.6226,0.2824,2,0,0.0001,6,0,-21.0,0
ACC-14978,Enterprise,24,17,20976.5,880,505,0.5739,10.61,0.7637,0.8092,2,0,0.0001,3,0,53.0,0
ACC-14979,Enterprise,24,8,14388.1,998,753,0.7545,28.74,1.0244,0.8283,8,0,0.0,1,12,,0
ACC-14980,SMB,12,15,2061.23,18,11,0.6111,13.61,0.9435,0.8733,4,0,0.0001,3,0,36.0,0
ACC-14981,Mid-Market,12,28,3619.55,32,20,0.625,10.85,0.857,0.7188,3,0,0.0001,4,0,74.0,0
ACC-14982,SMB,36,23,1094.25,13,11,0.8462,17.2,0.7076,0.7173,4,0,0.0001,2,0,93.0,0
ACC-14983,SMB,12,14,1187.14,23,13,0.5652,10.24,0.7179,0.4474,6,1,1.5,2,0,,0
ACC-14984,Mid-Market,24,16,9544.42,49,36,0.7347,5.43,1.2348,0.341,3,0,0.0001,3,12,49.0,0
ACC-14985,Enterprise,12,18,10619.76,190,173,0.9105,19.31,0.9409,0.8038,2,0,0.0001,3,0,65.0,0
ACC-14986,SMB,24,32,1559.94,22,16,0.7273,10.72,0.8209,0.79,5,1,1.8,3,0,,0
ACC-14987,Mid-Market,24,12,9718.3,31,24,0.7742,12.93,1.3505,0.3959,1,2,17.9949,3,0,10.0,1
ACC-14988,SMB,24,23,2240.02,29,10,0.3448,31.34,0.7598,0.4216,5,0,0.0001,3,0,89.0,0
ACC-14989,SMB,24,17,2200.47,23,16,0.6957,7.83,0.6502,0.6391,1,0,0.0003,4,0,,0
ACC-14990,SMB,36,28,1080.94,18,16,0.8889,19.28,0.851,0.4813,4,1,2.2499,3,0,67.0,0
ACC-14991,Mid-Market,24,29,5076.53,120,90,0.75,13.32,1.3953,0.8573,3,0,0.0001,5,0,66.0,0
ACC-14992,Mid-Market,12,17,4002.44,64,43,0.6719,9.66,0.6743,0.8018,4,0,0.0001,4,0,37.0,0
ACC-14993,Mid-Market,12,11,6241.75,33,25,0.7576,5.13,0.8759,0.6186,4,1,2.2499,2,0,55.0,0
ACC-14994,Enterprise,24,27,29257.14,677,492,0.7267,20.78,0.721,0.7125,5,1,1.8,3,0,,0
ACC-14995,SMB,24,16,1913.59,27,13,0.4815,30.42,1.0808,0.4144,3,0,0.0001,5,0,14.0,0
ACC-14996,Enterprise,12,7,31974.48,848,706,0.8325,14.62,1.174,0.5939,3,0,0.0001,3,0,42.0,0
ACC-14997,Mid-Market,12,6,6749.61,81,46,0.5679,16.66,0.9305,0.7556,2,0,0.0001,2,0,45.0,0
ACC-14998,SMB,24,16,1491.83,21,9,0.4286,17.05,1.0217,0.8059,3,2,5.9995,8,0,-8.0,1
ACC-14999,Mid-Market,12,3,9205.65,75,62,0.8267,18.71,1.0801,0.5975,3,0,0.0001,5,0,49.0,0
ACC-15000,Mid-Market,12,12,6145.49,91,65,0.7143,10.75,0.8725,0.5077,7,0,0.0,2,4,40.0,0
ACC-15001,Mid-Market,24,28,8028.93,133,84,0.6316,21.8,0.9751,0.9809,2,0,0.0001,6,0,35.0,0
ACC-15002,SMB,24,31,448.78,17,11,0.6471,6.18,0.9197,0.8872,6,0,0.0,4,0,71.0,0
ACC-15003,Mid-Market,12,28,4655.62,47,40,0.8511,18.29,0.7913,0.6476,1,0,0.0003,4,0,,0
ACC-15004,SMB,12,16,1333.13,16,8,0.5,15.32,0.6102,0.6604,2,0,0.0001,2,0,,0
ACC-15005,Enterprise,12,10,29099.04,637,494,0.7755,12.58,0.7697,0.8446,2,0,0.0001,3,0,67.0,0
ACC-15006,SMB,12,30,1136.88,9,6,0.6667,10.56,0.5259,0.4102,0,0,1.0,3,0,32.0,0
ACC-15007,SMB,24,18,483.78,28,21,0.75,12.74,1.1182,0.6457,5,0,0.0001,5,0,,0
ACC-15008,Enterprise,12,7,21109.73,600,508,0.8467,20.28,1.1835,0.67,5,0,0.0001,4,0,,0
ACC-15009,Mid-Market,12,17,7672.38,134,93,0.694,6.04,0.8384,0.2358,2,0,0.0001,8,0,,0
ACC-15010,Enterprise,12,27,14159.03,650,377,0.58,26.38,1.3312,0.8664,2,0,0.0001,5,0,,0
ACC-15011,SMB,12,4,2272.75,23,14,0.6087,14.83,0.9548,0.5721,2,0,0.0001,5,0,16.0,0
ACC-15012,Mid-Market,36,15,7975.44,125,64,0.512,19.2,0.9973,0.413,9,0,0.0,6,0,13.0,0
ACC-15013,Mid-Market,12,33,8452.35,83,79,0.9518,10.63,1.3958,0.8749,4,0,0.0001,3,0,73.0,0
ACC-15014,Enterprise,24,16,10037.55,485,408,0.8412,35.91,1.2319,0.5873,3,0,0.0001,4,0,42.0,0
ACC-15015,Mid-Market,24,8,8009.02,99,60,0.6061,10.63,0.5942,0.5443,7,0,0.0,2,0,,0
ACC-15016,Enterprise,12,26,39460.08,676,482,0.713,20.28,1.0982,0.6147,1,0,0.0003,5,0,62.0,0
ACC-15017,Mid-Market,24,22,9731.83,119,80,0.6723,3.6,0.8834,0.8118,1,0,0.0003,0,0,63.0,0
ACC-15018,Mid-Market,12,18,9519.19,116,104,0.8966,15.58,0.7807,0.6701,3,0,0.0001,3,0,,0
ACC-15019,SMB,24,8,1185.59,25,13,0.52,24.36,0.9217,0.7217,5,0,0.0001,3,0,,0
ACC-15020,SMB,12,19,1904.77,33,11,0.3333,8.39,1.5547,0.722,6,0,0.0,4,0,52.0,0
ACC-15021,Mid-Market,24,23,7538.6,63,37,0.5873,12.16,0.7847,0.8632,5,0,0.0001,4,0,,0
ACC-15022,SMB,12,7,2114.64,22,19,0.8636,4.46,0.6919,0.4432,4,0,0.0001,5,0,,0
ACC-15023,SMB,24,19,1307.07,28,22,0.7857,8.5,1.1615,0.928,0,1,30001.0,2,0,7.0,0
ACC-15024,SMB,12,14,1934.27,22,14,0.6364,7.87,0.9209,0.8857,3,1,2.9998,0,0,,0
ACC-15025,Mid-Market,24,5,9746.97,58,53,0.9138,13.18,1.0817,0.5617,4,0,0.0001,5,0,16.0,0
ACC-15026,Mid-Market,12,14,4980.48,108,69,0.6389,18.76,1.2248,0.9343,5,1,1.8,3,0,35.0,0
ACC-15027,Enterprise,24,13,32000.36,518,311,0.6004,11.42,1.5606,0.6171,3,0,0.0001,7,0,,0
ACC-15028,SMB,12,15,2363.76,25,16,0.64,19.38,0.8371,0.5146,6,1,1.5,6,0,,0
ACC-15029,Enterprise,12,12,38686.97,245,202,0.8245,18.1,1.0319,0.6365,2,0,0.0001,3,0,,0
ACC-15030,Mid-Market,24,6,4321.08,67,43,0.6418,6.29,0.8827,0.4934,5,0,0.0001,1,0,55.0,0
ACC-15031,Mid-Market,36,32,5860.9,96,59,0.6146,11.51,0.8886,0.8125,6,0,0.0,6,0,55.0,0
ACC-15032,Mid-Market,12,54,6304.19,107,87,0.8131,18.27,1.2535,0.7195,6,1,1.5,9,0,,0
ACC-15033,Mid-Market,36,13,2825.68,91,38,0.4176,19.33,1.0104,0.4454,5,0,0.0001,3,8,,0
ACC-15034,Enterprise,24,16,29077.19,194,145,0.7474,29.12,0.7244,0.8181,0,0,1.0,9,0,20.0,0
ACC-15035,Mid-Market,24,54,4615.38,134,125,0.9328,18.61,0.7438,0.5942,9,0,0.0,2,0,42.0,0
ACC-15036,Mid-Market,12,8,8143.84,36,31,0.8611,10.61,1.1482,0.5886,5,1,1.8,5,0,13.0,0
ACC-15037,SMB,12,11,2149.14,33,18,0.5455,26.69,0.9846,0.7442,5,2,3.5998,7,0,,1
ACC-15038,SMB,24,21,2415.74,27,24,0.8889,10.91,0.8333,0.8382,2,0,0.0001,1,0,37.0,0
ACC-15039,SMB,12,18,1503.15,18,13,0.7222,36.44,0.8824,0.857,2,1,4.4995,1,0,46.0,0
ACC-15040,SMB,12,28,2322.79,17,12,0.7059,8.01,1.0308,0.7207,3,2,5.9995,6,0,,1
ACC-15041,Mid-Market,12,22,4901.52,94,69,0.734,2.91,0.8561,0.8542,2,0,0.0001,2,0,27.0,0
ACC-15042,Enterprise,12,35,22833.57,807,574,0.7113,14.12,0.9951,0.8686,3,0,0.0001,4,0,,0
ACC-15043,SMB,24,20,2022.39,23,21,0.913,32.83,1.4494,0.8099,6,0,0.0,3,0,,0
ACC-15044,Mid-Market,24,7,8276.03,144,97,0.6736,18.44,1.039,0.5174,5,0,0.0001,5,0,32.0,0
ACC-15045,Mid-Market,24,13,4508.33,141,106,0.7518,15.2,1.0196,0.465,3,0,0.0001,1,0,25.0,0
ACC-15046,Mid-Market,12,26,6577.17,98,45,0.4592,10.98,1.0236,0.8791,3,0,0.0001,6,0,50.0,0
ACC-15047,Mid-Market,12,4,9902.08,49,40,0.8163,18.94,1.3455,0.4725,0,1,30001.0,5,0,-23.0,0
ACC-15048,Mid-Market,12,14,2691.65,53,30,0.566,23.78,0.6446,0.4535,3,0,0.0001,2,0,50.0,0
ACC-15049,Mid-Market,12,19,3945.03,118,90,0.7627,10.83,1.0973,0.4303,3,0,0.0001,3,0,47.0,0
ACC-15050,Enterprise,24,19,37829.3,862,582,0.6752,22.5,1.2816,0.7271,2,0,0.0001,3,8,41.0,0
ACC-15051,SMB,24,10,1208.01,32,24,0.75,11.99,1.0746,0.7877,2,0,0.0001,3,0,56.0,0
ACC-15052,Enterprise,12,12,25695.65,213,149,0.6995,4.41,0.9317,0.8618,3,0,0.0001,2,0,40.0,0
ACC-15053,Enterprise,24,18,22512.06,121,105,0.8678,15.25,0.8944,0.6001,8,0,0.0,5,0,,0
ACC-15054,Mid-Market,12,25,3619.63,112,80,0.7143,16.18,0.8122,0.731,2,0,0.0001,5,0,25.0,0
ACC-15055,SMB,24,7,687.14,12,10,0.8333,3.04,0.6,0.6763,2,0,0.0001,4,0,8.0,0
ACC-15056,Mid-Market,12,17,3407.87,57,50,0.8772,15.5,0.7671,0.5038,4,1,2.2499,2,0,,1
ACC-15057,Mid-Market,24,31,2005.95,129,110,0.8527,13.08,1.6115,0.7149,3,1,2.9998,3,0,,0
ACC-15058,Mid-Market,12,16,4586.37,106,63,0.5943,22.47,0.809,0.7099,7,0,0.0,4,0,49.0,0
ACC-15059,Mid-Market,12,21,4026.77,35,29,0.8286,14.89,2.5809,0.6449,1,0,0.0003,5,0,75.0,0
ACC-15060,SMB,12,34,1573.9,24,21,0.875,6.05,1.0536,0.4998,4,0,0.0001,7,0,,0
ACC-15061,SMB,12,18,2466.15,28,19,0.6786,20.36,0.9488,0.8309,2,2,8.9988,6,0,69.0,0
ACC-15062,Mid-Market,12,34,3252.67,85,61,0.7176,7.15,1.2325,0.5944,4,1,2.2499,4,0,36.0,0
ACC-15063,Mid-Market,12,13,8554.75,53,38,0.717,10.49,1.0668,0.7821,5,1,1.8,1,0,41.0,0
ACC-15064,SMB,12,29,2114.01,24,16,0.6667,10.11,0.9115,0.8876,2,0,0.0001,3,0,,0
ACC-15065,Enterprise,24,19,31394.49,882,530,0.6009,11.28,0.7683,0.5346,1,0,0.0003,5,0,46.0,0
ACC-15066,Mid-Market,12,19,8774.66,146,123,0.8425,22.9,0.6621,0.5809,1,0,0.0003,2,0,4.0,0
ACC-15067,Mid-Market,24,21,3485.91,82,68,0.8293,9.78,1.2101,0.6808,5,1,1.8,5,8,-2.0,0
ACC-15068,SMB,12,19,866.12,5,4,0.8,9.94,1.1234,0.6292,5,0,0.0001,4,0,75.0,0
ACC-15069,Enterprise,36,20,38981.01,338,217,0.642,20.14,1.215,0.756,2,0,0.0001,6,0,-16.0,0
ACC-15070,Mid-Market,36,41,9721.88,79,64,0.8101,30.31,0.8225,0.8745,8,0,0.0,7,16,11.0,0
ACC-15071,SMB,12,22,1264.52,14,13,0.9286,18.31,1.4816,0.394,1,0,0.0003,2,0,18.0,0
ACC-15072,Mid-Market,24,29,7426.67,115,94,0.8174,14.69,0.5339,0.8829,3,0,0.0001,2,8,15.0,0
ACC-15073,Enterprise,12,10,30662.24,575,402,0.6991,13.36,0.7446,0.795,3,0,0.0001,5,0,93.0,0
ACC-15074,SMB,36,6,1124.85,8,6,0.75,10.99,0.8712,0.652,5,0,0.0001,8,0,,0
ACC-15075,Mid-Market,12,6,5379.47,127,69,0.5433,8.31,1.4391,0.5968,5,0,0.0001,4,0,,0
ACC-15076,Mid-Market,12,7,6432.38,128,92,0.7188,12.18,3.3116,0.8526,5,2,3.5998,5,0,31.0,1
ACC-15077,Mid-Market,12,34,5329.01,61,48,0.7869,14.69,0.8252,0.3827,1,0,0.0003,4,0,,0
ACC-15078,Mid-Market,12,6,9166.76,114,77,0.6754,14.64,0.6359,0.8755,1,0,0.0003,2,0,78.0,0
ACC-15079,Mid-Market,12,15,7785.74,134,123,0.9179,10.38,1.2278,0.7338,3,0,0.0001,6,0,17.0,0
ACC-15080,Enterprise,24,46,39251.01,951,735,0.7729,19.83,1.0892,0.5481,1,0,0.0003,5,0,,0
ACC-15081,Enterprise,12,24,29645.16,968,731,0.7552,10.7,0.7319,0.4894,5,0,0.0001,8,0,,0
ACC-15082,SMB,12,12,441.56,19,14,0.7368,17.47,0.6723,0.5012,5,0,0.0001,9,0,,0
ACC-15083,Mid-Market,12,10,7094.12,83,53,0.6386,8.02,0.9455,0.827,1,0,0.0003,1,0,-9.0,0
ACC-15084,Enterprise,12,13,39060.28,607,455,0.7496,4.41,1.4669,0.6574,5,0,0.0001,6,0,44.0,0
ACC-15085,Mid-Market,12,20,2527.9,90,61,0.6778,33.95,1.0531,0.7164,3,1,2.9998,6,0,49.0,0
ACC-15086,SMB,24,14,1186.32,16,8,0.5,14.65,1.2742,0.8554,4,0,0.0001,4,0,12.0,0
ACC-15087,Enterprise,12,24,17625.8,682,439,0.6437,39.96,0.7779,0.5998,2,1,4.4995,5,0,53.0,0
ACC-15088,Mid-Market,24,40,7729.96,41,21,0.5122,15.9,0.6299,0.6657,2,1,4.4995,5,0,-11.0,0
ACC-15089,Enterprise,12,11,33174.47,461,287,0.6226,17.22,0.8472,0.5938,5,0,0.0001,3,0,50.0,0
ACC-15090,Enterprise,12,41,22645.32,895,538,0.6011,24.03,1.2288,0.6453,4,1,2.2499,5,0,,0
ACC-15091,Enterprise,24,18,34373.06,171,97,0.5673,5.96,1.2427,0.6808,9,0,0.0,1,0,,0
ACC-15092,SMB,12,13,2297.93,30,28,0.9333,6.09,1.5422,0.5105,4,0,0.0001,7,0,43.0,0
ACC-15093,Enterprise,12,10,20389.58,538,272,0.5056,20.82,2.6659,0.928,6,0,0.0,5,0,27.0,0
ACC-15094,Enterprise,24,22,30868.36,822,641,0.7798,25.52,1.1198,0.6346,3,1,2.9998,3,0,43.0,0
ACC-15095,Mid-Market,12,11,3754.07,100,57,0.57,12.96,1.0893,0.6675,3,1,2.9998,2,0,33.0,0
ACC-15096,SMB,12,23,1298.23,17,12,0.7059,17.56,0.954,0.4839,3,0,0.0001,4,0,,0
ACC-15097,Mid-Market,24,17,9914.72,144,134,0.9306,7.22,0.7331,0.6982,2,1,4.4995,1,0,36.0,0
ACC-15098,Mid-Market,24,13,9144.4,113,83,0.7345,20.94,0.9777,0.6845,7,1,1.2857,0,0,62.0,0
ACC-15099,Enterprise,12,16,12312.42,775,505,0.6516,13.65,1.322,0.6158,5,0,0.0001,3,0,2.0,0
ACC-15100,Mid-Market,12,22,6771.85,133,94,0.7068,8.93,1.1001,0.6074,3,0,0.0001,2,0,53.0,0
ACC-15101,Mid-Market,12,15,5163.35,93,69,0.7419,17.74,0.771,0.4994,1,0,0.0003,5,0,36.0,0
ACC-15102,Mid-Market,12,11,3596.07,98,60,0.6122,19.27,0.8429,0.5302,1,0,0.0003,4,0,,0
ACC-15103,Mid-Market,24,10,3376.27,59,51,0.8644,9.97,1.133,0.7268,6,0,0.0,1,0,21.0,0
ACC-15104,Mid-Market,24,25,3187.14,97,68,0.701,30.22,0.9384,0.6617,3,0,0.0001,4,0,41.0,0
ACC-15105,Enterprise,24,8,26509.05,926,788,0.851,13.61,1.059,0.5888,1,1,8.9976,5,0,83.0,0
ACC-15106,Mid-Market,12,11,7702.85,66,37,0.5606,12.63,1.0344,0.8592,1,0,0.0003,6,8,20.0,0
ACC-15107,Enterprise,12,6,10584.07,411,304,0.7397,9.17,0.666,0.7456,5,0,0.0001,2,0,20.0,0
ACC-15108,SMB,24,16,1185.87,5,3,0.6,15.93,1.7376,0.5754,3,0,0.0001,2,0,62.0,0
ACC-15109,SMB,12,9,1570.8,20,7,0.35,5.5,1.1125,0.8485,3,0,0.0001,5,0,38.0,0
ACC-15110,SMB,24,15,1983.01,8,6,0.75,17.05,0.9632,0.8781,4,1,2.2499,4,0,16.0,0
ACC-15111,SMB,24,16,1270.01,12,10,0.8333,8.2,0.8201,0.7519,5,0,0.0001,5,0,,0
ACC-15112,Mid-Market,36,16,4045.16,115,88,0.7652,19.1,1.6392,0.7483,6,0,0.0,7,0,43.0,0
ACC-15113,SMB,12,12,1968.27,21,18,0.8571,6.69,0.8779,0.3618,4,0,0.0001,4,0,45.0,0
ACC-15114,Mid-Market,12,25,9976.3,77,57,0.7403,5.24,0.79,0.6335,5,0,0.0001,1,0,26.0,0
ACC-15115,Mid-Market,24,14,7476.71,57,39,0.6842,11.79,1.0746,0.9146,2,0,0.0001,3,0,,0
ACC-15116,Mid-Market,24,11,7982.9,139,77,0.554,17.32,0.8851,0.9147,3,0,0.0001,3,0,46.0,0
ACC-15117,Mid-Market,24,6,4568.55,60,47,0.7833,8.77,1.6286,0.7029,2,1,4.4995,4,0,74.0,0
ACC-15118,SMB,12,27,1619.62,31,18,0.5806,21.76,1.8016,0.8631,4,1,2.2499,6,0,,0
ACC-15119,Mid-Market,24,12,4748.4,111,83,0.7477,20.17,0.9777,0.6739,4,0,0.0001,2,0,22.0,0
ACC-15120,Mid-Market,24,24,6931.98,62,40,0.6452,9.26,0.6687,0.6488,2,0,0.0001,7,0,59.0,0
ACC-15121,SMB,12,13,1974.73,30,20,0.6667,16.2,0.7593,0.7391,3,1,2.9998,3,0,21.0,1
ACC-15122,Enterprise,12,42,18916.15,135,121,0.8963,3.19,1.2073,0.6439,9,1,1.0,7,0,32.0,0
ACC-15123,Mid-Market,24,41,9283.54,104,77,0.7404,26.24,1.1651,0.8282,3,1,2.9998,2,0,70.0,0
ACC-15124,SMB,12,20,1746.98,6,5,0.8333,9.21,1.2836,0.7616,4,1,2.2499,6,0,57.0,0
ACC-15125,Mid-Market,12,20,9008.18,89,48,0.5393,5.51,1.2637,0.5105,3,1,2.9998,4,0,68.0,0
ACC-15126,Mid-Market,24,19,2416.03,35,23,0.6571,11.44,1.2858,0.5971,4,2,4.4997,1,0,,1
ACC-15127,Mid-Market,12,14,7642.96,130,66,0.5077,12.36,0.8069,0.4587,2,0,0.0001,4,0,11.0,0
ACC-15128,Mid-Market,24,26,7433.37,100,77,0.77,19.48,0.6909,0.5517,1,0,0.0003,2,4,,0
ACC-15129,SMB,12,16,2369.33,21,16,0.7619,8.7,1.1535,0.689,3,0,0.0001,1,0,,0
ACC-15130,Mid-Market,12,8,9621.34,63,45,0.7143,13.93,0.6629,0.2938,7,0,0.0,4,0,76.0,0
ACC-15131,Mid-Market,36,14,6663.56,95,85,0.8947,16.66,0.9908,0.6292,4,0,0.0001,4,12,22.0,0
ACC-15132,Enterprise,36,8,22048.29,638,506,0.7931,16.44,1.0058,0.7314,5,0,0.0001,4,0,-14.0,0
ACC-15133,Enterprise,12,8,19249.36,406,234,0.5764,4.02,1.156,0.4539,4,0,0.0001,5,12,14.0,0
ACC-15134,SMB,24,10,1318.38,28,23,0.8214,10.76,0.8985,0.5422,3,0,0.0001,2,0,,0
ACC-15135,Mid-Market,12,38,3078.35,148,89,0.6014,14.81,1.2675,0.6721,4,0,0.0001,3,0,-20.0,0
ACC-15136,Mid-Market,12,21,9657.18,105,92,0.8762,21.75,1.2432,0.3936,3,0,0.0001,4,0,34.0,0
ACC-15137,Enterprise,12,14,22160.44,809,605,0.7478,12.1,0.7795,0.6529,1,0,0.0003,4,0,33.0,0
ACC-15138,SMB,12,14,1155.92,5,4,0.8,19.96,0.6679,0.8794,4,1,2.2499,7,0,52.0,0
ACC-15139,SMB,24,17,527.03,26,17,0.6538,11.4,0.736,0.5904,1,0,0.0003,5,0,36.0,0
ACC-15140,Mid-Market,24,12,9642.94,149,121,0.8121,11.93,0.8913,0.6678,3,0,0.0001,2,0,,0
ACC-15141,Enterprise,36,22,42312.88,609,286,0.4696,7.55,0.8271,0.8395,3,0,0.0001,6,0,,0
ACC-15142,Mid-Market,24,18,2283.03,31,24,0.7742,7.37,1.1396,0.958,2,1,4.4995,3,0,43.0,0
ACC-15143,SMB,12,21,1859.86,11,7,0.6364,12.72,0.8798,0.8003,2,0,0.0001,2,0,,0
ACC-15144,Mid-Market,24,14,8908.52,83,77,0.9277,23.85,0.8006,0.7955,3,0,0.0001,3,0,,0
ACC-15145,SMB,36,47,2055.92,21,13,0.619,10.29,0.877,0.6235,4,0,0.0001,5,0,52.0,0
ACC-15146,Mid-Market,24,8,9086.35,35,31,0.8857,21.61,0.9726,0.9142,4,0,0.0001,2,0,30.0,0
ACC-15147,SMB,24,22,1909.05,8,7,0.875,13.05,0.9625,0.585,2,0,0.0001,3,0,42.0,0
ACC-15148,Mid-Market,36,12,5710.77,102,73,0.7157,32.54,1.2936,0.4304,1,0,0.0003,11,0,47.0,0
ACC-15149,Enterprise,12,18,18349.25,123,86,0.6992,13.95,1.2515,0.8054,3,0,0.0001,3,12,,0
ACC-15150,Mid-Market,24,19,8966.32,31,17,0.5484,4.84,1.0148,0.813,6,0,0.0,6,0,,0
ACC-15151,Mid-Market,24,41,4134.91,62,55,0.8871,12.64,1.1877,0.7572,4,0,0.0001,4,0,23.0,0
ACC-15152,SMB,36,19,843.46,26,18,0.6923,25.16,0.7465,0.8067,3,1,2.9998,2,0,39.0,0
ACC-15153,SMB,12,14,567.3,28,18,0.6429,8.25,0.9935,0.5171,10,1,0.9,7,0,45.0,0
ACC-15154,SMB,12,2,872.89,21,18,0.8571,19.5,0.7778,0.9292,2,1,4.4995,6,0,,0
ACC-15155,Mid-Market,24,11,4250.5,79,58,0.7342,8.94,0.943,0.464,1,0,0.0003,3,0,47.0,0
ACC-15156,Enterprise,12,54,10767.81,839,604,0.7199,35.8,0.8796,0.6069,4,0,0.0001,5,12,,0
ACC-15157,SMB,24,23,675.23,12,10,0.8333,11.94,0.8083,0.8707,3,0,0.0001,7,0,47.0,0
ACC-15158,Mid-Market,12,25,3314.0,115,75,0.6522,15.13,0.9281,0.596,2,1,4.4995,4,0,43.0,0
ACC-15159,Mid-Market,12,5,5416.78,90,61,0.6778,11.63,0.7707,0.6793,2,0,0.0001,5,0,,0
ACC-15160,Mid-Market,12,12,7300.97,129,96,0.7442,19.18,0.7977,0.5587,7,1,1.2857,3,0,32.0,0
ACC-15161,Enterprise,12,22,26960.54,495,481,0.9717,8.77,1.1008,0.6406,3,0,0.0001,4,0,20.0,0
ACC-15162,Mid-Market,12,7,8728.7,86,65,0.7558,9.9,0.7366,0.9079,2,0,0.0001,9,0,,0
ACC-15163,Mid-Market,12,17,5150.47,121,86,0.7107,7.78,1.049,0.5305,5,0,0.0001,5,0,59.0,0
ACC-15164,Enterprise,12,33,12043.35,970,674,0.6948,13.47,0.9727,0.4698,1,0,0.0003,2,0,,0
ACC-15165,SMB,12,9,2243.43,20,12,0.6,5.44,0.9754,0.9349,2,0,0.0001,3,0,16.0,0
ACC-15166,Mid-Market,12,11,7750.36,124,86,0.6935,13.29,1.1324,0.5882,3,0,0.0001,7,0,,0
ACC-15167,Enterprise,12,29,8260.76,478,373,0.7803,17.56,1.008,0.5099,3,0,0.0001,6,0,,0
ACC-15168,Mid-Market,24,12,9772.08,83,41,0.494,9.43,0.811,0.8453,2,1,4.4995,4,0,2.0,0
ACC-15169,SMB,24,10,1431.34,11,9,0.8182,18.56,1.0888,0.5543,6,0,0.0,3,0,36.0,0
ACC-15170,Mid-Market,12,35,2733.84,135,111,0.8222,24.63,0.9785,0.5388,1,1,8.9976,3,0,,0
ACC-15171,Mid-Market,12,16,7835.66,118,94,0.7966,19.49,0.8112,0.77,2,1,4.4995,3,0,-28.0,1
ACC-15172,Enterprise,24,9,28639.93,573,371,0.6475,13.74,0.7515,0.8794,6,0,0.0,3,0,48.0,0
ACC-15173,Enterprise,12,30,38703.19,824,753,0.9138,14.75,0.8029,0.6513,3,0,0.0001,7,0,16.0,0
ACC-15174,Mid-Market,36,8,8108.35,98,88,0.898,19.78,1.077,0.7139,5,0,0.0001,4,0,69.0,0
ACC-15175,SMB,24,17,2063.33,6,5,0.8333,14.45,0.7518,0.893,4,0,0.0001,1,0,83.0,0
ACC-15176,SMB,12,19,1376.07,30,18,0.6,13.54,0.9897,0.5542,2,0,0.0001,3,0,,0
ACC-15177,Enterprise,12,11,26585.68,446,255,0.5717,6.07,1.2128,0.9129,2,0,0.0001,1,0,,0
ACC-15178,Mid-Market,12,24,7534.77,105,47,0.4476,24.85,0.9377,0.8126,3,0,0.0001,5,0,49.0,0
ACC-15179,SMB,12,10,990.41,25,20,0.8,14.35,0.9928,0.3492,1,0,0.0003,2,0,69.0,0
ACC-15180,Mid-Market,12,25,2352.77,48,20,0.4167,5.95,1.0469,0.5929,3,2,5.9995,5,0,,1
ACC-15181,SMB,12,15,2112.43,21,18,0.8571,15.59,0.7728,0.9555,2,0,0.0001,3,48,31.0,0
ACC-15182,Enterprise,24,9,36669.37,556,283,0.509,13.44,1.5122,0.8435,3,0,0.0001,5,0,,0
ACC-15183,SMB,12,17,1970.27,14,10,0.7143,15.17,0.7039,0.7688,2,0,0.0001,4,0,16.0,0
ACC-15184,SMB,12,20,430.57,13,10,0.7692,10.54,0.9533,0.6311,4,0,0.0001,5,0,33.0,0
ACC-15185,SMB,24,5,1142.32,15,9,0.6,18.15,0.795,0.5026,3,1,2.9998,3,0,,0
ACC-15186,SMB,12,33,832.93,22,19,0.8636,20.05,0.7822,0.8618,0,1,30001.0,8,0,,0
ACC-15187,Mid-Market,12,16,8182.35,81,50,0.6173,10.97,0.8364,0.6891,8,0,0.0,3,0,-29.0,0
ACC-15188,SMB,12,13,1311.92,21,14,0.6667,29.93,0.999,0.4891,3,1,2.9998,2,0,72.0,0
ACC-15189,Mid-Market,24,19,9283.41,89,81,0.9101,8.46,1.1124,0.8894,4,0,0.0001,2,0,,0
ACC-15190,Mid-Market,36,17,5918.11,133,72,0.5414,13.5,0.9348,0.8571,6,0,0.0,4,0,38.0,0
ACC-15191,SMB,12,12,1655.39,27,22,0.8148,11.1,1.2498,0.8092,5,1,1.8,2,0,1.0,0
ACC-15192,SMB,12,20,1682.15,8,5,0.625,5.26,0.8151,0.361,3,0,0.0001,4,0,43.0,0
ACC-15193,SMB,12,25,740.35,15,13,0.8667,13.43,0.7927,0.817,3,0,0.0001,1,0,30.0,0
ACC-15194,Mid-Market,12,13,6301.64,54,46,0.8519,14.57,0.9285,0.7922,4,0,0.0001,8,0,37.0,0
ACC-15195,SMB,12,3,761.44,28,14,0.5,20.96,1.0782,0.8307,5,0,0.0001,6,4,-57.0,0
ACC-15196,SMB,24,23,792.17,18,14,0.7778,11.66,1.2316,0.3279,4,0,0.0001,5,0,47.0,0
ACC-15197,Enterprise,36,16,15763.3,871,551,0.6326,25.08,1.1135,0.6404,3,1,2.9998,1,0,29.0,0
ACC-15198,Mid-Market,12,9,7583.2,118,74,0.6271,15.28,0.7333,0.5768,2,1,4.4995,2,0,15.0,0
ACC-15199,Mid-Market,12,20,2426.36,136,107,0.7868,26.47,1.0932,0.9464,2,0,0.0001,5,0,80.0,0
ACC-15200,Mid-Market,24,9,5798.49,139,104,0.7482,8.2,1.0461,0.6341,1,0,0.0003,4,0,56.0,0
ACC-15201,SMB,12,23,2066.71,33,23,0.697,7.07,1.1703,0.9226,1,0,0.0003,3,0,24.0,0
ACC-15202,Mid-Market,12,8,7256.23,132,81,0.6136,12.46,1.2016,0.8013,2,0,0.0001,4,4,-5.0,0
ACC-15203,SMB,12,12,661.32,25,24,0.96,29.6,1.0364,0.4451,2,2,8.9988,4,0,4.0,1
ACC-15204,SMB,12,5,2201.81,32,26,0.8125,17.16,1.0388,0.7845,4,0,0.0001,3,0,39.0,0
ACC-15205,Mid-Market,12,12,5514.79,137,106,0.7737,14.28,1.0661,0.518,5,1,1.8,1,0,,0
ACC-15206,SMB,24,13,1087.25,5,2,0.4,7.89,1.2995,0.7864,4,1,2.2499,3,0,24.0,0
ACC-15207,Mid-Market,24,16,8256.66,69,56,0.8116,5.03,0.6584,0.7183,4,1,2.2499,3,0,,0
ACC-15208,SMB,12,14,845.08,22,20,0.9091,27.98,1.2062,0.7429,1,0,0.0003,4,0,6.0,0
ACC-15209,Enterprise,12,8,21625.65,864,693,0.8021,29.0,0.8559,0.6066,4,1,2.2499,7,0,60.0,0
ACC-15210,SMB,36,15,1917.64,7,5,0.7143,13.58,1.0655,0.597,4,0,0.0001,6,0,-23.0,0
ACC-15211,Mid-Market,12,12,4901.18,69,49,0.7101,5.61,0.7284,0.8199,3,1,2.9998,4,0,,0
ACC-15212,Mid-Market,24,17,3888.2,112,88,0.7857,10.35,1.1598,0.6313,2,0,0.0001,3,8,,0
ACC-15213,SMB,12,10,1344.7,31,22,0.7097,22.3,0.7012,0.693,2,0,0.0001,5,0,-22.0,0
ACC-15214,Mid-Market,12,11,3679.56,82,66,0.8049,23.57,0.7203,0.53,5,0,0.0001,3,0,33.0,0
ACC-15215,Mid-Market,12,20,2239.52,65,53,0.8154,24.63,0.7687,0.6495,4,0,0.0001,5,0,29.0,0
ACC-15216,Mid-Market,24,14,7843.42,66,37,0.5606,7.99,1.0947,0.6683,5,1,1.8,5,8,52.0,0
ACC-15217,SMB,12,6,2118.77,27,22,0.8148,17.61,0.9296,0.7849,4,1,2.2499,3,0,17.0,0
ACC-15218,Mid-Market,12,35,7501.27,80,62,0.775,21.97,0.8245,0.8004,8,0,0.0,2,0,-15.0,0
ACC-15219,Enterprise,12,24,26243.12,617,422,0.684,26.36,1.0463,0.7869,1,0,0.0003,2,0,33.0,0
ACC-15220,Mid-Market,24,24,7846.71,50,44,0.88,12.65,0.8161,0.6957,3,0,0.0001,3,0,,0
ACC-15221,Mid-Market,36,5,7305.58,114,83,0.7281,23.5,0.8211,0.8549,4,0,0.0001,5,0,47.0,0
ACC-15222,Enterprise,36,4,36633.04,703,442,0.6287,12.52,0.9641,0.4648,1,0,0.0003,5,0,47.0,0
ACC-15223,Mid-Market,36,27,8056.65,51,33,0.6471,22.96,1.0766,0.7772,5,0,0.0001,3,0,,0
ACC-15224,Mid-Market,12,8,7982.61,63,29,0.4603,29.08,1.0672,0.8629,3,0,0.0001,4,0,1.0,0
ACC-15225,Enterprise,12,18,30779.39,136,76,0.5588,10.92,0.8288,0.6355,7,0,0.0,3,0,62.0,0
ACC-15226,Mid-Market,12,12,7628.05,144,116,0.8056,4.56,0.7541,0.4949,2,0,0.0001,3,0,100.0,0
ACC-15227,SMB,12,4,745.67,6,5,0.8333,7.87,0.8965,0.6498,3,0,0.0001,3,16,46.0,0
ACC-15228,Enterprise,24,10,21009.25,889,807,0.9078,9.03,0.8222,0.59,5,0,0.0001,3,0,,0
ACC-15229,Mid-Market,24,19,9644.57,44,40,0.9091,20.18,1.0041,0.6125,3,0,0.0001,3,0,,0
ACC-15230,SMB,12,14,2472.09,8,6,0.75,17.64,1.528,0.6595,4,0,0.0001,4,0,,0
ACC-15231,Mid-Market,24,38,4701.31,100,79,0.79,9.31,1.2001,0.6294,4,1,2.2499,3,0,71.0,0
ACC-15232,SMB,36,23,2255.75,7,5,0.7143,6.9,0.8365,0.5672,4,0,0.0001,3,0,45.0,0
ACC-15233,Mid-Market,12,20,6736.23,70,50,0.7143,33.46,0.787,0.9231,8,1,1.125,5,0,60.0,0
ACC-15234,Mid-Market,12,18,7144.87,94,79,0.8404,10.37,0.9836,0.8462,1,1,8.9976,3,0,,0
ACC-15235,Enterprise,12,9,36186.74,767,562,0.7327,11.0,0.8488,0.4823,4,0,0.0001,5,0,,0
ACC-15236,SMB,12,9,1345.93,34,16,0.4706,12.68,1.6509,0.5172,4,2,4.4997,1,0,44.0,1
ACC-15237,SMB,24,16,1986.63,29,22,0.7586,17.36,0.7251,0.6943,4,0,0.0001,5,0,,0
ACC-15238,Enterprise,12,10,28206.06,586,485,0.8276,5.16,1.3285,0.8185,3,0,0.0001,4,0,34.0,0
ACC-15239,Mid-Market,12,35,2263.97,74,69,0.9324,13.78,1.2757,0.8037,1,0,0.0003,3,88,,1
ACC-15240,SMB,36,22,1897.8,18,15,0.8333,15.69,0.7838,0.7957,4,0,0.0001,6,0,57.0,0
ACC-15241,Mid-Market,12,29,8958.43,67,52,0.7761,3.26,1.0717,0.9276,5,1,1.8,3,0,13.0,0
ACC-15242,Mid-Market,12,3,2598.76,44,39,0.8864,20.01,1.811,0.8335,4,1,2.2499,6,16,5.0,1
ACC-15243,SMB,36,20,1511.42,31,24,0.7742,24.96,1.2722,0.5657,6,2,2.9999,2,0,23.0,1
ACC-15244,SMB,12,6,1459.06,26,20,0.7692,9.56,1.1443,0.8785,3,1,2.9998,7,0,44.0,0
ACC-15245,Mid-Market,12,31,2177.65,64,52,0.8125,8.9,0.6984,0.4982,7,0,0.0,4,0,,0
ACC-15246,SMB,24,22,1736.23,7,5,0.7143,9.52,0.8285,0.5706,3,0,0.0001,3,0,,0
ACC-15247,SMB,12,23,2256.33,16,15,0.9375,22.88,0.8031,0.5561,1,0,0.0003,3,0,32.0,0
ACC-15248,Mid-Market,24,24,3767.33,38,35,0.9211,8.84,0.8423,0.9516,5,0,0.0001,2,0,33.0,0
ACC-15249,Mid-Market,12,11,5442.76,59,49,0.8305,10.45,0.9537,0.908,1,0,0.0003,5,0,57.0,0
ACC-15250,Mid-Market,12,41,5648.57,74,53,0.7162,31.7,1.0424,0.8119,6,0,0.0,6,8,64.0,0
ACC-15251,SMB,12,22,1921.73,9,8,0.8889,16.18,0.9602,0.8035,8,1,1.125,4,0,14.0,0
ACC-15252,SMB,12,18,2257.18,27,17,0.6296,12.94,1.2963,0.9629,1,0,0.0003,6,0,,0
ACC-15253,Enterprise,24,12,36597.86,357,261,0.7311,21.21,0.8638,0.5624,5,0,0.0001,3,0,,0
ACC-15254,SMB,24,15,1454.74,12,7,0.5833,24.18,0.9345,0.6444,2,2,8.9988,4,0,27.0,1
ACC-15255,Mid-Market,36,31,6030.49,88,80,0.9091,29.37,1.1734,0.6522,3,0,0.0001,7,0,1.0,0
ACC-15256,Enterprise,24,13,21063.23,728,587,0.8063,18.48,0.698,0.742,5,0,0.0001,8,0,74.0,0
ACC-15257,Mid-Market,12,11,5757.17,35,27,0.7714,26.06,0.8784,0.4318,2,1,4.4995,3,0,,0
ACC-15258,Mid-Market,24,21,9817.1,142,123,0.8662,27.71,1.0513,0.5624,3,0,0.0001,6,0,31.0,0
ACC-15259,SMB,24,16,1728.05,16,11,0.6875,15.14,0.825,0.8035,5,0,0.0001,4,0,,0
ACC-15260,Mid-Market,24,11,2097.85,72,43,0.5972,6.32,0.9751,0.504,2,0,0.0001,4,0,65.0,0
ACC-15261,SMB,24,27,1728.04,23,8,0.3478,13.98,1.036,0.8513,3,1,2.9998,4,0,24.0,0
ACC-15262,Mid-Market,24,9,4552.74,121,109,0.9008,17.49,0.8322,0.854,6,0,0.0,4,0,7.0,0
ACC-15263,Enterprise,12,14,28812.18,672,421,0.6265,14.42,1.051,0.755,2,1,4.4995,2,0,10.0,0
ACC-15264,SMB,24,9,936.5,14,12,0.8571,9.47,1.0594,0.7316,5,0,0.0001,5,0,73.0,0
ACC-15265,Mid-Market,12,40,9907.13,47,20,0.4255,12.29,1.3316,0.7385,2,0,0.0001,2,0,,0
ACC-15266,Mid-Market,12,22,5890.56,132,72,0.5455,14.21,0.8971,0.4966,4,0,0.0001,3,16,13.0,0
ACC-15267,Mid-Market,24,19,6666.5,115,74,0.6435,10.76,1.288,0.652,6,3,4.4998,5,0,28.0,1
ACC-15268,SMB,12,10,1259.13,24,19,0.7917,15.55,0.748,0.9028,2,0,0.0001,3,0,19.0,0
ACC-15269,Mid-Market,12,40,4950.29,110,87,0.7909,14.2,0.8762,0.7712,5,1,1.8,3,0,,0
ACC-15270,Enterprise,12,6,33406.34,244,221,0.9057,1.29,1.153,0.7161,9,0,0.0,3,0,31.0,0
ACC-15271,Enterprise,24,14,21180.4,644,609,0.9457,32.1,0.8119,0.7954,0,1,30001.0,6,0,36.0,0
ACC-15272,Mid-Market,12,15,3949.51,95,61,0.6421,5.73,0.8991,0.4552,3,2,5.9995,2,0,35.0,1
ACC-15273,SMB,24,6,1559.81,13,9,0.6923,13.15,0.7288,0.4025,6,0,0.0,2,0,47.0,0
ACC-15274,Mid-Market,12,17,4671.37,64,53,0.8281,13.13,0.9629,0.8358,7,1,1.2857,3,0,32.0,0
ACC-15275,Mid-Market,12,11,8560.35,72,61,0.8472,10.53,1.0104,0.5219,1,0,0.0003,4,0,,0
ACC-15276,Enterprise,12,33,24156.99,174,114,0.6552,21.84,0.9209,0.7336,2,0,0.0001,4,0,-2.0,0
ACC-15277,Mid-Market,24,7,8883.58,117,85,0.7265,8.58,1.179,0.6367,5,2,3.5998,9,0,32.0,0
ACC-15278,SMB,12,23,896.89,27,24,0.8889,10.7,1.0606,0.695,4,0,0.0001,8,0,-0.0,0
ACC-15279,Mid-Market,36,17,9880.16,96,70,0.7292,5.14,0.8692,0.6534,4,3,6.7496,7,0,30.0,0
ACC-15280,SMB,36,27,1768.94,12,8,0.6667,11.32,0.9049,0.5782,2,0,0.0001,3,0,-35.0,0
ACC-15281,Mid-Market,24,14,5077.67,85,73,0.8588,3.42,1.055,0.7447,7,0,0.0,1,0,37.0,0
ACC-15282,Enterprise,36,9,42455.44,254,248,0.9764,3.45,0.6993,0.4337,4,0,0.0001,5,4,46.0,0
ACC-15283,SMB,12,36,1464.45,7,5,0.7143,10.38,0.9729,0.7112,2,1,4.4995,4,0,,1
ACC-15284,Mid-Market,12,36,4476.99,42,25,0.5952,5.59,0.9181,0.848,7,0,0.0,5,0,28.0,0
ACC-15285,SMB,24,24,1776.38,33,21,0.6364,18.44,1.3398,0.803,0,0,1.0,5,0,11.0,0
ACC-15286,SMB,24,21,1630.92,9,5,0.5556,19.54,0.8864,0.6552,4,0,0.0001,5,0,43.0,0
ACC-15287,Enterprise,24,19,28833.66,713,461,0.6466,18.82,0.9083,0.7749,2,1,4.4995,5,0,-10.0,0
ACC-15288,Enterprise,24,22,31636.8,451,278,0.6164,39.14,0.9455,0.7553,3,0,0.0001,5,28,,0
ACC-15289,SMB,36,49,464.39,10,9,0.9,12.43,0.7599,0.7888,9,0,0.0,2,0,51.0,0
ACC-15290,Mid-Market,12,7,6981.82,118,44,0.3729,14.26,1.4737,0.7323,5,0,0.0001,3,0,83.0,0
ACC-15291,Enterprise,24,16,39724.62,294,257,0.8741,30.52,1.0315,0.807,6,0,0.0,4,0,,0
ACC-15292,Enterprise,24,12,42011.86,433,385,0.8891,5.41,0.6869,0.6379,5,0,0.0001,2,0,14.0,0
ACC-15293,Enterprise,24,17,15208.54,154,139,0.9026,36.52,0.8378,0.4888,2,0,0.0001,2,0,40.0,0
ACC-15294,SMB,12,7,2399.58,26,19,0.7308,7.18,0.9697,0.6616,6,0,0.0,2,0,2.0,0
ACC-15295,Enterprise,24,9,33341.0,979,712,0.7273,18.61,1.7683,0.7486,4,0,0.0001,3,0,71.0,0
ACC-15296,Mid-Market,36,8,3325.93,141,119,0.844,19.06,0.8261,0.6464,2,2,8.9988,4,0,,0
ACC-15297,Mid-Market,12,22,2910.43,137,89,0.6496,31.86,1.4419,0.8003,4,0,0.0001,4,0,,0
ACC-15298,Mid-Market,24,16,2827.17,137,93,0.6788,18.24,1.4665,0.8232,4,0,0.0001,7,0,35.0,0
ACC-15299,Enterprise,12,6,38250.64,383,204,0.5326,10.83,1.1536,0.6229,4,0,0.0001,3,0,,0
ACC-15300,SMB,36,5,593.37,20,17,0.85,21.45,0.6432,0.6335,1,0,0.0003,5,0,46.0,0
ACC-15301,Enterprise,12,4,39954.32,544,514,0.9449,7.99,1.0652,0.7068,3,0,0.0001,1,0,,0
ACC-15302,SMB,12,14,2422.49,20,11,0.55,12.41,1.6117,0.7456,2,2,8.9988,0,0,1.0,1
ACC-15303,SMB,12,15,2048.27,19,18,0.9474,23.39,0.6732,0.6223,5,1,1.8,6,4,68.0,0
ACC-15304,Mid-Market,24,15,9188.87,53,38,0.717,9.06,1.215,0.7403,1,1,8.9976,4,0,55.0,0
ACC-15305,Mid-Market,12,10,9239.04,73,44,0.6027,11.97,0.9064,0.6297,8,0,0.0,4,0,77.0,0
ACC-15306,Mid-Market,24,13,5926.59,144,118,0.8194,6.54,0.9563,0.7399,4,0,0.0001,1,12,23.0,0
ACC-15307,Mid-Market,36,14,6186.38,118,92,0.7797,21.8,0.857,0.6464,4,0,0.0001,10,0,96.0,0
ACC-15308,SMB,24,16,1494.84,32,28,0.875,11.62,0.8417,0.5934,4,1,2.2499,7,8,,0
ACC-15309,SMB,12,19,785.23,11,10,0.9091,16.57,0.9587,0.8913,1,0,0.0003,4,0,58.0,0
ACC-15310,Mid-Market,36,28,5696.27,105,81,0.7714,21.28,1.0958,0.7463,4,1,2.2499,3,0,-11.0,0
ACC-15311,Mid-Market,24,10,8052.93,113,58,0.5133,16.28,0.9651,0.5735,6,0,0.0,6,0,16.0,0
ACC-15312,SMB,12,24,1861.75,23,13,0.5652,7.25,0.8318,0.7066,3,0,0.0001,2,0,90.0,0
ACC-15313,SMB,12,11,2063.31,19,9,0.4737,9.11,1.5994,0.6414,0,0,1.0,6,0,20.0,0
ACC-15314,Mid-Market,12,22,6312.15,47,37,0.7872,31.67,1.4856,0.6318,6,0,0.0,5,0,,0
ACC-15315,Mid-Market,24,16,6001.98,125,105,0.84,15.0,1.2433,0.8317,6,0,0.0,4,0,5.0,0
ACC-15316,Mid-Market,12,49,7464.67,109,105,0.9633,20.83,0.8232,0.3616,1,0,0.0003,2,4,100.0,0
ACC-15317,SMB,12,19,1039.97,23,19,0.8261,14.06,0.9272,0.6776,4,0,0.0001,7,0,37.0,0
ACC-15318,Enterprise,24,25,18065.85,658,619,0.9407,5.53,0.6751,0.4125,3,1,2.9998,4,0,47.0,0
ACC-15319,Mid-Market,24,2,4010.58,81,69,0.8519,10.47,0.6695,0.6602,1,1,8.9976,5,0,63.0,0
ACC-15320,Mid-Market,24,26,7194.73,72,63,0.875,16.22,0.9715,0.6173,2,0,0.0001,7,0,,0
ACC-15321,Mid-Market,24,10,7817.22,90,51,0.5667,8.06,1.7297,0.9031,3,0,0.0001,4,0,,0
ACC-15322,Mid-Market,12,15,5671.79,123,100,0.813,10.01,0.9874,0.9001,5,1,1.8,5,0,68.0,0
ACC-15323,SMB,24,13,1151.15,31,25,0.8065,5.49,1.057,0.8339,4,0,0.0001,3,4,,0
ACC-15324,Enterprise,12,8,27757.41,936,509,0.5438,19.27,1.0199,0.8098,3,0,0.0001,7,0,15.0,0
ACC-15325,Mid-Market,24,37,4855.59,31,19,0.6129,12.02,1.598,0.4049,4,0,0.0001,3,0,,0
ACC-15326,Enterprise,24,29,29681.33,483,373,0.7723,15.31,0.8007,0.6664,1,0,0.0003,2,0,50.0,0
ACC-15327,Enterprise,12,9,23775.52,343,269,0.7843,14.53,1.0255,0.5733,3,0,0.0001,2,0,47.0,0
ACC-15328,Mid-Market,36,8,9478.82,44,38,0.8636,5.26,0.9172,0.7534,4,1,2.2499,6,0,,0
ACC-15329,Mid-Market,12,21,4425.24,67,39,0.5821,7.44,1.1506,0.7147,1,1,8.9976,4,0,57.0,0
ACC-15330,Mid-Market,12,26,6716.87,87,73,0.8391,12.77,0.903,0.7018,2,0,0.0001,2,0,56.0,0
ACC-15331,Mid-Market,36,16,5130.01,47,44,0.9362,3.15,0.7524,0.6947,5,1,1.8,0,0,66.0,0
ACC-15332,Enterprise,24,10,41917.88,170,154,0.9059,10.16,1.086,0.8074,5,1,1.8,2,0,16.0,0
ACC-15333,Mid-Market,24,14,3739.07,53,23,0.434,23.87,1.3532,0.7769,2,1,4.4995,8,0,-5.0,0
ACC-15334,SMB,12,5,1774.87,24,15,0.625,7.22,0.8282,0.9182,3,0,0.0001,3,0,,0
ACC-15335,SMB,24,6,1208.41,8,6,0.75,28.81,0.8818,0.9471,8,0,0.0,5,0,42.0,0
ACC-15336,Mid-Market,12,27,8833.66,62,55,0.8871,16.34,1.2704,0.8749,6,0,0.0,2,0,1.0,0
ACC-15337,Mid-Market,12,11,5247.25,143,84,0.5874,5.7,1.0155,0.5627,3,1,2.9998,2,0,,0
ACC-15338,SMB,12,15,2071.87,14,9,0.6429,14.87,1.2364,0.5171,2,0,0.0001,6,4,15.0,0
ACC-15339,Enterprise,12,19,16941.79,184,158,0.8587,30.22,0.9898,0.8961,2,1,4.4995,6,0,67.0,0
ACC-15340,SMB,24,15,890.67,14,11,0.7857,11.97,0.8412,0.5118,2,0,0.0001,5,0,18.0,0
ACC-15341,SMB,12,19,2315.84,16,11,0.6875,24.38,0.8373,0.8869,5,0,0.0001,7,0,21.0,0
ACC-15342,Enterprise,12,27,32050.21,438,338,0.7717,16.21,1.2456,0.6172,1,2,17.9949,0,0,,1
ACC-15343,Enterprise,12,10,35808.99,633,392,0.6193,7.82,0.6341,0.8162,5,2,3.5998,5,0,28.0,1
ACC-15344,SMB,24,27,1809.53,25,19,0.76,6.71,1.3013,0.6066,2,0,0.0001,2,0,22.0,0
ACC-15345,Mid-Market,24,19,2616.63,70,66,0.9429,8.15,0.8013,0.2541,6,2,2.9999,3,0,58.0,0
ACC-15346,Enterprise,12,22,31075.73,322,198,0.6149,9.35,0.9713,0.5877,3,0,0.0001,0,0,,0
ACC-15347,Mid-Market,24,26,2839.87,104,95,0.9135,14.36,0.6683,0.5811,2,2,8.9988,8,0,39.0,1
ACC-15348,Mid-Market,12,17,9685.97,108,76,0.7037,12.18,1.3843,0.4789,3,1,2.9998,5,0,15.0,0
ACC-15349,SMB,24,55,2015.8,7,4,0.5714,35.55,0.7669,0.8831,8,2,2.25,5,0,73.0,0
ACC-15350,SMB,12,8,2222.84,30,22,0.7333,7.81,1.2142,0.473,5,0,0.0001,0,0,,0
ACC-15351,SMB,12,27,2022.43,9,6,0.6667,13.7,0.9369,0.5924,3,0,0.0001,4,0,62.0,0
ACC-15352,Mid-Market,24,11,3731.5,48,40,0.8333,12.47,1.0905,0.3194,5,1,1.8,1,0,18.0,0
ACC-15353,Mid-Market,36,19,8654.36,97,49,0.5052,10.48,0.9531,0.5904,6,0,0.0,2,0,-8.0,0
ACC-15354,Mid-Market,12,15,3501.51,75,36,0.48,15.36,0.9995,0.5495,2,1,4.4995,2,0,3.0,0
ACC-15355,Mid-Market,24,14,4965.19,49,43,0.8776,12.24,1.4065,0.9594,2,1,4.4995,4,0,-2.0,0
ACC-15356,Enterprise,24,14,25043.31,716,396,0.5531,28.28,1.248,0.4352,5,1,1.8,5,0,46.0,0
ACC-15357,SMB,36,22,483.48,11,10,0.9091,18.74,1.111,0.8092,0,0,1.0,4,0,,0
ACC-15358,SMB,12,9,1649.76,26,18,0.6923,16.42,1.1512,0.7363,8,1,1.125,8,0,,0
ACC-15359,Mid-Market,12,11,2931.64,105,79,0.7524,14.1,0.9932,0.5983,3,0,0.0001,6,0,8.0,0
ACC-15360,Mid-Market,24,8,2037.07,92,69,0.75,7.81,0.868,0.9677,4,0,0.0001,4,0,-6.0,0
ACC-15361,Mid-Market,12,36,7213.4,92,71,0.7717,18.95,0.661,0.5951,6,0,0.0,1,0,80.0,0
ACC-15362,Mid-Market,12,25,2789.37,80,74,0.925,6.42,0.8495,0.6783,1,0,0.0003,2,0,34.0,0
ACC-15363,SMB,12,11,919.29,26,24,0.9231,15.13,1.0591,0.3638,6,0,0.0,2,4,54.0,0
ACC-15364,Mid-Market,24,21,8863.04,107,93,0.8692,14.3,0.9359,0.5076,4,0,0.0001,9,0,,0
ACC-15365,SMB,12,8,1383.53,30,27,0.9,12.28,1.059,0.9151,2,1,4.4995,2,0,,0
ACC-15366,Mid-Market,24,16,7264.71,92,80,0.8696,27.81,1.28,0.7426,4,0,0.0001,3,0,45.0,0
ACC-15367,Mid-Market,12,14,4168.48,105,57,0.5429,12.78,0.895,0.816,0,0,1.0,2,0,17.0,0
ACC-15368,SMB,12,14,1535.31,25,23,0.92,16.55,0.884,0.6813,3,1,2.9998,1,0,61.0,0
ACC-15369,Enterprise,12,12,42329.01,433,335,0.7737,24.52,0.6715,0.6159,3,0,0.0001,4,0,,0
ACC-15370,Mid-Market,12,54,9372.71,100,74,0.74,12.44,0.7895,0.4167,2,1,4.4995,2,12,,0
ACC-15371,Mid-Market,24,23,7208.26,121,89,0.7355,29.46,1.2288,0.6334,3,0,0.0001,3,0,57.0,0
ACC-15372,Mid-Market,24,45,2933.33,100,72,0.72,20.3,2.4307,0.7409,5,0,0.0001,4,0,46.0,0
ACC-15373,SMB,12,12,1994.42,11,6,0.5455,10.75,1.2615,0.5654,5,2,3.5998,6,0,-33.0,1
ACC-15374,Mid-Market,12,9,3506.83,123,74,0.6016,11.3,0.9529,0.6278,1,0,0.0003,3,0,23.0,0
ACC-15375,SMB,24,19,2129.09,13,10,0.7692,12.73,1.0026,0.5998,4,1,2.2499,7,0,,0
ACC-15376,Mid-Market,24,16,8760.21,114,101,0.886,18.41,0.7472,0.5025,2,1,4.4995,2,0,68.0,0
ACC-15377,Mid-Market,24,23,5986.66,45,39,0.8667,25.55,0.8599,0.6716,3,1,2.9998,3,0,58.0,0
ACC-15378,SMB,24,27,1567.56,18,14,0.7778,7.23,0.766,0.1866,9,0,0.0,2,0,93.0,0
ACC-15379,Mid-Market,12,4,3980.55,141,109,0.773,6.04,0.7509,0.8516,5,1,1.8,0,0,-4.0,0
ACC-15380,Mid-Market,24,47,6954.97,93,72,0.7742,8.82,0.9602,0.6479,0,0,1.0,1,0,,0
ACC-15381,Mid-Market,12,19,4651.9,98,57,0.5816,21.83,1.0272,0.6573,2,1,4.4995,4,0,29.0,0
ACC-15382,Mid-Market,12,23,9555.67,36,29,0.8056,18.06,0.7506,0.7815,2,1,4.4995,2,0,24.0,0
ACC-15383,Enterprise,24,36,17608.67,923,650,0.7042,15.78,0.8635,0.9233,2,1,4.4995,8,0,-10.0,0
ACC-15384,Mid-Market,36,10,8092.18,137,100,0.7299,16.54,1.0752,0.7085,1,1,8.9976,5,0,,0
ACC-15385,Mid-Market,24,15,7637.46,114,96,0.8421,10.05,0.8109,0.7074,6,0,0.0,6,0,,0
ACC-15386,Mid-Market,12,8,3307.46,120,80,0.6667,18.48,0.7047,0.7529,5,0,0.0001,5,16,21.0,0
ACC-15387,SMB,12,9,2052.97,8,7,0.875,3.88,0.8605,0.6657,1,0,0.0003,4,0,59.0,0
ACC-15388,Mid-Market,12,27,3678.29,138,64,0.4638,20.83,1.0487,0.6531,0,2,60001.0,7,0,12.0,1
ACC-15389,SMB,24,34,1342.02,16,15,0.9375,28.76,0.7408,0.4726,1,2,17.9949,2,0,21.0,1
ACC-15390,Enterprise,12,6,37205.31,647,570,0.881,27.31,0.6561,0.671,2,0,0.0001,3,0,8.0,0
ACC-15391,Mid-Market,24,20,2559.78,136,122,0.8971,4.35,1.3484,0.76,1,0,0.0003,7,0,5.0,0
ACC-15392,SMB,12,30,2431.6,7,4,0.5714,29.2,0.8848,0.7044,3,0,0.0001,5,8,,0
ACC-15393,Mid-Market,24,27,5001.35,62,56,0.9032,9.72,1.4363,0.6342,5,0,0.0001,7,0,,0
ACC-15394,SMB,36,17,542.46,9,8,0.8889,4.54,1.074,0.7381,3,1,2.9998,3,0,1.0,0
ACC-15395,Mid-Market,12,20,5333.63,48,38,0.7917,26.93,0.9132,0.4943,2,3,13.4981,2,0,75.0,1
ACC-15396,Enterprise,12,20,30523.25,310,235,0.7581,6.32,0.7849,0.6583,1,2,17.9949,1,0,21.0,1
ACC-15397,Mid-Market,24,19,5640.87,56,30,0.5357,18.48,0.9041,0.782,3,0,0.0001,2,0,54.0,0
ACC-15398,Mid-Market,12,21,8770.71,68,42,0.6176,8.03,0.6499,0.7467,2,0,0.0001,7,8,80.0,0
ACC-15399,SMB,24,14,419.78,24,21,0.875,20.64,0.9984,0.8138,2,0,0.0001,4,0,91.0,0
ACC-15400,Mid-Market,24,45,2019.96,37,24,0.6486,3.93,0.772,0.7158,6,0,0.0,4,0,,0
ACC-15401,SMB,12,10,971.95,25,19,0.76,7.98,0.8219,0.5474,6,0,0.0,6,0,81.0,0
ACC-15402,SMB,24,31,1888.37,18,11,0.6111,9.9,0.6638,0.6525,3,2,5.9995,4,0,34.0,0
ACC-15403,Mid-Market,12,11,4492.39,125,104,0.832,25.73,1.0813,0.5575,4,0,0.0001,3,0,30.0,0
ACC-15404,Mid-Market,36,22,5307.45,81,74,0.9136,25.98,0.9549,0.5962,4,1,2.2499,3,0,-13.0,0
ACC-15405,SMB,12,11,1051.92,19,10,0.5263,16.02,1.1923,0.7249,8,0,0.0,2,0,26.0,0
ACC-15406,SMB,24,21,2396.39,30,27,0.9,4.85,0.9211,0.7632,3,0,0.0001,4,0,,0
ACC-15407,Mid-Market,12,16,3595.52,46,37,0.8043,12.89,0.9203,0.5605,4,0,0.0001,1,0,95.0,0
ACC-15408,Mid-Market,12,24,9843.79,69,42,0.6087,8.0,0.7643,0.5255,3,1,2.9998,9,0,,0
ACC-15409,Mid-Market,12,10,9702.98,57,50,0.8772,15.37,0.961,0.484,4,0,0.0001,4,0,-38.0,0
ACC-15410,SMB,24,10,626.45,26,17,0.6538,7.29,0.9091,0.5014,2,0,0.0001,4,0,45.0,0
ACC-15411,Mid-Market,24,34,3409.2,35,28,0.8,19.1,1.0011,0.8084,2,0,0.0001,3,0,79.0,0
ACC-15412,SMB,24,39,1204.44,14,10,0.7143,9.09,0.9267,0.9024,1,0,0.0003,7,0,16.0,0
ACC-15413,Enterprise,12,15,29460.64,454,388,0.8546,15.19,0.9982,0.8484,3,0,0.0001,6,24,65.0,0
ACC-15414,Enterprise,24,20,37390.94,116,82,0.7069,17.92,0.8417,0.8562,4,0,0.0001,3,0,,0
ACC-15415,Mid-Market,24,6,4085.82,117,89,0.7607,21.9,0.6922,0.7846,2,0,0.0001,7,0,34.0,0
ACC-15416,Mid-Market,12,17,7701.53,141,85,0.6028,26.53,1.1839,0.9113,5,0,0.0001,2,12,25.0,0
ACC-15417,Mid-Market,12,13,2641.54,138,103,0.7464,7.86,1.4589,0.4718,2,0,0.0001,4,0,,0
ACC-15418,Mid-Market,12,43,8234.5,126,110,0.873,6.69,0.8969,0.4608,2,0,0.0001,8,0,,0
ACC-15419,Mid-Market,12,12,3561.23,78,37,0.4744,11.19,0.9761,0.6584,4,2,4.4997,6,0,29.0,1
ACC-15420,Enterprise,12,44,40050.2,226,169,0.7478,10.76,1.376,0.6502,7,1,1.2857,5,0,42.0,0
ACC-15421,Mid-Market,24,12,3493.81,119,81,0.6807,10.86,1.0489,0.5594,9,2,2.0,3,0,,1
ACC-15422,SMB,12,23,2390.15,34,32,0.9412,14.11,0.9601,0.9004,7,0,0.0,7,0,49.0,0
ACC-15423,Mid-Market,24,39,7405.73,60,51,0.85,9.57,1.7971,0.8537,8,0,0.0,2,0,34.0,0
ACC-15424,Mid-Market,36,15,6603.97,94,75,0.7979,9.36,1.2994,0.8595,3,0,0.0001,4,0,52.0,0
ACC-15425,Mid-Market,24,38,5150.42,32,25,0.7812,13.79,0.8954,0.4372,3,0,0.0001,2,0,18.0,0
ACC-15426,SMB,24,26,1228.33,5,5,1.0,13.89,1.21,0.5698,2,0,0.0001,4,0,28.0,0
ACC-15427,Mid-Market,12,17,4285.12,142,100,0.7042,23.98,0.6154,0.8074,2,1,4.4995,6,0,21.0,0
ACC-15428,SMB,24,21,2173.87,18,17,0.9444,24.15,0.8479,0.6897,2,1,4.4995,4,0,76.0,0
ACC-15429,SMB,12,34,711.58,21,15,0.7143,22.63,0.8256,0.5753,5,0,0.0001,7,0,19.0,0
ACC-15430,Mid-Market,24,20,6458.68,114,91,0.7982,9.95,1.0824,0.6871,1,0,0.0003,5,0,17.0,0
ACC-15431,Enterprise,36,7,32768.75,855,713,0.8339,32.67,0.8237,0.6305,3,0,0.0001,6,0,10.0,0
ACC-15432,SMB,24,26,891.17,8,5,0.625,6.62,1.0895,0.7412,6,0,0.0,2,0,,0
ACC-15433,Enterprise,24,27,43686.2,882,592,0.6712,11.3,0.8307,0.7589,6,2,2.9999,0,4,40.0,1
ACC-15434,Mid-Market,12,20,6827.71,116,97,0.8362,9.83,0.7685,0.129,5,1,1.8,1,0,24.0,0
ACC-15435,SMB,12,12,1141.15,34,26,0.7647,13.9,0.9864,0.8039,4,0,0.0001,2,0,,0
ACC-15436,Mid-Market,24,26,7645.62,51,25,0.4902,22.08,0.9768,0.6644,4,1,2.2499,4,8,,0
ACC-15437,SMB,12,8,500.32,11,9,0.8182,22.21,0.832,0.5484,2,0,0.0001,1,0,-18.0,0
ACC-15438,Enterprise,24,21,9717.23,498,418,0.8394,20.35,1.6913,0.6815,4,1,2.2499,3,0,32.0,0
ACC-15439,SMB,12,20,1780.92,5,2,0.4,18.29,0.7619,0.662,2,0,0.0001,3,0,,0
ACC-15440,Mid-Market,24,17,9207.44,69,54,0.7826,7.0,0.8369,0.7334,1,0,0.0003,5,12,22.0,0
ACC-15441,Mid-Market,12,31,5001.85,90,52,0.5778,22.04,1.6834,0.7241,5,0,0.0001,1,0,30.0,0
ACC-15442,Enterprise,12,13,14944.29,443,334,0.754,11.78,0.9198,0.6535,5,0,0.0001,3,4,95.0,0
ACC-15443,SMB,24,9,2442.77,19,13,0.6842,3.85,1.111,0.8962,1,1,8.9976,5,0,47.0,0
ACC-15444,Enterprise,12,10,42719.9,938,649,0.6919,6.7,1.1028,0.8838,3,0,0.0001,9,0,-33.0,0
ACC-15445,Enterprise,12,31,27570.64,122,103,0.8443,32.85,0.8548,0.309,2,0,0.0001,4,0,,0
ACC-15446,Mid-Market,12,23,7336.48,95,65,0.6842,12.53,0.9937,0.5235,7,0,0.0,4,0,-25.0,0
ACC-15447,Mid-Market,12,22,7078.2,144,117,0.8125,13.92,1.3614,0.9346,2,0,0.0001,3,0,,0
ACC-15448,Mid-Market,12,21,7660.66,71,44,0.6197,16.73,1.8598,0.4909,5,1,1.8,3,0,69.0,0
ACC-15449,Enterprise,12,15,18928.21,372,255,0.6855,21.32,0.7916,0.6073,5,0,0.0001,2,0,50.0,0
ACC-15450,Mid-Market,24,9,8176.35,111,95,0.8559,21.75,0.8282,0.6903,3,1,2.9998,3,0,4.0,0
ACC-15451,Mid-Market,12,9,5699.02,31,19,0.6129,14.36,1.5012,0.7467,4,1,2.2499,4,0,39.0,0
ACC-15452,Mid-Market,36,21,7421.49,108,62,0.5741,24.59,1.2553,0.4765,3,0,0.0001,6,0,42.0,0
ACC-15453,Mid-Market,12,13,4755.07,138,123,0.8913,12.47,0.7893,0.1483,4,1,2.2499,4,0,-13.0,1
ACC-15454,SMB,12,11,1244.89,22,15,0.6818,9.14,0.8576,0.8201,5,0,0.0001,4,0,42.0,0
ACC-15455,Mid-Market,12,15,9422.95,106,59,0.5566,13.96,0.6844,0.6818,3,1,2.9998,2,0,,0
ACC-15456,Mid-Market,24,32,9772.59,109,78,0.7156,5.87,1.0555,0.4835,2,0,0.0001,3,12,,0
ACC-15457,Mid-Market,12,18,5662.85,55,37,0.6727,14.86,0.6649,0.9237,4,0,0.0001,5,0,39.0,0
ACC-15458,SMB,24,42,2226.33,21,16,0.7619,17.19,1.0054,0.625,2,1,4.4995,5,0,62.0,0
ACC-15459,SMB,12,22,1086.16,16,9,0.5625,31.68,1.0106,0.7541,3,0,0.0001,2,0,24.0,0
ACC-15460,SMB,12,60,415.31,7,6,0.8571,4.72,0.8395,0.6364,6,0,0.0,4,0,48.0,0
ACC-15461,Mid-Market,24,20,8725.2,140,129,0.9214,15.81,1.4623,0.5686,4,0,0.0001,3,4,-28.0,0
ACC-15462,Enterprise,12,19,25651.75,140,106,0.7571,24.32,1.0694,0.4254,7,1,1.2857,3,0,,0
ACC-15463,Mid-Market,12,18,3717.97,54,47,0.8704,13.28,0.6074,0.5981,3,1,2.9998,1,16,23.0,1
ACC-15464,Mid-Market,24,13,7780.42,44,38,0.8636,14.49,0.8589,0.5946,3,0,0.0001,6,0,54.0,0
ACC-15465,Mid-Market,24,15,4676.67,132,124,0.9394,11.9,0.9403,0.4233,2,1,4.4995,3,0,21.0,0
ACC-15466,SMB,24,47,421.9,28,21,0.75,11.49,1.5582,0.8197,5,2,3.5998,5,12,,1
ACC-15467,SMB,24,13,1590.23,14,9,0.6429,9.7,0.745,0.8103,6,1,1.5,3,0,50.0,0
ACC-15468,SMB,24,18,1343.63,25,20,0.8,5.03,1.0843,0.6535,5,1,1.8,3,0,19.0,0
ACC-15469,Mid-Market,24,18,3335.0,47,38,0.8085,23.25,0.8141,0.8164,4,0,0.0001,7,0,72.0,0
ACC-15470,SMB,12,14,2048.65,7,5,0.7143,21.97,0.9684,0.497,1,1,8.9976,4,0,51.0,0
ACC-15471,Mid-Market,24,14,7955.91,71,54,0.7606,23.55,0.8524,0.6494,2,0,0.0001,1,0,8.0,0
ACC-15472,Enterprise,24,16,35192.15,623,554,0.8892,13.04,1.1888,0.804,7,0,0.0,4,0,15.0,0
ACC-15473,SMB,12,26,2280.94,23,16,0.6957,10.91,1.8548,0.4315,1,0,0.0003,2,0,100.0,0
ACC-15474,Enterprise,12,35,19497.91,664,632,0.9518,15.14,0.9883,0.8169,1,0,0.0003,3,0,,0
ACC-15475,Mid-Market,12,8,2237.41,37,15,0.4054,8.04,0.8616,0.571,3,0,0.0001,2,0,60.0,0
ACC-15476,Mid-Market,24,42,3993.97,138,110,0.7971,7.74,0.8451,0.4461,0,1,30001.0,6,0,36.0,0
ACC-15477,SMB,12,24,1888.28,29,22,0.7586,17.6,0.8063,0.6221,3,0,0.0001,5,0,35.0,0
ACC-15478,SMB,36,25,621.2,8,7,0.875,4.86,0.7291,0.5263,5,0,0.0001,5,0,7.0,0
ACC-15479,Mid-Market,12,11,7375.46,38,30,0.7895,10.27,1.05,0.7965,5,1,1.8,5,12,24.0,0
ACC-15480,SMB,24,56,657.78,13,11,0.8462,13.63,0.6472,0.8868,2,0,0.0001,4,20,,0
ACC-15481,Mid-Market,12,10,5847.24,132,81,0.6136,5.56,1.31,0.613,0,0,1.0,2,0,,0
ACC-15482,Mid-Market,24,19,9688.27,77,65,0.8442,19.25,0.6873,0.7563,4,1,2.2499,3,0,,0
ACC-15483,SMB,24,21,1950.74,13,8,0.6154,11.05,0.966,0.3747,2,1,4.4995,2,0,16.0,0
ACC-15484,SMB,24,41,1593.34,6,5,0.8333,7.93,1.0999,0.7372,3,1,2.9998,3,0,,0
ACC-15485,SMB,24,11,2208.69,8,5,0.625,7.39,0.9335,0.7085,4,0,0.0001,5,0,58.0,0
ACC-15486,Mid-Market,24,20,3006.6,117,101,0.8632,4.95,0.9074,0.7301,5,0,0.0001,5,0,14.0,0
ACC-15487,SMB,12,6,1185.48,21,17,0.8095,9.26,0.8857,0.6745,3,0,0.0001,7,4,11.0,0
ACC-15488,Mid-Market,12,17,4879.63,101,94,0.9307,9.76,0.8555,0.7389,1,0,0.0003,6,8,81.0,0
ACC-15489,SMB,24,22,1995.74,20,11,0.55,15.39,1.032,0.4942,4,0,0.0001,4,0,61.0,0
ACC-15490,Enterprise,12,12,22002.65,386,254,0.658,8.0,0.9427,0.7155,0,2,60001.0,5,0,,1
ACC-15491,SMB,12,7,1532.58,32,26,0.8125,4.66,0.8825,0.3707,5,0,0.0001,1,0,,0
ACC-15492,Mid-Market,24,43,6429.63,64,53,0.8281,16.02,0.9491,0.4561,2,0,0.0001,4,0,,0
ACC-15493,Mid-Market,12,9,8575.05,69,42,0.6087,8.93,0.8327,0.7793,1,0,0.0003,4,0,,0
ACC-15494,Mid-Market,12,9,3147.47,41,18,0.439,15.18,1.4201,0.6776,7,1,1.2857,3,0,33.0,0
ACC-15495,Mid-Market,24,11,3766.7,48,38,0.7917,14.17,0.785,0.7386,3,0,0.0001,3,0,60.0,0
ACC-15496,Mid-Market,12,33,8747.98,83,70,0.8434,4.36,0.8019,0.6234,3,0,0.0001,2,0,81.0,0
ACC-15497,SMB,12,16,442.25,18,8,0.4444,15.09,1.3538,0.6655,3,0,0.0001,2,0,57.0,0
ACC-15498,Mid-Market,12,6,6369.26,47,32,0.6809,25.65,1.1692,0.6398,5,1,1.8,4,12,29.0,0
ACC-15499,Mid-Market,24,11,6981.44,120,96,0.8,11.47,1.162,0.7636,2,0,0.0001,6,0,,0
ACC-15500,Mid-Market,36,33,2519.5,113,87,0.7699,9.88,0.7307,0.5426,5,0,0.0001,2,0,72.0,0
ACC-15501,Enterprise,24,7,24725.85,206,130,0.6311,8.36,0.7353,0.7513,6,0,0.0,8,0,65.0,0
ACC-15502,Mid-Market,12,9,5113.51,116,78,0.6724,9.38,0.9947,0.7489,2,0,0.0001,5,0,94.0,0
ACC-15503,Mid-Market,36,9,8306.18,117,77,0.6581,15.84,0.6785,0.5448,1,0,0.0003,5,0,98.0,0
ACC-15504,Mid-Market,24,17,9872.7,66,50,0.7576,5.9,0.8553,0.8035,5,0,0.0001,3,0,,0
ACC-15505,Enterprise,24,18,38015.98,414,288,0.6957,5.76,1.2682,0.8784,2,0,0.0001,2,0,57.0,0
ACC-15506,Mid-Market,24,15,3545.15,114,89,0.7807,7.02,1.0208,0.8298,2,0,0.0001,4,0,,0
ACC-15507,Mid-Market,12,16,8997.17,81,73,0.9012,28.37,1.0331,0.5191,1,0,0.0003,5,0,43.0,0
ACC-15508,Mid-Market,12,8,9335.03,48,40,0.8333,21.27,0.8176,0.8121,6,0,0.0,5,0,,0
ACC-15509,Mid-Market,12,15,3633.41,65,43,0.6615,14.78,0.8345,0.6375,5,0,0.0001,3,0,,0
ACC-15510,Enterprise,12,15,14124.45,913,663,0.7262,9.76,0.8635,0.5086,2,1,4.4995,6,0,54.0,0
ACC-15511,SMB,24,9,1717.82,20,14,0.7,19.09,1.122,0.8674,2,1,4.4995,2,0,38.0,0
ACC-15512,SMB,24,35,754.69,23,18,0.7826,21.97,0.9137,0.6224,1,1,8.9976,1,0,32.0,0
ACC-15513,SMB,24,32,664.96,16,7,0.4375,7.5,1.4146,0.504,3,0,0.0001,3,0,,0
ACC-15514,Enterprise,12,7,26152.86,322,292,0.9068,16.7,0.7198,0.6444,7,0,0.0,2,0,79.0,0
ACC-15515,SMB,12,22,1575.69,15,14,0.9333,10.54,1.1827,0.6484,4,1,2.2499,3,0,2.0,1
ACC-15516,SMB,12,21,894.45,14,12,0.8571,7.69,1.3779,0.5721,4,0,0.0001,2,0,35.0,0
ACC-15517,SMB,12,19,2004.27,19,13,0.6842,6.79,0.9398,0.753,4,0,0.0001,8,0,,0
ACC-15518,Enterprise,12,15,24205.53,688,602,0.875,10.98,1.4429,0.7018,2,0,0.0001,5,0,,0
ACC-15519,Mid-Market,24,19,8823.77,67,52,0.7761,8.04,1.0113,0.6804,4,0,0.0001,3,20,,0
ACC-15520,SMB,12,15,853.4,19,10,0.5263,13.62,0.9242,0.704,3,0,0.0001,7,0,58.0,0
ACC-15521,Mid-Market,36,11,6334.06,89,66,0.7416,9.33,0.8173,0.574,3,1,2.9998,5,8,31.0,0
ACC-15522,Mid-Market,12,22,2271.26,97,49,0.5052,12.21,1.1698,0.6819,7,2,2.5714,7,0,9.0,1
ACC-15523,Mid-Market,24,5,5330.2,60,46,0.7667,11.31,1.2034,0.5594,1,1,8.9976,3,0,,0
ACC-15524,Mid-Market,12,26,8283.87,43,39,0.907,22.68,1.649,0.7057,2,0,0.0001,3,0,8.0,0
ACC-15525,Enterprise,12,17,36688.42,986,706,0.716,9.03,0.9121,0.5052,6,0,0.0,2,0,,0
ACC-15526,Mid-Market,24,13,6055.44,66,41,0.6212,35.02,1.0356,0.883,3,0,0.0001,4,0,86.0,0
ACC-15527,Enterprise,24,25,39243.19,102,73,0.7157,16.48,1.4911,0.4766,2,1,4.4995,2,0,76.0,0
ACC-15528,Mid-Market,12,19,6759.98,40,33,0.825,13.66,1.2417,0.6825,6,1,1.5,8,0,19.0,0
ACC-15529,Mid-Market,12,35,7667.56,84,73,0.869,10.6,0.9294,0.4743,4,1,2.2499,2,0,55.0,0
ACC-15530,Mid-Market,12,30,2893.37,38,33,0.8684,28.44,1.3003,0.5385,3,0,0.0001,5,0,9.0,0
ACC-15531,Enterprise,24,9,26030.32,501,468,0.9341,11.5,0.7826,0.5029,1,0,0.0003,1,0,7.0,0
ACC-15532,SMB,36,13,1872.22,16,13,0.8125,18.36,1.5202,0.707,2,0,0.0001,5,0,,0
ACC-15533,SMB,12,11,2380.07,19,16,0.8421,19.73,1.1266,0.6932,2,0,0.0001,4,0,79.0,0
ACC-15534,Enterprise,12,11,8513.43,438,357,0.8151,8.39,0.9075,0.6471,5,1,1.8,3,0,40.0,0
ACC-15535,Enterprise,36,39,24123.22,996,735,0.738,10.38,0.9526,0.5521,6,1,1.5,3,0,5.0,0
ACC-15536,Enterprise,12,7,37508.13,170,105,0.6176,20.99,0.8129,0.7677,7,0,0.0,2,0,28.0,0
ACC-15537,SMB,24,30,631.17,15,10,0.6667,9.96,0.7823,0.6955,3,1,2.9998,8,0,59.0,0
ACC-15538,Mid-Market,12,40,5464.93,33,30,0.9091,16.8,1.3477,0.6355,3,0,0.0001,5,0,,0
ACC-15539,Mid-Market,24,27,7316.7,114,96,0.8421,23.9,0.712,0.7835,6,1,1.5,8,0,30.0,0
ACC-15540,Enterprise,12,23,43000.2,314,190,0.6051,7.4,0.7567,0.7219,1,0,0.0003,4,16,-9.0,0
ACC-15541,Mid-Market,12,7,7291.45,141,107,0.7589,12.27,0.9197,0.6117,6,0,0.0,2,0,65.0,0
ACC-15542,SMB,12,6,493.59,29,17,0.5862,9.57,0.8944,0.6534,4,0,0.0001,2,0,,0
ACC-15543,SMB,24,21,1235.33,5,5,1.0,12.42,0.9207,0.8422,3,3,8.9992,1,0,43.0,0
ACC-15544,Mid-Market,24,15,4594.68,97,69,0.7113,21.87,0.8993,0.6515,4,0,0.0001,10,0,46.0,0
ACC-15545,Enterprise,24,8,15506.93,378,344,0.9101,9.58,0.8898,0.4704,2,0,0.0001,3,0,12.0,0
ACC-15546,Enterprise,24,26,28180.21,874,858,0.9817,23.55,0.9193,0.6469,7,0,0.0,1,0,38.0,0
ACC-15547,Enterprise,12,22,34267.46,472,403,0.8538,11.27,1.4791,0.825,2,0,0.0001,3,0,-16.0,0
ACC-15548,Mid-Market,12,26,9358.03,61,34,0.5574,15.86,1.1529,0.6058,3,0,0.0001,0,0,54.0,0
ACC-15549,Enterprise,24,26,40050.93,169,142,0.8402,15.37,0.6865,0.7314,6,1,1.5,2,8,,0
ACC-15550,Mid-Market,12,31,8639.01,35,28,0.8,8.67,0.7804,0.7482,2,0,0.0001,3,0,,0
ACC-15551,Mid-Market,12,13,2005.03,118,62,0.5254,15.18,1.2414,0.2755,1,2,17.9949,4,0,28.0,1
ACC-15552,SMB,12,8,574.48,10,5,0.5,19.09,1.4019,0.8127,4,0,0.0001,4,0,9.0,0
ACC-15553,Mid-Market,12,38,8489.5,135,118,0.8741,11.98,1.3639,0.8827,5,1,1.8,4,0,30.0,0
ACC-15554,SMB,12,6,2365.21,28,25,0.8929,18.93,1.5428,0.9381,5,0,0.0001,4,0,,0
ACC-15555,SMB,24,7,1897.09,18,16,0.8889,10.02,0.8398,0.5001,0,0,1.0,6,0,,0
ACC-15556,Enterprise,36,11,35849.01,854,545,0.6382,9.76,0.8547,0.3514,3,0,0.0001,2,0,22.0,0
ACC-15557,SMB,24,35,1854.42,22,19,0.8636,15.58,0.719,0.4923,6,0,0.0,1,0,-5.0,0
ACC-15558,Mid-Market,36,12,6633.53,137,95,0.6934,3.73,0.9225,0.5109,2,1,4.4995,4,0,,0
ACC-15559,Mid-Market,36,7,4376.43,114,91,0.7982,20.42,0.654,0.4289,3,0,0.0001,3,0,,0
ACC-15560,Mid-Market,12,9,9435.23,140,88,0.6286,15.39,0.7486,0.3979,2,0,0.0001,4,0,-44.0,0
ACC-15561,SMB,12,9,2038.74,32,25,0.7812,9.35,0.9324,0.7814,4,2,4.4997,5,0,,1
ACC-15562,Mid-Market,24,19,5493.58,128,109,0.8516,14.14,0.8101,0.6397,6,1,1.5,3,40,,0
ACC-15563,Mid-Market,12,11,5627.44,78,56,0.7179,13.23,0.8194,0.3832,0,0,1.0,5,0,,0
ACC-15564,SMB,12,2,613.46,11,10,0.9091,7.83,0.9758,0.8722,2,0,0.0001,3,0,1.0,0
ACC-15565,Enterprise,12,60,34069.34,306,253,0.8268,12.41,0.7977,0.7659,6,0,0.0,4,0,27.0,0
ACC-15566,SMB,12,4,483.71,11,10,0.9091,8.59,1.2102,0.7332,4,0,0.0001,1,4,,0
ACC-15567,SMB,12,6,2115.69,31,19,0.6129,15.73,0.817,0.5706,3,1,2.9998,2,0,-1.0,0
ACC-15568,SMB,12,25,2171.22,19,16,0.8421,7.64,1.3449,0.8106,4,1,2.2499,2,0,,0
ACC-15569,SMB,12,8,2240.11,6,3,0.5,12.05,0.7986,0.6233,3,0,0.0001,6,0,56.0,0
ACC-15570,SMB,24,24,2484.81,17,13,0.7647,22.5,0.873,0.6379,3,1,2.9998,5,0,35.0,0
ACC-15571,Enterprise,24,21,29398.91,391,253,0.6471,10.02,0.8855,0.7781,3,0,0.0001,8,0,-48.0,0
ACC-15572,SMB,24,12,1659.24,10,8,0.8,13.45,0.7105,0.7823,2,2,8.9988,2,0,48.0,1
ACC-15573,Mid-Market,12,24,2735.7,34,30,0.8824,24.31,0.7692,0.4414,7,0,0.0,3,0,34.0,0
ACC-15574,Mid-Market,12,15,2087.74,49,33,0.6735,5.35,1.1696,0.4921,3,0,0.0001,4,8,70.0,0
ACC-15575,Enterprise,24,26,24476.14,460,243,0.5283,39.19,0.9735,0.8701,5,0,0.0001,2,0,22.0,0
ACC-15576,SMB,12,35,1142.31,11,8,0.7273,14.06,0.6875,0.2468,3,0,0.0001,9,4,57.0,0
ACC-15577,SMB,24,8,1544.66,14,10,0.7143,22.56,0.8903,0.8279,2,0,0.0001,3,0,,0
ACC-15578,SMB,24,18,885.02,6,5,0.8333,9.08,1.5617,0.5943,3,0,0.0001,5,0,35.0,0
ACC-15579,Mid-Market,24,19,9584.79,66,64,0.9697,20.95,1.1226,0.8703,1,0,0.0003,4,0,,0
ACC-15580,Enterprise,36,19,16616.34,905,762,0.842,17.44,0.919,0.4607,5,0,0.0001,0,0,,0
ACC-15581,Mid-Market,12,24,7046.31,130,104,0.8,18.23,1.0896,0.3415,6,1,1.5,1,8,52.0,0
ACC-15582,SMB,12,21,1610.97,28,14,0.5,10.89,0.9007,0.6966,4,1,2.2499,5,0,30.0,0
ACC-15583,SMB,24,7,2272.79,7,6,0.8571,6.74,0.8456,0.6887,6,1,1.5,2,0,42.0,0
ACC-15584,Mid-Market,12,8,2203.06,129,71,0.5504,10.69,1.1022,0.5203,4,0,0.0001,2,0,32.0,0
ACC-15585,Enterprise,12,14,35555.61,834,766,0.9185,22.99,1.1077,0.6444,6,0,0.0,2,0,,0
ACC-15586,Mid-Market,12,18,4468.82,58,31,0.5345,14.14,1.1454,0.8885,3,1,2.9998,3,0,20.0,0
ACC-15587,Mid-Market,12,19,2870.01,103,59,0.5728,23.33,0.9384,0.8734,0,0,1.0,3,0,,0
ACC-15588,SMB,12,20,2103.16,28,22,0.7857,29.26,1.7315,0.7771,2,0,0.0001,3,0,76.0,0
ACC-15589,Mid-Market,12,22,8416.25,92,66,0.7174,11.39,0.6453,0.8028,6,0,0.0,8,0,50.0,0
ACC-15590,Mid-Market,24,22,9678.65,141,119,0.844,17.22,1.1325,0.4691,3,0,0.0001,2,0,30.0,0
ACC-15591,Mid-Market,24,16,4165.84,131,93,0.7099,9.83,2.1464,0.4122,1,1,8.9976,4,0,45.0,0
ACC-15592,Enterprise,24,35,36378.31,666,562,0.8438,13.62,0.595,0.6205,5,0,0.0001,4,0,,0
ACC-15593,SMB,24,7,541.75,32,19,0.5938,16.06,1.9109,0.7656,1,0,0.0003,5,0,4.0,0
ACC-15594,Mid-Market,12,4,9522.76,61,27,0.4426,15.78,0.8009,0.7163,4,0,0.0001,3,0,17.0,0
ACC-15595,Mid-Market,12,18,5487.02,88,64,0.7273,4.73,0.7257,0.8854,6,1,1.5,4,0,-52.0,0
ACC-15596,Mid-Market,12,20,2155.04,81,51,0.6296,18.19,0.8099,0.6905,3,0,0.0001,3,0,-35.0,0
ACC-15597,SMB,24,18,2306.81,17,6,0.3529,4.73,1.3632,0.7682,5,1,1.8,3,0,84.0,0
ACC-15598,SMB,24,12,1200.02,13,10,0.7692,14.12,0.9536,0.7591,4,2,4.4997,2,12,40.0,1
ACC-15599,SMB,12,21,1490.03,8,5,0.625,12.32,1.0094,0.5212,6,1,1.5,2,0,,0
ACC-15600,Mid-Market,12,9,4801.77,130,109,0.8385,11.32,1.3762,0.7295,4,0,0.0001,5,0,47.0,0
ACC-15601,Mid-Market,36,6,7343.06,125,101,0.808,7.61,0.9962,0.6233,4,1,2.2499,3,0,9.0,0
ACC-15602,Enterprise,24,30,25345.11,219,190,0.8676,13.77,0.6429,0.6884,2,0,0.0001,2,0,26.0,0
ACC-15603,SMB,24,11,855.77,20,9,0.45,9.32,0.8104,0.6313,2,1,4.4995,1,0,63.0,0
ACC-15604,Enterprise,12,17,36667.3,445,401,0.9011,10.91,0.7674,0.8923,4,0,0.0001,5,0,,0
ACC-15605,Mid-Market,12,10,9484.33,97,51,0.5258,12.78,0.8502,0.6813,3,0,0.0001,2,0,76.0,0
ACC-15606,SMB,24,12,1849.74,13,11,0.8462,18.19,1.3883,0.7354,6,0,0.0,1,0,-9.0,0
ACC-15607,SMB,24,26,781.26,25,23,0.92,18.08,0.8646,0.6453,7,0,0.0,2,0,13.0,0
ACC-15608,Mid-Market,24,17,2003.1,125,56,0.448,10.72,0.7145,0.7255,6,0,0.0,5,0,,0
ACC-15609,Mid-Market,24,17,3895.93,133,75,0.5639,16.71,1.0212,0.7133,0,0,1.0,1,0,54.0,0
ACC-15610,Enterprise,24,6,18054.32,571,258,0.4518,7.88,1.2057,0.2882,5,0,0.0001,5,0,12.0,0
ACC-15611,SMB,24,16,1049.35,26,10,0.3846,9.33,0.9852,0.545,3,0,0.0001,1,0,,0
ACC-15612,SMB,12,10,725.35,27,20,0.7407,15.08,0.954,0.7445,3,0,0.0001,4,0,,0
ACC-15613,Mid-Market,12,51,6078.19,95,76,0.8,7.21,0.935,0.7069,6,0,0.0,7,0,,0
ACC-15614,Mid-Market,24,10,7042.29,95,72,0.7579,20.53,1.2321,0.676,3,0,0.0001,3,4,6.0,0
ACC-15615,SMB,12,35,964.13,20,18,0.9,10.81,1.0642,0.7823,8,0,0.0,3,0,66.0,0
ACC-15616,SMB,12,18,1944.05,13,12,0.9231,25.77,1.404,0.5477,2,0,0.0001,6,0,59.0,0
ACC-15617,Mid-Market,24,8,7993.32,52,39,0.75,15.58,0.7337,0.6013,4,1,2.2499,2,0,,0
ACC-15618,Mid-Market,36,26,8542.18,131,111,0.8473,11.11,0.9806,0.5556,3,0,0.0001,6,0,-3.0,0
ACC-15619,Enterprise,12,34,18830.31,280,207,0.7393,27.27,0.7732,0.51,2,1,4.4995,5,0,,0
ACC-15620,Enterprise,12,42,15377.66,569,474,0.833,8.95,1.1042,0.3202,2,0,0.0001,9,0,-4.0,0
ACC-15621,SMB,24,19,1149.55,22,18,0.8182,12.68,1.0268,0.5875,1,0,0.0003,4,0,43.0,0
ACC-15622,SMB,24,10,1606.06,7,5,0.7143,6.7,0.6692,0.6184,2,0,0.0001,3,0,14.0,0
ACC-15623,SMB,24,10,1002.0,21,13,0.619,18.31,0.7987,0.6788,6,1,1.5,5,0,25.0,0
ACC-15624,Enterprise,12,20,26097.77,613,590,0.9625,21.67,0.952,0.9621,5,0,0.0001,3,0,-36.0,0
ACC-15625,SMB,12,6,1482.79,30,16,0.5333,17.65,1.006,0.5748,4,0,0.0001,5,0,38.0,0
ACC-15626,Mid-Market,24,8,7665.65,50,41,0.82,5.8,0.7817,0.4541,7,0,0.0,4,0,72.0,0
ACC-15627,Mid-Market,24,17,8960.5,116,81,0.6983,9.44,0.9705,0.4611,4,0,0.0001,1,0,45.0,0
ACC-15628,Mid-Market,24,26,2736.23,98,84,0.8571,14.33,0.9873,0.663,3,1,2.9998,5,0,,0
ACC-15629,Enterprise,12,14,25667.54,861,482,0.5598,23.58,0.8332,0.9717,3,0,0.0001,4,0,22.0,0
ACC-15630,SMB,12,42,1351.83,16,14,0.875,15.25,0.9033,0.4395,7,1,1.2857,1,0,19.0,0
ACC-15631,Mid-Market,12,21,9242.49,43,31,0.7209,24.04,0.6249,0.7276,5,0,0.0001,4,0,65.0,0
ACC-15632,Enterprise,36,13,11150.72,422,400,0.9479,12.18,0.8032,0.6996,4,0,0.0001,4,0,59.0,0
ACC-15633,Enterprise,24,10,18547.87,780,644,0.8256,7.71,1.5856,0.6178,2,1,4.4995,5,0,37.0,0
ACC-15634,Enterprise,12,8,13982.28,208,136,0.6538,7.52,2.8846,0.835,5,0,0.0001,2,0,,0
ACC-15635,Enterprise,12,24,12082.53,301,224,0.7442,8.32,1.2468,0.8695,3,1,2.9998,6,0,61.0,0
ACC-15636,Mid-Market,24,10,6510.88,31,25,0.8065,32.17,1.016,0.2667,3,0,0.0001,1,0,,0
ACC-15637,SMB,12,20,2334.82,34,22,0.6471,16.88,0.8619,0.8202,5,1,1.8,5,0,18.0,0
ACC-15638,Enterprise,24,7,27416.17,175,147,0.84,8.95,0.6334,0.7568,3,0,0.0001,5,0,,0
ACC-15639,Enterprise,24,8,44777.68,729,611,0.8381,6.89,1.1669,0.7366,2,0,0.0001,4,0,69.0,0
ACC-15640,Mid-Market,12,16,6376.42,48,41,0.8542,7.21,1.1392,0.7236,1,0,0.0003,4,0,100.0,0
ACC-15641,SMB,12,8,2324.85,28,15,0.5357,8.51,1.0799,0.6255,1,0,0.0003,2,0,38.0,0
ACC-15642,Mid-Market,24,30,9230.22,124,86,0.6935,8.6,0.9337,0.6194,6,0,0.0,7,0,-30.0,0
ACC-15643,Mid-Market,12,5,5513.35,108,63,0.5833,25.89,0.9519,0.6573,9,0,0.0,3,12,46.0,0
ACC-15644,Mid-Market,12,7,7087.39,47,30,0.6383,12.39,0.9592,0.7531,5,2,3.5998,2,0,,1
ACC-15645,Mid-Market,36,32,6829.35,33,14,0.4242,12.32,0.6963,0.9145,9,0,0.0,2,0,60.0,0
ACC-15646,Enterprise,24,29,11980.75,576,328,0.5694,15.42,1.1934,0.7462,2,0,0.0001,1,0,-0.0,0
ACC-15647,SMB,24,32,2133.13,29,25,0.8621,14.34,1.0879,0.5102,3,1,2.9998,4,0,22.0,0
ACC-15648,Mid-Market,12,8,7185.29,132,102,0.7727,13.84,1.5302,0.3329,2,0,0.0001,3,0,49.0,0
ACC-15649,Mid-Market,12,16,7210.87,140,132,0.9429,12.93,2.1069,0.8501,1,0,0.0003,6,0,72.0,0
ACC-15650,SMB,12,18,1590.5,9,5,0.5556,14.25,0.997,0.4838,4,2,4.4997,4,0,21.0,1
ACC-15651,SMB,12,14,2113.4,26,18,0.6923,13.94,1.9453,0.8453,5,0,0.0001,4,0,,0
ACC-15652,Mid-Market,24,23,4797.17,67,64,0.9552,8.48,1.0565,0.6799,5,1,1.8,1,0,18.0,0
ACC-15653,Mid-Market,12,28,5903.39,44,39,0.8864,9.59,1.2907,0.6366,2,1,4.4995,4,0,,0
ACC-15654,Enterprise,24,15,38499.56,894,607,0.679,15.06,0.9096,0.4813,4,0,0.0001,5,0,49.0,0
ACC-15655,Enterprise,12,7,24673.83,512,269,0.5254,22.94,1.0072,0.7584,5,0,0.0001,5,0,,0
ACC-15656,SMB,12,22,1155.78,5,4,0.8,10.1,1.2543,0.4355,4,0,0.0001,7,0,,0
ACC-15657,SMB,36,17,1269.1,10,8,0.8,3.34,0.7187,0.8097,4,0,0.0001,3,0,18.0,0
ACC-15658,SMB,12,26,731.54,9,4,0.4444,7.74,1.5606,0.2509,4,1,2.2499,4,0,47.0,0
ACC-15659,Mid-Market,12,23,7976.65,83,65,0.7831,16.61,1.283,0.7436,2,1,4.4995,5,0,,0
ACC-15660,Enterprise,12,33,40175.1,707,570,0.8062,7.78,1.4376,0.4986,4,1,2.2499,7,0,,0
ACC-15661,Enterprise,12,17,28590.39,212,141,0.6651,9.5,1.2771,0.4545,4,3,6.7496,7,0,-19.0,1
ACC-15662,SMB,12,37,455.52,6,5,0.8333,14.64,0.8457,0.8496,5,0,0.0001,4,0,56.0,0
ACC-15663,Mid-Market,12,36,6316.59,126,103,0.8175,16.25,0.7215,0.7722,3,0,0.0001,3,0,,0
ACC-15664,Mid-Market,24,24,2107.17,142,95,0.669,8.07,0.8182,0.6931,6,1,1.5,1,0,,0
ACC-15665,SMB,24,28,1148.83,16,9,0.5625,7.92,1.1799,0.7612,3,1,2.9998,4,0,,0
ACC-15666,SMB,12,33,2426.38,14,9,0.6429,10.49,1.1968,0.7554,6,0,0.0,2,4,65.0,0
ACC-15667,SMB,12,14,485.1,11,8,0.7273,22.27,1.123,0.443,1,1,8.9976,6,0,57.0,0
ACC-15668,Enterprise,24,33,41306.03,284,240,0.8451,35.12,0.6864,0.8864,4,0,0.0001,6,0,,0
ACC-15669,SMB,12,20,406.41,11,5,0.4545,15.18,1.0315,0.6442,0,0,1.0,7,0,40.0,0
ACC-15670,SMB,24,25,1492.71,18,14,0.7778,15.14,2.6217,0.8248,2,0,0.0001,4,0,58.0,0
ACC-15671,Mid-Market,24,27,5361.92,62,36,0.5806,13.04,0.8318,0.7203,2,0,0.0001,2,0,14.0,0
ACC-15672,Mid-Market,12,24,9008.61,34,21,0.6176,10.52,0.7913,0.7009,3,0,0.0001,4,0,,0
ACC-15673,Mid-Market,24,18,2887.6,32,25,0.7812,5.07,0.93,0.6285,6,1,1.5,6,0,15.0,0
ACC-15674,SMB,36,30,1685.98,30,19,0.6333,6.53,0.8918,0.7439,1,0,0.0003,4,12,51.0,0
ACC-15675,Enterprise,24,58,25166.83,483,359,0.7433,5.92,0.6866,0.9169,5,4,7.1996,3,0,44.0,0
ACC-15676,Mid-Market,12,60,4589.58,120,95,0.7917,10.68,1.2021,0.5589,2,0,0.0001,1,0,6.0,0
ACC-15677,Enterprise,24,21,39100.93,269,164,0.6097,10.89,0.9404,0.2991,4,0,0.0001,7,0,32.0,0
ACC-15678,SMB,36,32,1514.31,7,4,0.5714,13.81,0.9079,0.6659,3,0,0.0001,6,0,0.0,0
ACC-15679,Enterprise,12,58,40468.68,705,459,0.6511,13.63,0.7974,0.7554,3,0,0.0001,5,0,43.0,0
ACC-15680,Mid-Market,24,13,5306.28,60,29,0.4833,16.14,0.9341,0.4813,5,0,0.0001,2,0,6.0,0
ACC-15681,Mid-Market,12,25,2675.93,102,69,0.6765,12.92,0.8728,0.889,3,1,2.9998,3,0,,0
ACC-15682,SMB,12,25,1951.9,25,14,0.56,19.93,0.9659,0.616,2,0,0.0001,5,0,-5.0,0
ACC-15683,Mid-Market,24,56,9513.28,94,74,0.7872,22.05,0.7867,0.93,2,0,0.0001,7,0,0.0,0
ACC-15684,Enterprise,24,36,36702.26,261,222,0.8506,18.96,0.9124,0.6051,6,0,0.0,5,4,,0
ACC-15685,SMB,24,18,1621.17,20,18,0.9,14.41,0.8283,0.708,2,0,0.0001,2,0,29.0,0
ACC-15686,Mid-Market,36,19,5263.19,70,41,0.5857,3.54,1.1616,0.6833,1,0,0.0003,3,0,32.0,0
ACC-15687,SMB,12,11,1431.53,29,13,0.4483,25.53,0.9739,0.8209,3,0,0.0001,3,0,89.0,0
ACC-15688,Enterprise,12,8,40474.05,479,409,0.8539,7.8,1.1222,0.6941,2,0,0.0001,1,4,48.0,0
ACC-15689,Mid-Market,36,24,2372.55,89,82,0.9213,10.36,0.9615,0.4433,4,0,0.0001,6,0,,0
ACC-15690,Mid-Market,12,22,7339.49,51,47,0.9216,16.74,0.959,0.4614,4,0,0.0001,3,0,34.0,0
ACC-15691,Enterprise,24,16,40969.64,851,513,0.6028,10.91,0.9478,0.6725,5,0,0.0001,2,0,69.0,0
ACC-15692,SMB,12,11,518.63,12,9,0.75,10.56,1.0772,0.6413,5,1,1.8,2,0,34.0,0
ACC-15693,Mid-Market,12,13,5896.62,93,50,0.5376,26.36,1.6058,0.637,1,1,8.9976,2,4,-6.0,0
ACC-15694,SMB,12,48,1284.64,15,11,0.7333,34.3,0.705,0.3072,7,0,0.0,3,0,43.0,0
ACC-15695,Mid-Market,12,10,7685.61,57,53,0.9298,12.43,0.7272,0.7424,2,0,0.0001,7,0,,0
ACC-15696,Mid-Market,24,6,2542.07,73,55,0.7534,6.73,0.8269,0.8008,2,0,0.0001,6,0,4.0,0
ACC-15697,Mid-Market,24,24,7994.79,119,59,0.4958,9.43,1.727,0.644,4,1,2.2499,6,0,46.0,0
ACC-15698,SMB,24,13,2093.4,18,17,0.9444,11.95,1.2113,0.7518,5,2,3.5998,6,0,,0
ACC-15699,Mid-Market,12,27,7775.99,142,83,0.5845,9.29,0.8493,0.5568,4,0,0.0001,2,0,-27.0,0
ACC-15700,Mid-Market,12,25,9227.59,72,54,0.75,6.09,0.9539,0.6488,4,1,2.2499,6,0,,0
ACC-15701,Mid-Market,12,7,5212.76,85,34,0.4,13.56,1.299,0.7305,4,1,2.2499,8,0,-9.0,0
ACC-15702,Mid-Market,12,24,8363.64,37,33,0.8919,23.94,1.0113,0.4739,2,1,4.4995,2,0,,0
ACC-15703,Mid-Market,12,14,8147.08,149,119,0.7987,6.51,1.8044,0.4591,2,0,0.0001,4,0,,0
ACC-15704,SMB,12,30,877.5,10,8,0.8,13.87,0.9808,0.8671,3,0,0.0001,4,0,,0
ACC-15705,Mid-Market,12,30,6481.45,59,38,0.6441,3.02,0.7507,0.8467,1,0,0.0003,3,0,15.0,0
ACC-15706,SMB,12,9,857.4,16,11,0.6875,21.16,1.8558,0.8354,5,1,1.8,1,0,,0
ACC-15707,Enterprise,12,7,23726.58,420,320,0.7619,11.45,1.6305,0.7763,3,0,0.0001,9,0,,0
ACC-15708,SMB,24,29,1842.05,19,16,0.8421,8.63,0.8815,0.6829,3,0,0.0001,4,0,,0
ACC-15709,SMB,12,27,1056.69,32,27,0.8438,18.36,1.0852,0.6303,0,1,30001.0,3,16,99.0,1
ACC-15710,Enterprise,12,9,26047.94,461,408,0.885,10.09,0.7957,0.7084,5,1,1.8,4,0,,0
ACC-15711,SMB,36,30,686.91,34,25,0.7353,7.37,1.3709,0.6933,0,0,1.0,3,0,51.0,0
ACC-15712,Mid-Market,12,16,7477.23,140,106,0.7571,25.84,0.7268,0.6039,6,0,0.0,1,0,61.0,0
ACC-15713,SMB,24,4,520.32,20,14,0.7,20.73,1.1658,0.868,3,1,2.9998,7,0,35.0,0
ACC-15714,SMB,12,12,1119.49,17,12,0.7059,6.03,0.9699,0.4765,3,1,2.9998,5,0,33.0,0
ACC-15715,Mid-Market,24,13,6426.67,66,61,0.9242,10.12,0.7562,0.767,2,1,4.4995,4,0,100.0,0
ACC-15716,Enterprise,12,3,29257.71,957,837,0.8746,18.37,0.9295,0.7189,7,2,2.5714,6,4,,1
ACC-15717,Mid-Market,24,33,5296.71,46,35,0.7609,26.5,1.0092,0.6774,1,0,0.0003,7,0,36.0,0
ACC-15718,Enterprise,12,34,20401.92,661,359,0.5431,16.89,0.7253,0.5235,3,0,0.0001,3,0,,0
ACC-15719,Enterprise,24,37,37085.61,938,637,0.6791,14.81,1.0365,0.5582,6,0,0.0,6,0,-29.0,0
ACC-15720,Enterprise,12,8,9289.33,898,794,0.8842,9.73,0.8133,0.8108,6,1,1.5,9,0,,0
ACC-15721,Mid-Market,12,13,8709.96,77,69,0.8961,14.54,0.7467,0.681,4,0,0.0001,3,0,,0
ACC-15722,SMB,24,15,1295.75,21,16,0.7619,8.91,1.2278,0.741,4,0,0.0001,3,0,,0
ACC-15723,Enterprise,12,7,18175.15,412,392,0.9515,7.54,1.1543,0.68,6,0,0.0,3,0,87.0,0
ACC-15724,Enterprise,36,20,31583.26,348,309,0.8879,14.09,1.0744,0.7073,3,0,0.0001,4,0,95.0,0
ACC-15725,Mid-Market,12,9,5200.7,44,26,0.5909,3.95,0.8732,0.5089,7,0,0.0,2,0,,0
ACC-15726,Enterprise,12,17,30561.45,329,273,0.8298,18.39,1.5821,0.3853,4,0,0.0001,4,0,25.0,0
ACC-15727,Enterprise,24,11,44981.52,835,657,0.7868,22.89,0.8665,0.7515,1,0,0.0003,6,20,2.0,0
ACC-15728,Enterprise,12,24,37163.87,135,112,0.8296,28.44,1.1242,0.7468,4,0,0.0001,5,0,,0
ACC-15729,SMB,12,29,2444.55,6,5,0.8333,6.77,1.0527,0.3604,4,0,0.0001,5,0,16.0,0
ACC-15730,SMB,24,16,1805.23,5,4,0.8,8.1,1.0068,0.6932,4,0,0.0001,3,4,25.0,0
ACC-15731,Mid-Market,24,15,8167.61,103,73,0.7087,11.26,1.3625,0.6622,2,0,0.0001,4,0,30.0,0
ACC-15732,SMB,36,22,2184.88,33,26,0.7879,7.81,1.0457,0.915,8,1,1.125,5,0,10.0,0
ACC-15733,Mid-Market,12,4,7813.02,80,66,0.825,26.91,1.1424,0.7686,4,0,0.0001,3,0,41.0,0
ACC-15734,SMB,12,12,648.82,25,14,0.56,18.86,0.8674,0.5906,1,1,8.9976,2,0,30.0,0
ACC-15735,SMB,12,9,1817.02,13,11,0.8462,2.56,1.0154,0.657,3,0,0.0001,5,4,47.0,0
ACC-15736,Mid-Market,12,34,5125.74,143,129,0.9021,12.44,0.6751,0.7082,3,1,2.9998,5,0,99.0,0
ACC-15737,Mid-Market,24,55,5316.88,76,61,0.8026,7.44,1.0092,0.3617,4,0,0.0001,4,0,,0
ACC-15738,Enterprise,12,7,43388.86,125,98,0.784,12.03,1.2694,0.688,5,1,1.8,6,16,66.0,0
ACC-15739,Mid-Market,12,18,4789.06,73,68,0.9315,16.12,1.0872,0.7446,5,1,1.8,3,0,,0
ACC-15740,SMB,12,8,2110.8,21,18,0.8571,9.51,0.8094,0.8211,1,0,0.0003,5,0,,0
ACC-15741,Mid-Market,24,9,6534.2,72,49,0.6806,2.86,0.7527,0.792,4,3,6.7496,3,0,,0
ACC-15742,SMB,36,18,2418.92,19,12,0.6316,13.15,0.9085,0.7933,2,1,4.4995,3,8,40.0,0
ACC-15743,SMB,24,14,914.82,26,24,0.9231,7.28,0.7149,0.6956,1,0,0.0003,2,0,34.0,0
ACC-15744,Enterprise,12,18,30026.84,232,179,0.7716,14.06,0.9492,0.7419,7,1,1.2857,4,0,,0
ACC-15745,SMB,24,9,1178.41,22,17,0.7727,16.36,0.7508,0.803,4,0,0.0001,6,0,65.0,0
ACC-15746,SMB,24,18,1269.83,22,18,0.8182,17.01,0.8399,0.7694,4,0,0.0001,8,0,17.0,0
ACC-15747,SMB,12,34,1271.4,11,8,0.7273,3.77,2.2129,0.8977,3,0,0.0001,2,0,,0
ACC-15748,SMB,12,26,1359.29,5,4,0.8,10.26,1.0122,0.3933,3,1,2.9998,7,8,65.0,0
ACC-15749,SMB,12,6,677.03,24,12,0.5,12.27,1.3526,0.5547,5,0,0.0001,2,24,-14.0,1
ACC-15750,Mid-Market,12,40,8900.01,52,22,0.4231,12.02,1.1136,0.8182,6,1,1.5,4,0,57.0,0
ACC-15751,SMB,24,8,641.95,10,7,0.7,20.81,0.6848,0.6187,6,1,1.5,5,0,,0
ACC-15752,Enterprise,12,9,14540.69,900,732,0.8133,7.39,1.0089,0.7386,1,0,0.0003,7,0,,0
ACC-15753,SMB,12,29,938.31,20,14,0.7,8.26,0.9328,0.4068,4,0,0.0001,2,0,,0
ACC-15754,SMB,36,18,510.74,23,16,0.6957,22.6,1.5514,0.6012,7,0,0.0,2,0,-19.0,0
ACC-15755,Mid-Market,24,15,4445.28,48,40,0.8333,11.93,1.1875,0.6796,4,0,0.0001,1,0,49.0,0
ACC-15756,Mid-Market,24,14,4789.33,120,96,0.8,8.94,1.2044,0.8995,3,0,0.0001,7,0,,0
ACC-15757,Mid-Market,12,14,8428.41,58,42,0.7241,32.77,0.9012,0.8547,6,0,0.0,3,0,56.0,0
ACC-15758,Mid-Market,12,14,5868.34,137,102,0.7445,15.11,0.6229,0.6246,7,0,0.0,5,0,72.0,0
ACC-15759,Mid-Market,12,23,2067.66,141,132,0.9362,14.51,1.2669,0.6383,5,0,0.0001,7,0,,0
ACC-15760,SMB,12,24,1653.73,24,22,0.9167,20.23,0.9416,0.537,7,1,1.2857,9,0,32.0,0
ACC-15761,SMB,12,14,1059.65,20,16,0.8,23.77,1.2082,0.6451,6,0,0.0,2,0,,0
ACC-15762,SMB,24,36,2455.08,6,5,0.8333,15.87,0.8581,0.7307,5,0,0.0001,5,0,51.0,0
ACC-15763,Enterprise,12,18,38088.34,628,549,0.8742,25.8,0.6928,0.545,2,1,4.4995,3,0,56.0,0
ACC-15764,SMB,12,20,714.83,22,20,0.9091,10.45,0.9466,0.5184,6,1,1.5,4,0,,0
ACC-15765,SMB,12,32,1174.37,32,24,0.75,10.15,1.1093,0.6226,4,0,0.0001,4,0,20.0,0
ACC-15766,Mid-Market,24,11,2840.67,62,52,0.8387,5.61,0.8378,0.8187,4,0,0.0001,7,12,31.0,0
ACC-15767,Enterprise,24,23,31629.55,594,299,0.5034,16.32,1.0461,0.4299,5,0,0.0001,4,0,31.0,0
ACC-15768,Mid-Market,24,10,9851.75,111,95,0.8559,11.35,1.2817,0.683,2,1,4.4995,5,0,,0
ACC-15769,SMB,12,9,2104.66,34,29,0.8529,12.2,0.8895,0.528,1,0,0.0003,5,0,-35.0,0
ACC-15770,Mid-Market,12,38,3609.96,136,107,0.7868,18.56,0.7429,0.3406,2,0,0.0001,3,4,17.0,0
ACC-15771,SMB,12,44,690.69,27,20,0.7407,11.71,0.6687,0.7423,4,1,2.2499,2,12,,0
ACC-15772,Mid-Market,12,20,7187.74,32,24,0.75,11.01,0.9689,0.5208,1,0,0.0003,4,0,,0
ACC-15773,SMB,24,12,812.21,32,28,0.875,14.06,1.113,0.6094,4,3,6.7496,6,0,19.0,1
ACC-15774,Enterprise,36,22,25358.07,628,472,0.7516,18.53,1.1553,0.797,1,1,8.9976,3,4,,0
ACC-15775,Mid-Market,24,18,7750.74,69,55,0.7971,15.49,0.7031,0.7896,1,1,8.9976,5,0,8.0,0
ACC-15776,Mid-Market,36,27,5070.39,92,71,0.7717,9.41,1.1075,0.6864,3,2,5.9995,4,0,76.0,0
ACC-15777,Enterprise,24,17,10943.6,740,602,0.8135,13.71,0.9759,0.6377,5,1,1.8,4,0,28.0,0
ACC-15778,SMB,12,17,2296.57,21,13,0.619,12.23,0.832,0.6171,2,0,0.0001,5,0,43.0,0
ACC-15779,Mid-Market,36,9,9827.97,76,40,0.5263,20.31,1.6437,0.5762,0,0,1.0,2,0,-25.0,0
ACC-15780,SMB,12,13,1200.03,21,11,0.5238,3.58,0.9006,0.7183,2,1,4.4995,5,0,18.0,0
ACC-15781,Mid-Market,24,15,2438.11,134,101,0.7537,15.37,1.0853,0.6821,3,0,0.0001,1,0,54.0,0
ACC-15782,Mid-Market,12,23,3659.29,46,44,0.9565,10.06,0.8393,0.5001,5,0,0.0001,6,0,,0
ACC-15783,Enterprise,12,12,22908.25,460,238,0.5174,5.74,0.6718,0.6508,3,0,0.0001,8,0,43.0,0
ACC-15784,Enterprise,24,41,26410.8,489,261,0.5337,10.35,1.012,0.8859,3,0,0.0001,7,4,56.0,0
ACC-15785,SMB,12,17,2014.89,21,17,0.8095,8.07,0.9277,0.6229,6,2,2.9999,4,0,49.0,1
ACC-15786,Mid-Market,12,7,8856.12,46,34,0.7391,6.57,1.1725,0.732,2,0,0.0001,1,0,,0
ACC-15787,SMB,12,14,1713.8,24,14,0.5833,13.41,1.3461,0.7858,2,1,4.4995,3,0,,0
ACC-15788,SMB,12,25,2120.76,23,17,0.7391,9.63,1.025,0.6383,0,0,1.0,6,0,100.0,0
ACC-15789,Mid-Market,36,15,8881.61,49,39,0.7959,4.62,0.808,0.7588,1,1,8.9976,3,0,20.0,0
ACC-15790,Mid-Market,24,9,9148.87,91,84,0.9231,9.39,2.0927,0.5883,2,0,0.0001,5,0,,0
ACC-15791,SMB,12,13,2274.92,21,13,0.619,15.0,1.0127,0.6455,3,0,0.0001,4,0,54.0,0
ACC-15792,SMB,12,11,686.46,20,16,0.8,7.51,0.7933,0.8378,3,2,5.9995,3,0,,1
ACC-15793,SMB,24,23,2087.29,33,29,0.8788,9.96,0.6846,0.3405,5,0,0.0001,3,0,,0
ACC-15794,Mid-Market,12,11,4733.78,32,27,0.8438,15.81,0.8592,0.6304,1,1,8.9976,4,0,-18.0,0
ACC-15795,SMB,12,5,1733.97,25,19,0.76,14.21,0.8937,0.8488,7,0,0.0,3,0,45.0,0
ACC-15796,Enterprise,12,11,37812.38,660,534,0.8091,12.36,0.7545,0.6225,3,2,5.9995,3,0,,1
ACC-15797,SMB,24,30,2181.48,31,20,0.6452,23.88,0.766,0.8436,6,0,0.0,2,0,12.0,0
ACC-15798,SMB,12,22,717.28,18,14,0.7778,9.75,1.3002,0.8397,8,0,0.0,1,0,,0
ACC-15799,Enterprise,12,6,27723.32,967,601,0.6215,4.45,1.7239,0.7688,1,0,0.0003,7,8,32.0,0
ACC-15800,Mid-Market,12,28,9115.21,108,84,0.7778,5.44,1.5477,0.4157,9,0,0.0,4,0,29.0,0
ACC-15801,Enterprise,12,33,20781.94,696,598,0.8592,13.8,1.7144,0.7774,6,0,0.0,1,0,-10.0,0
ACC-15802,Mid-Market,24,24,7237.78,78,75,0.9615,16.98,1.1095,0.6548,0,1,30001.0,4,0,,0
ACC-15803,SMB,12,10,2441.98,7,3,0.4286,35.68,0.7838,0.5828,1,1,8.9976,2,0,9.0,0
ACC-15804,Mid-Market,12,30,9746.36,50,35,0.7,19.46,0.7783,0.8676,4,1,2.2499,2,0,1.0,0
ACC-15805,Enterprise,12,15,10893.05,582,317,0.5447,12.94,0.8046,0.3097,6,0,0.0,4,0,,0
ACC-15806,Mid-Market,12,11,8965.33,141,130,0.922,8.1,0.6776,0.4304,3,0,0.0001,2,0,39.0,0
ACC-15807,SMB,24,15,1904.48,24,14,0.5833,9.91,1.2585,0.8284,2,0,0.0001,6,0,,0
ACC-15808,Mid-Market,24,21,7918.57,95,83,0.8737,3.77,2.0566,0.6817,5,0,0.0001,4,0,49.0,0
ACC-15809,Mid-Market,12,24,8740.48,106,83,0.783,12.12,1.2279,0.7157,8,1,1.125,5,0,12.0,0
ACC-15810,Enterprise,12,19,12243.27,225,208,0.9244,7.75,0.7487,0.682,5,0,0.0001,5,0,19.0,0
ACC-15811,SMB,12,16,1688.51,28,23,0.8214,11.14,1.1984,0.6959,3,1,2.9998,6,0,100.0,0
ACC-15812,SMB,24,9,1130.14,12,8,0.6667,31.37,0.9371,0.8071,4,0,0.0001,4,0,,0
ACC-15813,Mid-Market,24,22,2252.13,47,29,0.617,15.97,2.3478,0.7157,2,0,0.0001,7,0,78.0,0
ACC-15814,Enterprise,12,19,23405.69,654,554,0.8471,10.83,0.7021,0.7811,4,0,0.0001,2,0,,0
ACC-15815,Enterprise,24,23,26220.36,313,247,0.7891,17.03,0.802,0.855,2,0,0.0001,6,0,48.0,0
ACC-15816,Enterprise,24,16,37829.91,249,167,0.6707,9.04,0.9061,0.5887,4,2,4.4997,4,0,50.0,0
ACC-15817,Mid-Market,36,25,7469.17,114,89,0.7807,33.73,1.2169,0.7004,3,1,2.9998,3,40,51.0,0
ACC-15818,SMB,12,23,2042.71,28,26,0.9286,8.78,0.7102,0.8418,4,0,0.0001,6,0,49.0,0
ACC-15819,Mid-Market,12,13,5158.56,30,25,0.8333,15.51,0.938,0.3882,2,1,4.4995,5,0,,0
ACC-15820,SMB,12,17,482.3,13,11,0.8462,12.21,0.7783,0.7623,5,0,0.0001,3,0,33.0,0
ACC-15821,Mid-Market,24,26,5069.81,57,24,0.4211,18.55,1.1213,0.3844,3,0,0.0001,4,0,55.0,0
ACC-15822,SMB,24,27,1131.54,5,4,0.8,26.56,0.822,0.5155,1,0,0.0003,1,0,30.0,0
ACC-15823,SMB,24,32,1691.11,6,5,0.8333,29.32,0.8516,0.4731,5,1,1.8,3,0,89.0,0
ACC-15824,Enterprise,12,11,32355.73,699,501,0.7167,8.85,0.9229,0.6189,5,0,0.0001,2,0,,0
ACC-15825,Mid-Market,12,14,7002.59,31,28,0.9032,26.79,0.9789,0.5087,3,1,2.9998,5,0,67.0,0
ACC-15826,Mid-Market,12,39,2510.76,108,97,0.8981,12.69,1.0101,0.6519,2,0,0.0001,5,0,,0
ACC-15827,Enterprise,24,49,34635.49,755,380,0.5033,20.83,3.1912,0.52,2,0,0.0001,6,0,79.0,0
ACC-15828,Mid-Market,12,20,7970.17,91,57,0.6264,3.29,0.8519,0.6828,3,0,0.0001,2,0,,0
ACC-15829,Mid-Market,12,17,9160.38,32,30,0.9375,18.36,1.0511,0.5636,3,0,0.0001,7,0,48.0,0
ACC-15830,SMB,24,49,517.54,25,15,0.6,11.44,0.8989,0.4722,7,0,0.0,4,0,32.0,0
ACC-15831,Mid-Market,12,41,2768.56,118,85,0.7203,26.03,1.4611,0.8667,3,0,0.0001,4,0,61.0,0
ACC-15832,SMB,12,26,1528.76,9,7,0.7778,15.51,1.0685,0.7481,5,1,1.8,3,0,15.0,0
ACC-15833,Mid-Market,12,16,6586.12,68,65,0.9559,28.67,1.389,0.4879,3,0,0.0001,3,0,30.0,0
ACC-15834,SMB,24,21,1856.73,7,5,0.7143,7.64,0.7216,0.9218,5,0,0.0001,2,0,,0
ACC-15835,Mid-Market,24,6,5937.07,50,26,0.52,6.54,0.8805,0.3266,2,2,8.9988,3,0,67.0,1
ACC-15836,SMB,36,29,1298.38,33,28,0.8485,4.34,0.7408,0.648,8,0,0.0,4,0,58.0,0
ACC-15837,Mid-Market,12,12,4829.47,81,52,0.642,12.3,1.3881,0.5418,4,0,0.0001,7,0,48.0,0
ACC-15838,Mid-Market,36,38,8545.65,136,114,0.8382,8.14,0.8487,0.6648,2,0,0.0001,5,0,29.0,0
ACC-15839,Mid-Market,24,5,8708.23,38,27,0.7105,10.13,1.0258,0.4243,6,0,0.0,2,0,16.0,0
ACC-15840,Mid-Market,24,12,9517.99,142,96,0.6761,8.16,0.8133,0.4995,2,0,0.0001,3,8,,0
ACC-15841,Enterprise,36,19,41836.88,767,564,0.7353,19.41,1.4437,0.7117,2,0,0.0001,5,0,66.0,0
ACC-15842,Enterprise,12,18,18137.59,335,262,0.7821,14.43,1.0197,0.8283,4,2,4.4997,6,0,39.0,0
ACC-15843,Enterprise,12,11,10098.04,384,324,0.8438,8.97,1.0204,0.6504,4,1,2.2499,3,0,4.0,0
ACC-15844,SMB,12,18,2223.55,29,13,0.4483,6.47,0.8682,0.6418,4,0,0.0001,6,0,59.0,0
ACC-15845,Mid-Market,24,16,3997.23,86,80,0.9302,18.76,1.0578,0.7744,6,0,0.0,0,0,24.0,0
ACC-15846,Mid-Market,24,19,2246.92,148,131,0.8851,4.89,0.7439,0.281,2,0,0.0001,4,0,17.0,0
ACC-15847,SMB,24,13,2330.67,24,17,0.7083,6.03,1.2875,0.9141,5,1,1.8,5,0,47.0,0
ACC-15848,Mid-Market,12,31,4139.72,87,64,0.7356,20.88,1.7031,0.7042,4,2,4.4997,6,0,40.0,1
ACC-15849,Mid-Market,12,21,9846.51,133,86,0.6466,6.05,1.5768,0.5617,4,1,2.2499,1,0,,0
ACC-15850,Enterprise,12,13,13793.65,581,333,0.5731,14.55,0.7564,0.7864,2,0,0.0001,2,0,41.0,0
ACC-15851,SMB,24,25,755.14,24,15,0.625,14.63,1.3054,0.56,5,0,0.0001,4,0,68.0,0
ACC-15852,SMB,12,12,1880.88,30,25,0.8333,9.46,1.0136,0.7477,3,0,0.0001,3,0,56.0,0
ACC-15853,SMB,36,12,1287.26,22,20,0.9091,10.44,1.2878,0.6405,5,0,0.0001,3,0,33.0,0
ACC-15854,Mid-Market,12,6,6510.62,145,116,0.8,19.13,0.8504,0.7768,7,0,0.0,5,0,,0
ACC-15855,SMB,12,22,2278.97,9,6,0.6667,8.9,0.9124,0.7062,5,0,0.0001,5,0,,0
ACC-15856,Enterprise,24,19,21941.75,789,770,0.9759,8.54,1.1208,0.9057,5,1,1.8,3,0,15.0,0
ACC-15857,Enterprise,12,10,42839.27,663,559,0.8431,24.03,0.8726,0.4635,4,1,2.2499,4,0,-23.0,0
ACC-15858,Enterprise,12,10,30652.74,102,79,0.7745,4.34,1.0557,0.4475,4,1,2.2499,5,0,52.0,0
ACC-15859,Mid-Market,12,22,9489.26,80,34,0.425,7.37,0.9147,0.391,3,1,2.9998,7,0,30.0,0
ACC-15860,Mid-Market,12,14,5904.24,125,118,0.944,11.48,0.7874,0.4643,4,1,2.2499,4,0,,0
ACC-15861,Mid-Market,36,22,4068.47,147,108,0.7347,8.6,1.4672,0.7116,1,0,0.0003,5,0,-4.0,0
ACC-15862,Enterprise,24,6,28086.67,495,262,0.5293,10.18,0.7781,0.5401,3,1,2.9998,4,0,65.0,0
ACC-15863,Mid-Market,12,8,7681.8,51,43,0.8431,15.1,0.843,0.4688,3,0,0.0001,3,0,,0
ACC-15864,SMB,24,30,694.84,24,19,0.7917,19.36,1.0395,0.6542,5,0,0.0001,5,0,,0
ACC-15865,Mid-Market,12,20,6450.05,134,79,0.5896,3.8,0.8977,0.5766,5,0,0.0001,3,4,,0
ACC-15866,SMB,24,26,864.83,21,19,0.9048,12.02,0.7896,0.7934,4,0,0.0001,3,0,49.0,0
ACC-15867,Mid-Market,36,14,4867.37,60,47,0.7833,14.38,0.7835,0.7445,4,1,2.2499,5,0,19.0,0
ACC-15868,SMB,24,11,1940.12,15,14,0.9333,20.39,1.0616,0.8406,3,1,2.9998,2,0,95.0,0
ACC-15869,Mid-Market,12,28,6201.72,72,65,0.9028,14.75,0.858,0.4721,3,0,0.0001,8,0,,0
ACC-15870,Mid-Market,12,2,6891.67,103,50,0.4854,26.28,0.9359,0.8574,4,1,2.2499,2,0,,0
ACC-15871,Mid-Market,12,17,4084.47,33,26,0.7879,13.99,0.6864,0.4129,2,1,4.4995,5,0,,0
ACC-15872,Mid-Market,24,25,7448.1,31,16,0.5161,22.07,1.3613,0.8383,3,0,0.0001,3,0,-40.0,0
ACC-15873,SMB,12,14,1445.75,28,21,0.75,20.04,1.0531,0.5845,3,0,0.0001,10,0,58.0,0
ACC-15874,Mid-Market,12,52,5066.41,45,32,0.7111,12.41,0.9087,0.7273,2,0,0.0001,5,0,62.0,0
ACC-15875,Mid-Market,36,17,9935.33,113,88,0.7788,9.63,0.8063,0.8722,4,0,0.0001,1,20,81.0,0
ACC-15876,SMB,12,22,1961.3,7,6,0.8571,22.31,1.009,0.6761,3,1,2.9998,4,0,1.0,0
ACC-15877,SMB,12,10,1354.9,21,13,0.619,29.6,0.82,0.506,4,0,0.0001,3,0,,0
ACC-15878,Mid-Market,12,41,9463.1,107,81,0.757,10.99,1.2861,0.8084,3,0,0.0001,8,0,33.0,0
ACC-15879,Mid-Market,12,18,7861.78,89,72,0.809,11.14,1.3396,0.5748,3,1,2.9998,5,0,15.0,0
ACC-15880,Mid-Market,12,14,3546.62,106,66,0.6226,34.09,1.6947,0.8153,3,1,2.9998,3,0,93.0,0
ACC-15881,Mid-Market,12,18,5817.91,38,29,0.7632,23.13,1.3733,0.8067,3,0,0.0001,2,0,,0
ACC-15882,Mid-Market,12,7,8180.37,105,90,0.8571,16.66,1.0852,0.8316,3,0,0.0001,3,0,15.0,0
ACC-15883,SMB,12,24,1470.37,5,4,0.8,33.93,0.9973,0.6005,5,0,0.0001,4,0,18.0,0
ACC-15884,Mid-Market,24,12,7154.43,113,80,0.708,16.53,0.7684,0.5931,6,0,0.0,5,0,,0
ACC-15885,Mid-Market,12,21,2887.4,134,80,0.597,6.29,0.9126,0.5321,5,0,0.0001,7,0,51.0,0
ACC-15886,Mid-Market,24,6,6165.16,50,46,0.92,11.58,0.9951,0.5393,2,2,8.9988,3,0,,1
ACC-15887,SMB,12,7,440.03,34,17,0.5,17.52,1.2103,0.5635,4,1,2.2499,4,0,,0
ACC-15888,SMB,12,18,1993.4,27,18,0.6667,15.67,1.167,0.8472,4,0,0.0001,4,0,81.0,0
ACC-15889,Mid-Market,36,39,2775.28,34,25,0.7353,14.22,0.62,0.8216,5,2,3.5998,0,20,47.0,1
ACC-15890,SMB,12,5,1950.05,31,28,0.9032,14.67,1.4336,0.5576,6,0,0.0,9,0,,0
ACC-15891,Mid-Market,12,12,5206.86,77,74,0.961,12.96,0.9104,0.7018,1,1,8.9976,4,0,30.0,0
ACC-15892,Mid-Market,24,8,2332.98,66,40,0.6061,26.06,0.9897,0.4754,6,0,0.0,5,0,3.0,0
ACC-15893,Enterprise,24,14,35219.43,696,664,0.954,38.5,0.8739,0.6301,5,1,1.8,7,0,,0
ACC-15894,Mid-Market,12,18,6420.0,53,44,0.8302,18.33,1.0486,0.5691,3,0,0.0001,7,0,99.0,0
ACC-15895,Mid-Market,12,15,7774.27,139,73,0.5252,33.57,1.702,0.6375,3,1,2.9998,6,0,55.0,0
ACC-15896,SMB,24,4,1376.35,21,16,0.7619,15.74,2.8946,0.6718,2,0,0.0001,6,0,40.0,0
ACC-15897,Mid-Market,24,6,6519.16,104,66,0.6346,6.87,1.1544,0.5325,1,0,0.0003,0,0,57.0,0
ACC-15898,SMB,12,8,1876.38,13,6,0.4615,12.32,0.9661,0.4989,3,1,2.9998,2,0,53.0,0
ACC-15899,Mid-Market,12,13,9903.6,110,74,0.6727,13.84,0.8461,0.7679,4,0,0.0001,1,0,23.0,0
ACC-15900,Mid-Market,12,10,5118.75,138,97,0.7029,7.85,0.9391,0.802,3,0,0.0001,4,0,61.0,0
ACC-15901,Mid-Market,12,13,4867.47,31,19,0.6129,13.4,1.3726,0.7493,2,1,4.4995,4,0,34.0,0
ACC-15902,Enterprise,12,16,39627.88,917,673,0.7339,10.93,0.6141,0.7793,1,1,8.9976,4,0,2.0,0
ACC-15903,Mid-Market,12,14,5712.32,45,22,0.4889,13.8,1.0101,0.5985,4,0,0.0001,2,0,,0
ACC-15904,Enterprise,12,43,39598.11,538,370,0.6877,21.78,0.7389,0.8781,6,0,0.0,5,0,26.0,0
ACC-15905,Mid-Market,12,44,2467.34,74,44,0.5946,4.77,0.9422,0.7013,2,0,0.0001,4,0,88.0,0
ACC-15906,Mid-Market,36,18,8918.38,76,64,0.8421,15.25,0.9618,0.5,2,1,4.4995,3,24,60.0,1
ACC-15907,SMB,12,11,641.86,6,4,0.6667,25.96,0.8857,0.6327,2,0,0.0001,3,0,,0
ACC-15908,Mid-Market,12,14,3273.9,93,45,0.4839,16.27,0.7957,0.2607,4,0,0.0001,5,0,,0
ACC-15909,Enterprise,12,20,11496.14,712,565,0.7935,5.2,0.7764,0.6038,2,0,0.0001,2,0,66.0,0
ACC-15910,Mid-Market,36,9,6218.25,110,81,0.7364,11.67,0.9398,0.8301,4,1,2.2499,8,0,100.0,0
ACC-15911,SMB,24,20,2448.41,30,26,0.8667,11.32,1.0722,0.5406,1,0,0.0003,6,0,89.0,0
ACC-15912,SMB,24,14,1198.56,7,4,0.5714,5.59,1.2272,0.5618,5,0,0.0001,2,0,60.0,0
ACC-15913,Mid-Market,12,40,9347.47,45,42,0.9333,6.23,0.8875,0.7412,3,0,0.0001,3,0,34.0,0
ACC-15914,Mid-Market,24,9,6999.56,94,73,0.7766,9.45,1.0053,0.5753,4,1,2.2499,8,0,32.0,0
ACC-15915,Enterprise,12,34,19503.74,446,419,0.9395,14.0,1.2047,0.6425,4,0,0.0001,4,0,46.0,0
ACC-15916,SMB,12,20,1974.92,32,28,0.875,12.37,1.1278,0.623,3,0,0.0001,5,0,,0
ACC-15917,SMB,24,11,1906.37,31,23,0.7419,33.34,1.3306,0.7948,4,1,2.2499,1,0,,0
ACC-15918,Mid-Market,24,25,5642.21,67,59,0.8806,10.93,0.911,0.8475,5,0,0.0001,4,8,42.0,0
ACC-15919,Mid-Market,24,2,4698.78,134,117,0.8731,9.71,1.1357,0.551,3,0,0.0001,3,0,46.0,0
ACC-15920,Enterprise,24,13,10628.75,786,727,0.9249,3.6,0.9938,0.8977,2,1,4.4995,1,0,,0
ACC-15921,SMB,36,15,1542.56,26,20,0.7692,18.61,0.887,0.7389,4,0,0.0001,4,0,,0
ACC-15922,Enterprise,12,11,44363.57,918,540,0.5882,7.53,2.4154,0.7376,3,0,0.0001,5,0,,0
ACC-15923,Mid-Market,12,29,8765.04,131,82,0.626,6.76,2.5495,0.9385,6,0,0.0,3,8,3.0,0
ACC-15924,Mid-Market,12,49,6782.8,76,70,0.9211,16.71,1.0103,0.5676,5,0,0.0001,3,0,14.0,0
ACC-15925,SMB,24,9,2272.38,20,14,0.7,9.69,0.8632,0.6862,0,0,1.0,7,0,,0
ACC-15926,SMB,12,28,647.56,12,10,0.8333,7.2,0.8118,0.9437,3,0,0.0001,5,0,-13.0,0
ACC-15927,SMB,24,17,1282.79,29,22,0.7586,4.94,1.0138,0.6408,3,0,0.0001,4,0,28.0,0
ACC-15928,Mid-Market,12,26,5779.26,108,58,0.537,25.83,0.8434,0.5354,2,0,0.0001,0,0,,0
ACC-15929,SMB,12,19,1517.17,15,7,0.4667,13.12,0.9183,0.6927,5,0,0.0001,3,4,51.0,0
ACC-15930,Enterprise,12,15,44570.33,156,134,0.859,19.02,0.9095,0.8744,3,1,2.9998,6,0,17.0,0
ACC-15931,Mid-Market,12,60,4776.89,41,26,0.6341,18.92,0.8306,0.8177,3,1,2.9998,4,0,55.0,0
ACC-15932,Mid-Market,24,19,2353.65,80,64,0.8,32.1,1.1349,0.9437,5,0,0.0001,2,0,,0
ACC-15933,SMB,12,28,2052.14,32,25,0.7812,23.43,1.4928,0.6915,3,4,11.9989,1,0,-0.0,1
ACC-15934,Mid-Market,12,11,2095.98,144,121,0.8403,25.91,1.2571,0.7548,2,0,0.0001,3,0,-7.0,0
ACC-15935,SMB,12,38,1524.69,17,11,0.6471,23.77,0.9479,0.8805,6,0,0.0,3,4,,0
ACC-15936,SMB,12,17,2421.46,6,4,0.6667,10.97,1.0481,0.7341,3,0,0.0001,4,0,17.0,0
ACC-15937,Mid-Market,12,7,4163.6,111,94,0.8468,6.26,1.5172,0.8189,1,1,8.9976,4,0,76.0,0
ACC-15938,Mid-Market,12,13,2845.38,149,108,0.7248,23.4,1.0922,0.8009,1,0,0.0003,5,0,72.0,0
ACC-15939,Mid-Market,24,18,2518.75,119,107,0.8992,4.19,0.751,0.9653,2,0,0.0001,1,0,,0
ACC-15940,Mid-Market,12,18,6003.71,84,55,0.6548,9.0,0.86,0.5866,2,0,0.0001,2,0,47.0,0
ACC-15941,Mid-Market,12,16,6697.5,114,103,0.9035,24.55,1.0457,0.5687,0,0,1.0,4,0,18.0,0
ACC-15942,Enterprise,24,18,18786.15,770,310,0.4026,13.38,1.0141,0.8503,6,0,0.0,7,8,30.0,0
ACC-15943,SMB,12,9,1391.52,33,26,0.7879,2.78,0.8889,0.6731,6,0,0.0,5,0,24.0,0
ACC-15944,SMB,12,17,2089.48,24,17,0.7083,16.86,1.3233,0.6796,3,1,2.9998,4,4,1.0,0
ACC-15945,Mid-Market,12,12,6789.49,118,81,0.6864,12.99,1.0305,0.382,4,0,0.0001,3,0,-22.0,0
ACC-15946,Mid-Market,12,22,2938.85,83,73,0.8795,6.65,0.801,0.7287,7,1,1.2857,3,0,20.0,0
ACC-15947,Enterprise,24,18,36424.21,715,613,0.8573,4.06,0.849,0.8479,2,3,13.4981,1,0,87.0,0
ACC-15948,SMB,12,12,715.08,21,13,0.619,10.36,0.7457,0.8955,3,0,0.0001,5,0,,0
ACC-15949,SMB,24,23,859.72,22,19,0.8636,21.34,1.0014,0.3485,3,0,0.0001,2,0,40.0,0
ACC-15950,Enterprise,36,29,11025.61,108,101,0.9352,14.96,1.0894,0.5203,5,0,0.0001,5,0,,0
ACC-15951,Enterprise,12,20,29409.38,834,543,0.6511,14.61,1.2484,0.6502,4,1,2.2499,1,0,,1
ACC-15952,SMB,12,10,652.66,32,22,0.6875,3.89,1.0344,0.7622,4,1,2.2499,0,0,89.0,0
ACC-15953,Mid-Market,12,46,5307.2,37,33,0.8919,28.73,0.8918,0.8319,6,1,1.5,5,0,,0
ACC-15954,Enterprise,12,16,21989.19,196,157,0.801,10.98,1.2876,0.7777,4,0,0.0001,5,0,24.0,0
ACC-15955,Mid-Market,24,20,8240.9,135,107,0.7926,4.2,0.9791,0.6356,3,3,8.9992,1,0,8.0,1
ACC-15956,Mid-Market,24,5,5237.76,39,30,0.7692,17.38,0.8251,0.7443,1,0,0.0003,2,0,66.0,0
ACC-15957,Mid-Market,12,17,4901.36,141,107,0.7589,13.23,1.3937,0.6089,2,0,0.0001,3,0,26.0,0
ACC-15958,SMB,12,26,1422.63,21,15,0.7143,29.05,1.2518,0.5165,6,1,1.5,2,4,100.0,0
ACC-15959,SMB,12,14,589.98,12,6,0.5,8.99,0.791,0.2994,4,2,4.4997,1,0,,1
ACC-15960,Mid-Market,24,22,6483.45,127,115,0.9055,9.37,0.7823,0.6583,4,0,0.0001,3,0,70.0,0
ACC-15961,SMB,24,22,765.63,31,18,0.5806,21.78,2.0747,0.4079,1,0,0.0003,5,0,,0
ACC-15962,Mid-Market,24,27,5723.05,93,71,0.7634,18.15,1.1723,0.379,5,1,1.8,1,0,71.0,0
ACC-15963,SMB,12,17,438.75,27,20,0.7407,16.17,1.292,0.763,2,1,4.4995,6,0,38.0,0
ACC-15964,Mid-Market,24,13,8709.7,92,50,0.5435,13.95,0.9604,0.8198,2,0,0.0001,5,0,,0
ACC-15965,SMB,12,8,2122.99,26,19,0.7308,8.66,1.0254,0.8266,3,1,2.9998,4,0,60.0,0
ACC-15966,SMB,12,22,1001.13,10,10,1.0,18.76,0.8633,0.7035,0,1,30001.0,4,0,28.0,0
ACC-15967,Enterprise,12,44,18819.48,887,753,0.8489,18.78,0.9067,0.8217,1,0,0.0003,2,8,5.0,0
ACC-15968,SMB,12,10,1251.48,20,15,0.75,10.18,0.6998,0.6674,2,1,4.4995,2,0,95.0,0
ACC-15969,SMB,24,25,1263.83,12,6,0.5,21.51,0.7445,0.5651,4,0,0.0001,2,0,44.0,0
ACC-15970,SMB,24,40,1158.31,30,25,0.8333,8.58,0.7399,0.829,9,1,1.0,2,0,35.0,0
ACC-15971,Mid-Market,12,11,7250.13,142,121,0.8521,18.88,1.3381,0.684,4,1,2.2499,0,0,7.0,0
ACC-15972,SMB,36,30,1522.99,6,4,0.6667,10.92,0.6507,0.9662,4,1,2.2499,5,0,-2.0,0
ACC-15973,SMB,12,7,1655.67,17,12,0.7059,21.63,1.0302,0.4666,4,1,2.2499,3,0,18.0,0
ACC-15974,Mid-Market,24,30,7741.66,59,44,0.7458,13.2,1.0777,0.7687,4,1,2.2499,5,0,51.0,0
ACC-15975,SMB,24,5,702.34,14,10,0.7143,8.72,0.9519,0.6819,3,0,0.0001,6,0,,0
ACC-15976,Enterprise,12,4,9473.74,405,251,0.6198,23.41,0.8161,0.4062,2,0,0.0001,4,0,11.0,0
ACC-15977,Enterprise,24,9,16510.34,614,379,0.6173,8.02,0.6612,0.5904,4,0,0.0001,6,0,,0
ACC-15978,Mid-Market,12,23,8998.69,136,97,0.7132,5.75,0.8012,0.4197,4,2,4.4997,4,0,47.0,1
ACC-15979,Mid-Market,12,18,4360.41,54,46,0.8519,4.88,0.9349,0.9353,2,0,0.0001,6,0,,0
ACC-15980,Mid-Market,24,30,9157.58,94,74,0.7872,11.14,1.6927,0.7094,4,1,2.2499,3,0,51.0,0
ACC-15981,Enterprise,24,16,18598.92,827,780,0.9432,13.98,0.8224,0.5466,5,1,1.8,4,0,71.0,0
ACC-15982,SMB,24,9,1380.63,19,11,0.5789,24.49,0.862,0.3997,3,0,0.0001,4,0,35.0,0
ACC-15983,Enterprise,24,19,22622.84,455,433,0.9516,12.11,1.0179,0.6461,9,0,0.0,3,0,3.0,0
ACC-15984,Enterprise,12,24,40660.53,236,150,0.6356,12.1,0.8138,0.3502,4,0,0.0001,5,0,98.0,0
ACC-15985,Enterprise,12,22,42123.5,377,269,0.7135,17.9,1.1155,0.7443,2,1,4.4995,6,0,,0
ACC-15986,Mid-Market,36,22,7770.58,134,58,0.4328,14.68,1.1524,0.7144,3,0,0.0001,8,12,4.0,0
ACC-15987,SMB,12,26,1317.08,17,16,0.9412,11.89,0.8342,0.4668,4,0,0.0001,7,0,57.0,0
ACC-15988,SMB,24,17,1252.67,33,25,0.7576,14.34,0.7056,0.5777,5,1,1.8,3,0,43.0,0
ACC-15989,SMB,12,30,1987.76,16,15,0.9375,24.0,1.4197,0.705,5,0,0.0001,2,0,22.0,0
ACC-15990,Enterprise,24,6,28819.4,675,471,0.6978,4.52,1.0029,0.5673,3,0,0.0001,3,0,25.0,0
ACC-15991,Mid-Market,12,31,2387.72,34,20,0.5882,15.34,0.8831,0.7751,2,0,0.0001,9,0,-28.0,0
ACC-15992,Mid-Market,36,30,6741.6,58,46,0.7931,24.23,1.1086,0.7626,5,0,0.0001,3,0,,0
ACC-15993,Mid-Market,24,16,8756.11,129,106,0.8217,19.64,0.8738,0.6873,2,0,0.0001,2,0,42.0,0
ACC-15994,Enterprise,36,20,23181.68,997,644,0.6459,8.3,0.6638,0.845,2,0,0.0001,4,0,,0
ACC-15995,SMB,12,23,1695.43,29,24,0.8276,14.56,0.8287,0.3246,2,1,4.4995,5,0,53.0,0
ACC-15996,Mid-Market,24,58,7597.65,129,102,0.7907,6.41,0.8543,0.3545,11,0,0.0,6,0,54.0,0
ACC-15997,SMB,24,16,2305.15,13,10,0.7692,6.48,1.3655,0.8229,7,1,1.2857,2,0,6.0,0
ACC-15998,Mid-Market,24,16,2388.2,75,36,0.48,7.73,0.7103,0.6236,4,1,2.2499,4,0,50.0,0
ACC-15999,Enterprise,36,8,8381.94,966,574,0.5942,11.97,0.926,0.1603,1,1,8.9976,5,0,,0
ACC-16000,Mid-Market,12,37,2351.82,113,49,0.4336,19.26,1.3044,0.6667,3,0,0.0001,5,0,-39.0,0
ACC-16001,Enterprise,12,22,19917.89,224,152,0.6786,17.12,0.7911,0.3715,7,1,1.2857,7,0,100.0,0
ACC-16002,SMB,12,14,409.34,17,9,0.5294,14.46,0.686,0.3364,5,1,1.8,5,0,64.0,0
ACC-16003,Mid-Market,12,18,7396.45,104,52,0.5,20.21,1.2095,0.5279,5,0,0.0001,5,0,16.0,0
ACC-16004,Enterprise,36,27,11014.38,895,647,0.7229,8.99,0.8716,0.5828,6,1,1.5,5,0,27.0,0
ACC-16005,SMB,12,18,639.37,13,10,0.7692,22.61,0.8877,0.8941,4,0,0.0001,0,0,50.0,0
ACC-16006,Mid-Market,12,22,3213.43,90,71,0.7889,18.16,1.6902,0.5178,6,1,1.5,2,0,,0
ACC-16007,Enterprise,12,9,43144.59,892,697,0.7814,27.88,1.7607,0.7219,4,1,2.2499,6,0,,0
ACC-16008,Mid-Market,12,10,7881.04,108,66,0.6111,5.95,1.6909,0.9814,9,0,0.0,4,0,40.0,0
ACC-16009,Mid-Market,12,33,9015.32,88,70,0.7955,35.06,1.2252,0.5554,5,1,1.8,3,0,,0
ACC-16010,SMB,12,12,1547.4,7,6,0.8571,7.91,1.0768,0.7056,3,0,0.0001,5,0,100.0,0
ACC-16011,SMB,12,25,852.99,21,17,0.8095,3.94,1.084,0.477,1,0,0.0003,2,0,-24.0,0
ACC-16012,SMB,12,10,803.15,12,10,0.8333,6.5,1.0502,0.7342,1,1,8.9976,2,4,69.0,0
ACC-16013,Mid-Market,36,5,8001.15,87,54,0.6207,13.58,0.9483,0.6364,1,1,8.9976,3,0,64.0,0
ACC-16014,Mid-Market,12,30,4065.4,147,83,0.5646,11.19,1.1196,0.6155,3,0,0.0001,2,0,,0
ACC-16015,SMB,12,13,1955.92,9,6,0.6667,16.81,1.2969,0.5535,3,0,0.0001,2,0,59.0,0
ACC-16016,Enterprise,36,40,10413.65,924,872,0.9437,10.45,0.7904,0.7864,3,0,0.0001,4,0,75.0,0
ACC-16017,Mid-Market,24,11,9134.41,41,32,0.7805,22.65,1.2102,0.9051,1,1,8.9976,5,0,26.0,0
ACC-16018,Mid-Market,36,7,9973.34,121,90,0.7438,15.94,0.9446,0.6541,0,0,1.0,1,0,27.0,0
ACC-16019,Enterprise,36,10,20885.91,861,392,0.4553,21.48,1.031,0.4431,2,0,0.0001,3,0,95.0,0
ACC-16020,Mid-Market,12,18,3136.79,113,73,0.646,20.2,0.6724,0.9019,4,0,0.0001,4,0,52.0,0
ACC-16021,SMB,24,55,1501.47,28,21,0.75,6.77,0.7904,0.6502,2,0,0.0001,1,0,,0
ACC-16022,SMB,12,37,2481.11,14,13,0.9286,17.2,1.0127,0.6657,4,0,0.0001,1,0,37.0,0
ACC-16023,Enterprise,12,29,38544.92,137,125,0.9124,19.83,0.7297,0.8339,4,0,0.0001,5,0,,0
ACC-16024,Enterprise,24,40,28247.35,725,512,0.7062,11.21,0.9515,0.8572,1,0,0.0003,3,8,,0
ACC-16025,Mid-Market,12,16,4635.33,113,67,0.5929,8.64,1.1515,0.7887,3,0,0.0001,5,0,31.0,0
ACC-16026,SMB,24,13,1967.75,7,4,0.5714,11.61,1.0623,0.7136,5,0,0.0001,4,0,46.0,0
ACC-16027,Enterprise,24,31,24779.49,881,704,0.7991,7.38,0.8971,0.8429,2,0,0.0001,5,0,45.0,0
ACC-16028,SMB,12,17,1237.13,26,23,0.8846,21.23,1.1013,0.6466,2,0,0.0001,4,0,20.0,0
ACC-16029,Enterprise,24,10,8939.53,849,662,0.7797,24.26,0.8605,0.6376,4,0,0.0001,6,0,-18.0,0
ACC-16030,Mid-Market,12,1,4948.98,124,83,0.6694,20.41,1.4071,0.5888,3,0,0.0001,7,0,65.0,0
ACC-16031,Mid-Market,12,9,6093.96,84,61,0.7262,10.85,1.0276,0.8416,4,0,0.0001,2,0,69.0,0
ACC-16032,SMB,24,23,1977.65,26,19,0.7308,18.54,0.6216,0.8406,2,1,4.4995,4,0,,0
ACC-16033,Mid-Market,12,10,5670.75,118,81,0.6864,11.67,0.9426,0.5793,3,0,0.0001,4,0,,0
ACC-16034,Mid-Market,24,27,4673.02,140,81,0.5786,41.02,0.6872,0.8643,5,0,0.0001,1,0,-49.0,0
ACC-16035,Mid-Market,12,7,4120.91,146,115,0.7877,12.5,0.7327,0.5848,5,0,0.0001,5,0,31.0,0
ACC-16036,SMB,12,9,2123.08,9,8,0.8889,24.6,0.9377,0.8382,6,0,0.0,3,0,34.0,0
ACC-16037,SMB,24,41,1849.48,7,5,0.7143,13.74,0.8635,0.8709,1,0,0.0003,3,0,50.0,0
ACC-16038,Enterprise,24,29,16485.94,577,503,0.8718,6.23,1.4902,0.6194,5,0,0.0001,3,0,11.0,0
ACC-16039,SMB,12,18,2277.36,21,18,0.8571,14.92,0.8254,0.5322,3,0,0.0001,0,0,8.0,0
ACC-16040,Mid-Market,12,18,9982.75,79,65,0.8228,25.82,0.9355,0.846,1,0,0.0003,2,0,100.0,0
ACC-16041,Enterprise,24,10,11889.16,488,370,0.7582,10.67,1.0761,0.6681,2,0,0.0001,5,0,68.0,0
ACC-16042,Mid-Market,12,33,3285.35,68,59,0.8676,18.9,1.293,0.6173,3,1,2.9998,3,0,26.0,0
ACC-16043,Enterprise,24,34,20864.52,116,104,0.8966,7.88,0.8445,0.8434,5,0,0.0001,7,0,59.0,0
ACC-16044,SMB,12,16,2324.93,7,6,0.8571,6.33,1.0549,0.7908,3,0,0.0001,1,0,44.0,0
ACC-16045,SMB,24,15,1092.01,20,7,0.35,17.53,1.4595,0.7774,4,0,0.0001,4,0,53.0,0
ACC-16046,Enterprise,36,12,8051.82,451,362,0.8027,18.89,0.8811,0.5349,3,1,2.9998,5,0,,0
ACC-16047,Mid-Market,12,20,8766.77,37,25,0.6757,11.28,1.0501,0.6352,3,1,2.9998,3,0,,0
ACC-16048,SMB,24,5,1343.28,21,17,0.8095,12.24,0.7123,0.583,6,2,2.9999,2,0,23.0,1
ACC-16049,SMB,24,17,622.91,28,21,0.75,15.39,0.9732,0.6842,6,1,1.5,4,0,25.0,0
ACC-16050,Mid-Market,24,29,4363.46,93,84,0.9032,14.46,1.1066,0.6227,4,1,2.2499,3,0,100.0,0
ACC-16051,SMB,12,19,1007.89,31,22,0.7097,8.66,0.6934,0.8214,4,2,4.4997,5,0,,1
ACC-16052,Mid-Market,24,25,9308.04,140,64,0.4571,12.42,0.995,0.3976,2,0,0.0001,6,0,60.0,0
ACC-16053,Mid-Market,24,21,9897.97,78,24,0.3077,12.89,0.9724,0.5838,2,1,4.4995,2,0,,0
ACC-16054,SMB,24,19,1372.78,33,30,0.9091,12.97,0.8957,0.8769,5,0,0.0001,5,4,,0
ACC-16055,Mid-Market,24,17,5592.03,100,69,0.69,14.92,1.0907,0.744,2,0,0.0001,0,0,,0
ACC-16056,Mid-Market,12,27,9796.59,62,44,0.7097,15.06,0.7333,0.4564,4,0,0.0001,5,4,52.0,0
ACC-16057,Mid-Market,36,15,7648.43,61,41,0.6721,7.97,0.6951,0.6526,2,0,0.0001,5,0,,0
ACC-16058,SMB,12,9,1776.99,18,8,0.4444,7.37,1.2127,0.7437,0,3,90001.0,3,0,63.0,1
ACC-16059,SMB,12,35,967.98,27,26,0.963,25.33,0.7299,0.5551,1,1,8.9976,4,0,2.0,0
ACC-16060,Mid-Market,12,26,2638.96,52,41,0.7885,26.15,0.669,0.5868,4,0,0.0001,5,0,45.0,0
ACC-16061,Mid-Market,12,4,3606.88,78,69,0.8846,22.15,1.0244,0.4152,3,0,0.0001,4,0,,0
ACC-16062,Mid-Market,12,20,4624.38,51,26,0.5098,24.42,1.05,0.6115,5,0,0.0001,4,0,-43.0,0
ACC-16063,Mid-Market,12,4,8483.7,71,65,0.9155,5.1,0.9882,0.7206,1,0,0.0003,4,0,,0
ACC-16064,Mid-Market,12,7,4915.96,43,27,0.6279,2.79,1.1005,0.8453,0,0,1.0,15,0,,0
ACC-16065,SMB,24,22,1584.58,34,21,0.6176,11.68,1.0084,0.7582,1,0,0.0003,4,0,39.0,0
ACC-16066,Mid-Market,12,34,3914.12,133,60,0.4511,23.46,1.1712,0.4709,2,0,0.0001,7,0,53.0,0
ACC-16067,Mid-Market,12,49,8026.53,127,118,0.9291,14.86,0.632,0.4844,4,0,0.0001,1,0,48.0,0
ACC-16068,Enterprise,12,41,37513.42,901,727,0.8069,16.13,1.134,0.4972,5,0,0.0001,2,0,,0
ACC-16069,Mid-Market,12,6,9183.25,105,83,0.7905,20.28,0.7274,0.2895,5,0,0.0001,3,0,41.0,0
ACC-16070,SMB,12,44,1928.62,23,14,0.6087,13.86,1.2181,0.7725,4,1,2.2499,8,0,38.0,0
ACC-16071,Mid-Market,24,27,7595.79,101,46,0.4554,13.49,0.7537,0.6038,3,0,0.0001,4,0,40.0,0
ACC-16072,Enterprise,36,28,33921.71,499,372,0.7455,10.69,1.5817,0.6119,3,0,0.0001,8,0,43.0,0
ACC-16073,Mid-Market,24,12,3601.69,80,72,0.9,11.2,1.3096,0.9726,2,1,4.4995,3,0,,0
ACC-16074,Mid-Market,24,23,3456.05,128,103,0.8047,21.37,1.0613,0.2474,6,1,1.5,7,0,78.0,0
ACC-16075,Enterprise,12,22,40563.87,683,410,0.6003,16.65,1.2725,0.3591,2,0,0.0001,4,0,,0
ACC-16076,Mid-Market,12,23,3840.6,143,120,0.8392,27.02,1.4409,0.7672,0,0,1.0,5,12,15.0,0
ACC-16077,Mid-Market,12,25,5472.47,30,15,0.5,21.68,0.8906,0.7649,6,0,0.0,2,0,66.0,0
ACC-16078,Mid-Market,24,17,7642.06,36,24,0.6667,13.92,1.1845,0.7491,1,0,0.0003,5,0,-16.0,0
ACC-16079,Mid-Market,12,15,8771.51,37,21,0.5676,10.46,0.8787,0.536,4,1,2.2499,1,0,,0
ACC-16080,Mid-Market,24,18,6312.67,84,53,0.631,5.87,1.2568,0.4538,6,0,0.0,5,16,39.0,0
ACC-16081,SMB,12,32,1321.87,13,8,0.6154,11.23,0.9887,0.8298,4,0,0.0001,4,0,,0
ACC-16082,Mid-Market,12,28,9249.4,61,51,0.8361,15.54,1.0802,0.7134,6,0,0.0,2,0,18.0,0
ACC-16083,Mid-Market,36,31,5902.62,71,56,0.7887,9.89,0.6097,0.7131,5,0,0.0001,2,0,3.0,0
ACC-16084,Mid-Market,24,22,2941.58,135,97,0.7185,5.13,1.0332,0.4869,4,0,0.0001,6,24,29.0,0
ACC-16085,Mid-Market,24,10,8830.76,103,69,0.6699,24.95,0.732,0.7547,4,0,0.0001,2,0,23.0,0
ACC-16086,SMB,24,12,1371.89,22,10,0.4545,16.93,0.6496,0.3,8,1,1.125,4,0,42.0,0
ACC-16087,Mid-Market,24,28,3296.51,110,90,0.8182,10.06,0.8692,0.6532,4,0,0.0001,2,0,25.0,0
ACC-16088,SMB,24,33,2380.25,9,9,1.0,14.17,0.8553,0.6238,4,0,0.0001,8,0,-17.0,0
ACC-16089,Enterprise,36,31,10283.98,289,159,0.5502,7.94,0.9429,0.2907,5,1,1.8,4,0,10.0,0
ACC-16090,Mid-Market,12,18,2274.33,97,74,0.7629,19.37,1.0336,0.6985,4,0,0.0001,5,0,38.0,0
ACC-16091,SMB,24,20,732.71,8,7,0.875,14.84,1.2011,0.8206,2,0,0.0001,5,0,,0
ACC-16092,Mid-Market,24,19,6461.76,124,76,0.6129,23.29,1.0143,0.7619,7,0,0.0,2,12,50.0,0
ACC-16093,Mid-Market,12,6,6461.22,139,100,0.7194,10.05,1.2019,0.4633,6,1,1.5,5,0,23.0,0
ACC-16094,Mid-Market,24,9,9859.11,37,23,0.6216,6.98,0.9095,0.724,1,0,0.0003,12,0,,0
ACC-16095,SMB,36,24,1725.58,18,13,0.7222,12.27,1.2298,0.4181,1,1,8.9976,8,0,,0
ACC-16096,Enterprise,12,14,18894.6,332,315,0.9488,11.44,0.691,0.7179,1,1,8.9976,3,0,54.0,0
ACC-16097,SMB,12,4,1565.74,21,17,0.8095,14.48,0.8222,0.5331,3,0,0.0001,4,0,,0
ACC-16098,Enterprise,12,19,24576.22,965,768,0.7959,14.9,0.7635,0.5479,4,1,2.2499,3,0,,0
ACC-16099,SMB,24,9,598.33,24,21,0.875,11.26,0.7864,0.8994,4,1,2.2499,6,0,-12.0,0
ACC-16100,Mid-Market,24,9,2787.08,91,44,0.4835,13.04,1.254,0.8012,1,0,0.0003,3,0,67.0,0
ACC-16101,SMB,12,6,988.7,10,9,0.9,18.23,0.9808,0.688,3,1,2.9998,1,0,25.0,0
ACC-16102,Mid-Market,12,11,2806.88,121,48,0.3967,1.96,0.9166,0.8664,3,0,0.0001,2,0,-8.0,0
ACC-16103,SMB,12,3,2101.79,14,11,0.7857,3.78,1.0868,0.5481,3,1,2.9998,3,0,16.0,0
ACC-16104,Enterprise,24,9,21429.67,178,100,0.5618,9.1,0.6945,0.4781,3,0,0.0001,4,0,70.0,0
ACC-16105,Enterprise,12,25,24070.82,639,527,0.8247,16.24,0.9497,0.9186,1,2,17.9949,5,0,,1
ACC-16106,Mid-Market,12,21,7203.15,53,35,0.6604,11.35,1.1592,0.9803,5,0,0.0001,5,0,7.0,0
ACC-16107,Enterprise,24,31,36124.98,889,831,0.9348,17.55,1.6624,0.3406,2,2,8.9988,3,0,-9.0,1
ACC-16108,Enterprise,12,22,20483.38,996,912,0.9157,5.33,1.061,0.3987,6,0,0.0,6,0,65.0,0
ACC-16109,SMB,12,2,1647.19,16,13,0.8125,6.68,0.9609,0.8153,5,1,1.8,2,0,37.0,0
ACC-16110,SMB,12,14,1858.1,9,5,0.5556,9.7,1.6217,0.6477,2,1,4.4995,3,0,37.0,0
ACC-16111,Mid-Market,12,14,7610.17,134,74,0.5522,14.44,1.3092,0.8239,2,1,4.4995,2,0,-2.0,0
ACC-16112,SMB,12,9,1556.21,16,14,0.875,12.05,1.321,0.4817,2,1,4.4995,2,0,,0
ACC-16113,Mid-Market,36,6,7854.19,144,104,0.7222,6.99,0.7347,0.7382,3,0,0.0001,3,0,-2.0,0
ACC-16114,Mid-Market,24,24,8590.82,145,122,0.8414,6.92,1.1127,0.7475,3,1,2.9998,1,0,60.0,0
ACC-16115,SMB,24,17,741.12,26,25,0.9615,12.67,0.8229,0.6169,2,0,0.0001,4,0,,0
ACC-16116,SMB,36,8,1603.91,9,8,0.8889,14.0,0.7211,0.7477,5,2,3.5998,2,0,31.0,0
ACC-16117,SMB,12,6,1007.22,17,13,0.7647,16.33,0.9458,0.6597,3,0,0.0001,6,0,,0
ACC-16118,Mid-Market,12,28,9272.67,103,96,0.932,11.18,0.9392,0.9158,0,1,30001.0,4,0,27.0,0
ACC-16119,SMB,12,25,1772.22,6,5,0.8333,30.14,0.9528,0.7901,4,0,0.0001,6,0,34.0,0
ACC-16120,Enterprise,24,25,25967.65,839,447,0.5328,24.85,1.4336,0.502,4,0,0.0001,2,0,,0
ACC-16121,Enterprise,24,24,44203.11,928,722,0.778,18.45,0.9151,0.7335,1,0,0.0003,2,0,47.0,0
ACC-16122,Enterprise,12,24,41119.59,948,642,0.6772,13.81,0.826,0.873,3,0,0.0001,3,0,23.0,0
ACC-16123,SMB,12,23,548.27,27,21,0.7778,14.85,0.7034,0.7111,3,0,0.0001,3,16,,1
ACC-16124,SMB,12,12,1937.03,33,16,0.4848,8.07,1.4788,0.7972,4,0,0.0001,2,0,-33.0,0
ACC-16125,SMB,12,24,1050.95,18,9,0.5,10.35,0.7329,0.7715,5,1,1.8,2,8,42.0,0
ACC-16126,Mid-Market,24,18,8399.71,99,58,0.5859,13.55,1.1923,0.4947,6,0,0.0,2,0,72.0,0
ACC-16127,Mid-Market,12,9,9533.26,145,103,0.7103,12.33,1.1428,0.6574,1,0,0.0003,7,0,0.0,0
ACC-16128,Enterprise,36,17,38945.25,565,407,0.7204,10.94,1.0063,0.5906,2,0,0.0001,6,0,49.0,0
ACC-16129,Mid-Market,12,33,2851.56,131,92,0.7023,11.19,1.1062,0.9461,7,0,0.0,5,0,49.0,0
ACC-16130,Mid-Market,24,20,8701.63,91,78,0.8571,11.49,0.981,0.4972,4,0,0.0001,7,0,77.0,0
ACC-16131,SMB,36,21,2437.78,15,11,0.7333,9.85,1.171,0.376,4,0,0.0001,5,4,67.0,0
ACC-16132,Mid-Market,36,8,4616.81,104,90,0.8654,11.03,0.8237,0.7282,1,0,0.0003,3,0,-16.0,0
ACC-16133,Enterprise,12,10,32685.19,756,646,0.8545,14.71,1.1627,0.5689,3,1,2.9998,1,0,40.0,0
ACC-16134,Enterprise,12,18,40624.45,871,392,0.4501,7.85,0.7828,0.8216,1,0,0.0003,1,0,36.0,0
ACC-16135,Enterprise,12,15,19254.51,852,748,0.8779,12.81,1.8239,0.4119,3,0,0.0001,7,0,,0
ACC-16136,Mid-Market,12,14,3181.57,114,80,0.7018,9.21,1.1416,0.6853,6,0,0.0,6,16,,0
ACC-16137,SMB,24,8,2202.67,16,13,0.8125,17.49,0.7529,0.7062,5,0,0.0001,6,0,15.0,0
ACC-16138,Mid-Market,36,10,3559.35,87,79,0.908,14.68,1.1065,0.8297,5,0,0.0001,8,0,,0
ACC-16139,SMB,12,6,959.98,9,5,0.5556,6.69,1.0284,0.8392,3,1,2.9998,3,0,,0
ACC-16140,Mid-Market,12,12,4631.69,126,122,0.9683,13.07,0.9443,0.7435,4,0,0.0001,7,0,,0
ACC-16141,Mid-Market,12,15,4026.6,60,46,0.7667,12.26,1.0436,0.6483,1,1,8.9976,3,0,18.0,0
ACC-16142,Enterprise,24,16,43402.55,624,521,0.8349,9.05,1.8216,0.5488,3,0,0.0001,4,0,28.0,0
ACC-16143,SMB,36,32,488.15,20,5,0.25,21.04,0.7527,0.6076,4,0,0.0001,2,8,16.0,0
ACC-16144,SMB,12,4,445.74,25,12,0.48,13.7,1.1652,0.7987,2,0,0.0001,7,0,22.0,0
ACC-16145,Enterprise,12,43,29758.43,336,316,0.9405,25.1,0.8201,0.8274,7,1,1.2857,3,0,,0
ACC-16146,Mid-Market,24,24,7293.74,95,62,0.6526,2.33,0.8892,0.7269,2,1,4.4995,3,0,70.0,0
ACC-16147,Mid-Market,24,18,7867.57,83,56,0.6747,10.5,0.9208,0.8757,8,3,3.3749,2,0,57.0,0
ACC-16148,Mid-Market,12,9,4043.47,70,59,0.8429,10.2,0.7915,0.7473,7,0,0.0,3,0,32.0,0
ACC-16149,SMB,24,13,1613.96,5,4,0.8,34.6,0.8285,0.7835,7,0,0.0,4,0,40.0,0
ACC-16150,Mid-Market,36,24,9269.09,129,121,0.938,3.22,1.0661,0.6846,5,0,0.0001,3,0,,0
ACC-16151,Mid-Market,24,10,9093.5,58,51,0.8793,8.55,0.722,0.2281,5,0,0.0001,1,0,50.0,0
ACC-16152,Enterprise,24,25,26424.85,427,306,0.7166,16.53,1.059,0.8065,3,1,2.9998,6,0,94.0,0
ACC-16153,Enterprise,12,17,38403.84,570,338,0.593,27.02,1.0796,0.5919,2,0,0.0001,6,0,40.0,0
ACC-16154,Enterprise,24,16,30508.92,791,706,0.8925,13.0,0.709,0.7014,3,1,2.9998,5,0,,0
ACC-16155,Enterprise,12,24,34097.49,737,627,0.8507,10.88,1.4489,0.5426,5,2,3.5998,4,0,,1
ACC-16156,SMB,12,8,539.01,24,19,0.7917,5.5,1.0103,0.792,7,0,0.0,5,0,21.0,0
ACC-16157,SMB,12,14,1237.07,10,8,0.8,17.04,1.0042,0.7369,2,0,0.0001,7,0,,0
ACC-16158,Enterprise,12,15,27949.23,538,426,0.7918,13.13,0.7773,0.4053,4,1,2.2499,5,0,61.0,0
ACC-16159,SMB,12,23,1372.57,31,24,0.7742,8.31,0.8886,0.5011,3,0,0.0001,3,0,,0
ACC-16160,Enterprise,12,31,23260.15,308,197,0.6396,10.76,0.9018,0.6501,5,0,0.0001,2,0,-9.0,0
ACC-16161,Mid-Market,24,7,9824.88,136,82,0.6029,9.12,0.8446,0.5727,2,0,0.0001,3,0,,0
ACC-16162,Mid-Market,24,17,5395.82,112,84,0.75,10.57,0.8935,0.9615,7,0,0.0,4,0,,0
ACC-16163,Mid-Market,12,7,5066.15,46,36,0.7826,11.58,0.9225,0.8353,4,1,2.2499,1,0,33.0,0
ACC-16164,Mid-Market,12,17,3082.08,92,62,0.6739,13.88,0.8868,0.909,3,1,2.9998,5,0,,0
ACC-16165,Mid-Market,24,22,5522.53,107,98,0.9159,22.25,0.9692,0.2771,2,0,0.0001,3,0,31.0,0
ACC-16166,Mid-Market,12,13,9122.15,143,51,0.3566,32.23,1.2462,0.4909,5,0,0.0001,5,0,,0
ACC-16167,SMB,36,32,1315.8,26,16,0.6154,17.78,1.4345,0.4446,3,0,0.0001,1,0,48.0,0
ACC-16168,Enterprise,12,22,32053.11,179,64,0.3575,15.69,0.8004,0.768,3,0,0.0001,4,0,77.0,0
ACC-16169,Enterprise,24,21,36635.09,253,197,0.7787,20.69,0.7742,0.6284,4,0,0.0001,5,0,21.0,0
ACC-16170,Enterprise,12,18,19900.66,425,203,0.4776,6.94,1.0741,0.7794,2,0,0.0001,5,0,20.0,0
ACC-16171,Mid-Market,24,24,2373.5,38,17,0.4474,12.85,0.9844,0.706,3,2,5.9995,5,0,44.0,0
ACC-16172,Enterprise,24,33,9668.35,189,161,0.8519,28.85,0.7318,0.5583,3,0,0.0001,0,0,14.0,0
ACC-16173,SMB,36,19,2460.28,7,5,0.7143,4.53,0.6835,0.4124,2,1,4.4995,4,0,7.0,0
ACC-16174,Mid-Market,36,13,2842.8,137,91,0.6642,20.98,1.0394,0.6451,6,0,0.0,3,0,33.0,0
ACC-16175,Mid-Market,12,54,8337.42,41,18,0.439,14.91,0.8212,0.7868,3,0,0.0001,2,0,48.0,0
ACC-16176,Mid-Market,24,18,6225.32,66,47,0.7121,11.3,0.9202,0.6533,2,0,0.0001,6,12,32.0,0
ACC-16177,Enterprise,12,15,29427.35,459,333,0.7255,9.76,0.7949,0.8335,1,1,8.9976,3,0,72.0,0
ACC-16178,Enterprise,24,23,33450.86,667,571,0.8561,20.67,1.0815,0.6554,1,0,0.0003,6,0,40.0,0
ACC-16179,Mid-Market,12,5,4497.64,92,86,0.9348,20.93,1.3907,0.8698,3,0,0.0001,4,0,28.0,0
ACC-16180,Mid-Market,24,7,7018.43,75,52,0.6933,20.25,0.996,0.5668,2,0,0.0001,7,0,50.0,0
ACC-16181,Mid-Market,36,4,4783.97,145,127,0.8759,6.38,1.4344,0.7972,5,1,1.8,4,0,,0
ACC-16182,Enterprise,12,5,34302.33,446,293,0.657,23.28,0.7078,0.584,4,1,2.2499,6,0,69.0,0
ACC-16183,SMB,12,9,2056.83,33,26,0.7879,9.42,0.9842,0.7671,3,2,5.9995,5,0,,1
ACC-16184,Enterprise,12,13,27321.4,229,195,0.8515,13.85,0.847,0.7832,1,0,0.0003,6,32,95.0,0
ACC-16185,SMB,24,12,804.01,13,8,0.6154,19.59,0.6958,0.8592,3,0,0.0001,2,0,,0
ACC-16186,SMB,12,16,1271.51,9,7,0.7778,16.93,0.6578,0.3886,0,0,1.0,2,0,66.0,0
ACC-16187,Mid-Market,36,20,2088.87,129,112,0.8682,16.93,0.8576,0.6335,4,0,0.0001,3,0,29.0,0
ACC-16188,Enterprise,24,13,31861.47,934,723,0.7741,22.82,0.895,0.7752,3,0,0.0001,6,0,,0
ACC-16189,Enterprise,24,20,12660.43,668,499,0.747,36.54,1.2917,0.6987,3,0,0.0001,3,0,47.0,0
ACC-16190,SMB,24,33,775.57,5,4,0.8,8.81,1.0167,0.649,6,0,0.0,2,0,49.0,0
ACC-16191,Mid-Market,12,47,5754.11,32,20,0.625,8.38,0.84,0.8078,2,0,0.0001,7,12,63.0,0
ACC-16192,SMB,36,36,627.16,17,14,0.8235,32.67,1.2898,0.6699,4,0,0.0001,5,0,83.0,0
ACC-16193,SMB,24,43,1369.62,29,14,0.4828,17.24,0.7586,0.8175,4,0,0.0001,3,0,,0
ACC-16194,SMB,36,16,1628.57,17,14,0.8235,18.87,0.8142,0.8016,2,0,0.0001,3,4,43.0,0
ACC-16195,Enterprise,12,5,39095.56,216,130,0.6019,5.95,0.9963,0.6826,2,0,0.0001,4,0,,0
ACC-16196,Mid-Market,24,15,8054.84,59,50,0.8475,9.4,0.8766,0.5575,2,0,0.0001,5,0,78.0,0
ACC-16197,SMB,12,8,1864.32,28,20,0.7143,9.27,0.6523,0.6728,3,1,2.9998,8,0,-7.0,0
ACC-16198,Mid-Market,24,16,3992.84,93,80,0.8602,20.19,0.5698,0.5984,5,1,1.8,3,0,-31.0,0
ACC-16199,Enterprise,24,7,35147.61,906,674,0.7439,18.1,1.1128,0.6204,4,1,2.2499,7,4,7.0,0
ACC-16200,SMB,24,18,2097.32,11,10,0.9091,9.42,0.8085,0.6224,3,0,0.0001,6,0,-8.0,0
ACC-16201,Mid-Market,24,10,5858.24,49,44,0.898,24.15,1.2833,0.5808,2,1,4.4995,3,12,7.0,0
ACC-16202,SMB,12,10,563.03,6,5,0.8333,9.23,0.9025,0.7911,2,1,4.4995,3,0,,0
ACC-16203,SMB,36,31,2410.99,25,15,0.6,14.95,1.0254,0.5432,1,0,0.0003,3,0,54.0,0
ACC-16204,Enterprise,36,18,13810.86,902,642,0.7118,22.58,0.8138,0.801,1,0,0.0003,3,0,14.0,0
ACC-16205,SMB,12,16,1645.52,28,18,0.6429,13.57,0.8461,0.8349,3,0,0.0001,2,0,,0
ACC-16206,Mid-Market,36,27,2063.6,82,59,0.7195,7.02,1.1802,0.8689,5,0,0.0001,1,0,,0
ACC-16207,Mid-Market,12,20,5623.57,87,56,0.6437,11.17,0.7709,0.5234,3,0,0.0001,5,0,37.0,0
ACC-16208,Mid-Market,24,26,9786.9,129,85,0.6589,16.35,0.999,0.4992,5,1,1.8,5,0,,0
ACC-16209,Enterprise,12,15,12604.31,599,487,0.813,5.83,1.1456,0.9495,6,0,0.0,8,0,41.0,0
ACC-16210,Mid-Market,36,25,2573.51,43,21,0.4884,16.17,0.8673,0.7059,3,0,0.0001,2,0,100.0,0
ACC-16211,Enterprise,12,5,13744.5,708,472,0.6667,13.1,1.0026,0.5801,0,0,1.0,7,0,45.0,0
ACC-16212,Mid-Market,12,15,8340.68,42,29,0.6905,14.71,0.9257,0.7125,2,1,4.4995,2,0,-4.0,0
ACC-16213,Mid-Market,12,19,6780.22,140,85,0.6071,16.43,1.5103,0.6053,2,0,0.0001,7,0,17.0,0
ACC-16214,SMB,12,13,1122.36,17,14,0.8235,11.38,0.9706,0.5792,3,0,0.0001,5,0,6.0,0
ACC-16215,SMB,24,15,494.8,30,21,0.7,10.24,0.8421,0.6522,8,0,0.0,5,0,6.0,0
ACC-16216,Enterprise,12,27,18525.42,756,632,0.836,6.66,0.9132,0.8952,3,3,8.9992,5,0,13.0,1
ACC-16217,Mid-Market,24,28,8442.43,113,99,0.8761,13.44,0.897,0.5305,2,0,0.0001,3,0,22.0,0
ACC-16218,Mid-Market,36,19,9644.56,104,69,0.6635,19.4,0.7323,0.8133,6,0,0.0,8,0,,0
ACC-16219,Enterprise,24,34,37963.84,528,258,0.4886,19.4,1.3176,0.8075,3,0,0.0001,1,0,,0
ACC-16220,SMB,24,8,1536.06,28,21,0.75,5.6,1.2635,0.6312,3,1,2.9998,5,0,-7.0,0
ACC-16221,SMB,12,14,1703.94,19,14,0.7368,6.87,1.295,0.672,4,0,0.0001,6,0,,0
ACC-16222,Enterprise,12,14,32849.59,441,305,0.6916,27.36,0.8645,0.6002,6,0,0.0,5,0,53.0,0
ACC-16223,Mid-Market,12,32,4619.6,53,37,0.6981,6.03,0.6559,0.8323,3,0,0.0001,2,4,,0
ACC-16224,Enterprise,12,22,10515.9,245,226,0.9224,20.36,0.8948,0.8218,8,1,1.125,4,0,-5.0,0
ACC-16225,Mid-Market,36,37,9524.4,124,58,0.4677,7.06,1.1707,0.5438,4,2,4.4997,3,0,-17.0,1
ACC-16226,Enterprise,12,6,39237.95,775,607,0.7832,10.7,1.4008,0.8692,4,0,0.0001,1,0,79.0,0
ACC-16227,SMB,36,20,1777.47,5,5,1.0,12.48,0.8062,0.7621,5,0,0.0001,1,4,,0
ACC-16228,SMB,12,17,730.06,24,17,0.7083,16.16,0.9468,0.707,5,0,0.0001,2,0,36.0,0
ACC-16229,Mid-Market,24,3,5749.51,45,25,0.5556,15.26,0.9027,0.6642,2,1,4.4995,5,0,84.0,0
ACC-16230,Mid-Market,12,10,5090.24,102,85,0.8333,9.73,0.9138,0.5953,1,0,0.0003,1,0,73.0,0
ACC-16231,SMB,12,8,1711.25,17,12,0.7059,9.99,0.8998,0.6832,2,0,0.0001,4,0,,0
ACC-16232,Mid-Market,24,22,7045.93,137,48,0.3504,13.45,0.6329,0.5039,4,0,0.0001,3,0,38.0,0
ACC-16233,Enterprise,12,31,19844.09,300,185,0.6167,10.35,1.8257,0.7048,3,0,0.0001,3,0,-43.0,0
ACC-16234,Mid-Market,24,13,6540.19,126,81,0.6429,9.55,0.754,0.8386,0,0,1.0,3,0,,0
ACC-16235,SMB,24,8,1603.96,26,20,0.7692,14.32,0.8069,0.9196,3,0,0.0001,1,0,35.0,0
ACC-16236,Mid-Market,12,7,4137.69,73,68,0.9315,3.7,1.091,0.5539,5,0,0.0001,7,0,34.0,0
ACC-16237,SMB,36,38,717.84,17,12,0.7059,6.67,1.32,0.7242,3,0,0.0001,5,0,69.0,0
ACC-16238,SMB,12,11,1657.23,16,11,0.6875,32.86,1.1375,0.8068,4,0,0.0001,2,0,53.0,0
ACC-16239,SMB,24,2,836.17,22,11,0.5,8.09,0.6687,0.4427,2,0,0.0001,3,0,56.0,0
ACC-16240,SMB,12,11,762.68,19,11,0.5789,10.23,0.6763,0.8638,6,0,0.0,5,0,13.0,0
ACC-16241,Enterprise,24,5,17186.06,375,253,0.6747,16.25,0.8741,0.6626,2,1,4.4995,2,0,55.0,0
ACC-16242,Mid-Market,12,17,4654.64,113,104,0.9204,11.21,1.1548,0.745,1,1,8.9976,5,4,,0
ACC-16243,SMB,12,16,1044.45,14,7,0.5,13.5,0.7554,0.8282,5,0,0.0001,5,0,39.0,0
ACC-16244,SMB,12,13,760.26,7,5,0.7143,13.19,0.9946,0.8231,5,0,0.0001,7,0,,0
ACC-16245,Mid-Market,12,6,6712.66,36,24,0.6667,9.11,0.8732,0.8689,4,1,2.2499,4,8,,0
ACC-16246,Enterprise,12,16,36840.61,676,448,0.6627,28.62,0.9553,0.972,2,1,4.4995,4,0,30.0,0
ACC-16247,SMB,24,14,1180.33,5,4,0.8,16.66,0.8992,0.4506,1,0,0.0003,4,0,,0
ACC-16248,SMB,24,15,1889.84,9,6,0.6667,3.96,0.6167,0.6169,4,0,0.0001,2,0,,0
ACC-16249,Enterprise,12,12,27845.46,936,809,0.8643,6.81,1.3948,0.5695,2,0,0.0001,3,0,,0
ACC-16250,Mid-Market,12,24,4386.57,71,36,0.507,12.22,1.1438,0.7104,2,0,0.0001,5,8,48.0,0
ACC-16251,Enterprise,12,28,37431.51,482,458,0.9502,23.29,1.1506,0.5114,5,1,1.8,5,0,51.0,0
ACC-16252,Mid-Market,12,7,4499.18,33,24,0.7273,11.5,0.7438,0.6912,4,0,0.0001,3,0,7.0,0
ACC-16253,Enterprise,12,23,40957.81,171,127,0.7427,13.14,1.039,0.7653,4,0,0.0001,2,0,75.0,0
ACC-16254,Mid-Market,12,29,4954.06,98,70,0.7143,13.29,1.2398,0.5691,7,1,1.2857,2,0,23.0,0
ACC-16255,Mid-Market,36,49,4239.4,84,64,0.7619,10.87,0.8781,0.5518,4,1,2.2499,6,0,,0
ACC-16256,Mid-Market,24,18,8908.63,80,66,0.825,12.97,0.734,0.6684,5,1,1.8,7,0,,0
ACC-16257,SMB,12,12,622.68,19,14,0.7368,8.7,0.9331,0.5817,1,0,0.0003,6,0,31.0,0
ACC-16258,SMB,12,26,969.44,11,7,0.6364,13.19,0.9657,0.7553,4,0,0.0001,4,0,51.0,0
ACC-16259,Mid-Market,24,12,4827.23,101,83,0.8218,7.53,1.0528,0.7585,5,1,1.8,3,8,27.0,0
ACC-16260,Enterprise,12,30,29695.32,973,376,0.3864,4.74,0.9697,0.6597,4,0,0.0001,5,0,8.0,0
ACC-16261,SMB,24,15,1371.73,8,4,0.5,9.68,1.2611,0.4996,7,1,1.2857,5,0,,0
ACC-16262,Enterprise,36,10,31656.42,475,318,0.6695,5.42,0.9446,0.3263,5,0,0.0001,4,0,,0
ACC-16263,SMB,24,17,1821.77,15,10,0.6667,11.61,1.0918,0.8445,5,0,0.0001,3,0,46.0,0
ACC-16264,SMB,12,14,940.85,23,19,0.8261,15.61,0.9919,0.8698,1,0,0.0003,2,12,,0
ACC-16265,Mid-Market,24,13,9078.76,130,101,0.7769,12.96,0.855,0.7901,4,0,0.0001,5,0,43.0,0
ACC-16266,SMB,36,4,1530.87,13,11,0.8462,26.28,0.78,0.5917,4,1,2.2499,4,0,28.0,0
ACC-16267,Enterprise,24,29,40440.43,509,279,0.5481,11.8,1.0985,0.3306,3,1,2.9998,4,0,,0
ACC-16268,Mid-Market,24,29,5661.06,91,79,0.8681,4.8,1.0869,0.91,8,0,0.0,2,0,56.0,0
ACC-16269,Mid-Market,12,21,3782.88,79,68,0.8608,29.15,1.3439,0.8251,4,0,0.0001,3,0,,0
ACC-16270,Mid-Market,12,22,6188.75,136,101,0.7426,31.33,0.9288,0.5772,5,0,0.0001,4,0,-16.0,0
ACC-16271,SMB,24,9,2280.73,6,5,0.8333,21.04,0.8857,0.8469,4,0,0.0001,3,0,29.0,0
ACC-16272,Enterprise,36,3,17499.2,471,383,0.8132,11.81,0.8171,0.8203,2,0,0.0001,6,0,,0
ACC-16273,Mid-Market,24,18,5497.44,69,43,0.6232,12.61,0.6629,0.7448,1,1,8.9976,4,0,,0
ACC-16274,Mid-Market,24,15,8972.09,58,39,0.6724,11.29,0.9042,0.7929,3,0,0.0001,5,0,,0
ACC-16275,SMB,12,18,1739.0,18,17,0.9444,3.01,1.0845,0.6232,7,1,1.2857,4,0,6.0,0
ACC-16276,Mid-Market,12,2,4251.23,87,63,0.7241,17.11,0.8301,0.8724,6,0,0.0,1,0,82.0,0
ACC-16277,Mid-Market,12,24,5448.31,69,50,0.7246,14.66,0.7948,0.4939,4,1,2.2499,3,0,,1
ACC-16278,SMB,12,9,2075.7,18,6,0.3333,44.48,0.9344,0.8481,5,1,1.8,2,0,,0
ACC-16279,Enterprise,24,8,40209.92,585,454,0.7761,24.39,1.2527,0.7764,0,0,1.0,4,0,46.0,0
ACC-16280,SMB,12,41,2190.71,19,13,0.6842,16.73,0.8632,0.9157,4,1,2.2499,4,0,63.0,0
ACC-16281,Mid-Market,24,35,8009.95,91,48,0.5275,7.82,1.1352,0.7056,2,1,4.4995,4,0,24.0,0
ACC-16282,SMB,24,4,1873.92,25,17,0.68,11.41,0.952,0.7469,6,0,0.0,2,12,,0
ACC-16283,SMB,12,10,2108.6,29,23,0.7931,11.34,0.8578,0.7807,5,1,1.8,6,12,23.0,0
ACC-16284,Mid-Market,12,13,5025.78,49,35,0.7143,21.27,1.0462,0.6843,5,0,0.0001,4,0,,0
ACC-16285,Mid-Market,24,33,9370.99,47,30,0.6383,18.48,1.277,0.5263,7,0,0.0,1,44,45.0,0
ACC-16286,SMB,36,25,466.14,28,22,0.7857,14.95,0.5705,0.6403,9,0,0.0,5,0,,0
ACC-16287,Mid-Market,24,6,6581.28,71,52,0.7324,17.95,1.3024,0.6522,3,1,2.9998,8,0,,0
ACC-16288,SMB,12,17,1108.46,25,21,0.84,23.92,1.4477,0.7382,4,0,0.0001,4,0,17.0,0
ACC-16289,Mid-Market,12,13,8072.43,140,74,0.5286,24.97,1.0032,0.7477,4,1,2.2499,7,0,,0
ACC-16290,Enterprise,12,14,17834.56,739,691,0.935,20.01,0.9044,0.3232,5,0,0.0001,4,0,60.0,0
ACC-16291,Mid-Market,12,11,8452.62,139,78,0.5612,17.4,0.9526,0.7587,1,1,8.9976,4,0,,0
ACC-16292,SMB,24,13,940.42,10,7,0.7,7.26,0.8867,0.7176,3,0,0.0001,7,0,,0
ACC-16293,Mid-Market,24,23,8262.66,62,54,0.871,11.44,0.8602,0.7861,4,1,2.2499,3,0,7.0,0
ACC-16294,SMB,12,14,1503.73,28,21,0.75,12.53,1.0467,0.6274,3,0,0.0001,2,0,37.0,0
ACC-16295,SMB,12,15,2208.26,9,6,0.6667,6.34,0.7646,0.8076,4,0,0.0001,4,0,23.0,0
ACC-16296,Mid-Market,12,25,5222.37,78,53,0.6795,11.2,1.1514,0.5707,5,2,3.5998,2,0,46.0,1
ACC-16297,Enterprise,36,20,36954.89,318,257,0.8082,14.81,1.1281,0.8144,5,0,0.0001,4,0,10.0,0
ACC-16298,SMB,12,25,2332.7,13,11,0.8462,14.8,1.031,0.7392,6,0,0.0,4,0,12.0,0
ACC-16299,Mid-Market,24,9,7781.53,89,57,0.6404,3.24,1.2942,0.8269,2,0,0.0001,1,0,7.0,0
ACC-16300,SMB,12,16,1582.95,19,13,0.6842,13.4,0.841,0.8448,3,0,0.0001,2,0,26.0,0
ACC-16301,Mid-Market,24,16,2991.62,58,51,0.8793,8.18,0.7936,0.5361,7,0,0.0,2,0,40.0,0
ACC-16302,Mid-Market,12,15,6586.26,44,40,0.9091,5.27,1.0091,0.8242,2,0,0.0001,5,0,-12.0,0
ACC-16303,SMB,12,13,1561.09,20,18,0.9,3.06,0.8704,0.6802,3,1,2.9998,4,4,,1
ACC-16304,Mid-Market,24,35,7430.35,38,32,0.8421,9.78,0.8786,0.7841,1,0,0.0003,2,0,53.0,0
ACC-16305,Mid-Market,24,12,6942.12,49,30,0.6122,16.94,0.7801,0.7532,5,0,0.0001,6,0,,0
ACC-16306,Mid-Market,12,30,5597.39,31,28,0.9032,15.23,0.6593,0.6281,5,0,0.0001,5,8,,0
ACC-16307,Mid-Market,12,44,8627.89,103,81,0.7864,10.48,0.9502,0.6462,3,0,0.0001,3,0,,0
ACC-16308,Mid-Market,12,8,6864.22,48,29,0.6042,11.18,0.7342,0.6353,5,0,0.0001,1,0,30.0,0
ACC-16309,SMB,12,6,624.02,24,15,0.625,9.98,0.8909,0.8661,3,0,0.0001,7,0,,0
ACC-16310,Mid-Market,24,4,6107.56,40,37,0.925,7.74,1.0328,0.9424,3,1,2.9998,6,0,13.0,0
ACC-16311,Mid-Market,36,30,9624.9,89,80,0.8989,6.95,1.3739,0.7164,7,2,2.5714,4,0,29.0,1
ACC-16312,SMB,12,30,2037.14,25,13,0.52,19.7,0.7776,0.7095,3,0,0.0001,4,0,22.0,0
ACC-16313,Mid-Market,12,8,5670.68,92,67,0.7283,4.22,0.7832,0.699,3,0,0.0001,1,0,2.0,0
ACC-16314,Mid-Market,12,25,5600.2,83,76,0.9157,21.22,1.0629,0.8804,6,0,0.0,5,0,29.0,0
ACC-16315,SMB,12,10,2337.84,5,4,0.8,14.06,1.5891,0.2181,3,2,5.9995,3,16,23.0,1
ACC-16316,SMB,12,17,924.87,29,23,0.7931,26.82,0.8088,0.7426,2,0,0.0001,8,0,,0
ACC-16317,Mid-Market,24,28,3968.68,49,36,0.7347,24.41,1.3709,0.8073,3,0,0.0001,5,0,,0
ACC-16318,Mid-Market,12,21,2412.27,45,35,0.7778,8.86,0.9541,0.913,8,0,0.0,10,16,1.0,0
ACC-16319,Enterprise,24,9,40977.82,570,463,0.8123,14.92,0.8613,0.6633,4,0,0.0001,6,0,41.0,0
ACC-16320,Mid-Market,24,17,5957.18,144,124,0.8611,13.29,0.6122,0.7322,5,0,0.0001,5,0,53.0,0
ACC-16321,Mid-Market,36,13,6722.85,144,110,0.7639,15.73,0.7828,0.4547,5,1,1.8,6,0,,0
ACC-16322,Mid-Market,36,25,7423.15,80,66,0.825,7.73,1.7193,0.6889,3,0,0.0001,5,0,,0
ACC-16323,Mid-Market,24,20,6653.93,69,48,0.6957,12.55,0.7129,0.5282,5,1,1.8,3,0,90.0,0
ACC-16324,Enterprise,36,20,34781.73,843,645,0.7651,19.02,1.3011,0.8404,3,0,0.0001,4,4,49.0,0
ACC-16325,Enterprise,12,9,19733.21,192,111,0.5781,11.63,0.8507,0.4384,4,1,2.2499,6,8,58.0,0
ACC-16326,SMB,12,9,1254.84,29,26,0.8966,11.01,1.1456,0.4072,6,0,0.0,1,0,,0
ACC-16327,Mid-Market,12,18,7719.05,147,111,0.7551,10.79,0.8292,0.3854,4,1,2.2499,5,0,10.0,0
ACC-16328,Mid-Market,24,27,5193.63,108,83,0.7685,24.33,1.4071,0.5314,3,2,5.9995,2,0,33.0,1
ACC-16329,Enterprise,36,39,38565.41,289,153,0.5294,11.21,0.8244,0.9132,5,1,1.8,10,0,,0
ACC-16330,Enterprise,12,5,29287.83,204,172,0.8431,9.34,0.9289,0.7302,2,1,4.4995,3,0,6.0,0
ACC-16331,SMB,24,17,559.77,16,8,0.5,18.62,0.8739,0.8176,4,0,0.0001,4,0,33.0,0
ACC-16332,Mid-Market,24,29,2556.05,84,53,0.631,14.1,0.7985,0.6752,6,0,0.0,6,0,,0
ACC-16333,Mid-Market,36,24,5956.28,87,64,0.7356,29.04,0.6861,0.8711,4,0,0.0001,1,0,17.0,0
ACC-16334,Mid-Market,24,20,5841.29,140,101,0.7214,17.31,0.9447,0.4971,4,0,0.0001,1,0,,0
ACC-16335,SMB,36,28,1063.65,10,6,0.6,15.01,0.79,0.6531,3,1,2.9998,5,0,70.0,0
ACC-16336,Enterprise,12,8,36950.64,652,522,0.8006,6.52,1.0446,0.7593,5,0,0.0001,6,0,,0
ACC-16337,Enterprise,12,24,32883.69,661,422,0.6384,10.73,0.885,0.3994,1,0,0.0003,4,0,,0
ACC-16338,Mid-Market,12,29,5356.02,119,102,0.8571,15.08,3.6069,0.8427,8,0,0.0,5,0,36.0,0
ACC-16339,Mid-Market,12,7,5797.56,98,76,0.7755,7.77,0.8076,0.7036,4,0,0.0001,5,0,37.0,0
ACC-16340,Mid-Market,12,20,6102.06,110,64,0.5818,20.88,1.3829,0.3501,5,1,1.8,1,0,,0
ACC-16341,Mid-Market,24,25,2105.72,55,40,0.7273,10.99,1.0718,0.8139,2,0,0.0001,1,0,,0
ACC-16342,SMB,24,27,749.94,13,10,0.7692,28.73,0.8794,0.5477,3,0,0.0001,3,12,,0
ACC-16343,SMB,24,4,1645.81,31,27,0.871,7.5,0.9473,0.9186,2,1,4.4995,8,0,38.0,0
ACC-16344,Mid-Market,12,11,3350.71,102,53,0.5196,31.74,0.843,0.5121,2,3,13.4981,3,0,28.0,1
ACC-16345,Enterprise,12,2,44273.92,999,664,0.6647,20.07,1.0127,0.7799,6,0,0.0,2,0,-2.0,0
ACC-16346,Mid-Market,12,34,2285.84,85,58,0.6824,18.75,1.2216,0.8183,1,0,0.0003,4,12,43.0,0
ACC-16347,SMB,12,13,1945.34,16,11,0.6875,15.15,0.9228,0.3797,4,2,4.4997,2,0,,1
ACC-16348,Mid-Market,24,8,9037.41,138,89,0.6449,5.01,1.0795,0.8909,1,0,0.0003,7,0,,0
ACC-16349,SMB,12,8,825.56,13,8,0.6154,18.25,1.1611,0.4296,3,0,0.0001,4,4,,0
ACC-16350,Enterprise,12,11,32178.22,670,309,0.4612,15.42,1.066,0.6892,4,1,2.2499,3,0,7.0,0
ACC-16351,Mid-Market,24,29,4716.61,149,128,0.8591,8.23,1.506,0.8224,6,2,2.9999,6,0,,0
ACC-16352,Enterprise,12,9,22371.8,993,630,0.6344,19.18,1.0383,0.5771,3,1,2.9998,5,0,,0
ACC-16353,Mid-Market,36,37,3757.82,62,55,0.8871,16.77,1.1485,0.6237,4,0,0.0001,3,0,11.0,0
ACC-16354,SMB,12,6,732.0,7,3,0.4286,8.35,1.0927,0.6818,1,0,0.0003,3,0,49.0,0
ACC-16355,SMB,36,51,605.18,10,7,0.7,5.02,0.7142,0.9127,3,0,0.0001,6,8,99.0,0
ACC-16356,Mid-Market,12,12,5290.52,72,34,0.4722,13.45,1.0704,0.5517,7,0,0.0,4,0,63.0,0
ACC-16357,Mid-Market,24,38,3240.67,142,109,0.7676,7.81,0.8051,0.4896,3,0,0.0001,5,0,97.0,0
ACC-16358,SMB,12,34,1514.38,16,15,0.9375,9.83,1.981,0.4847,3,0,0.0001,3,0,83.0,0
ACC-16359,SMB,24,34,895.94,22,15,0.6818,23.04,1.2545,0.6476,4,0,0.0001,3,0,42.0,0
ACC-16360,Enterprise,12,16,16498.03,471,275,0.5839,7.84,0.8671,0.6182,2,0,0.0001,4,8,28.0,0
ACC-16361,Mid-Market,12,7,3415.4,32,21,0.6562,15.5,0.9433,0.6262,2,0,0.0001,2,0,42.0,0
ACC-16362,Mid-Market,24,19,5603.28,77,46,0.5974,10.15,1.0971,0.6856,7,0,0.0,9,0,76.0,0
ACC-16363,Mid-Market,12,10,7909.74,70,59,0.8429,31.8,1.08,0.5426,2,1,4.4995,6,0,22.0,0
ACC-16364,Mid-Market,12,35,6919.07,86,66,0.7674,11.68,0.7703,0.4756,4,0,0.0001,4,0,42.0,0
ACC-16365,Mid-Market,12,18,7324.32,119,62,0.521,19.41,0.8196,0.6771,3,0,0.0001,3,0,,0
ACC-16366,Mid-Market,24,17,5447.31,72,60,0.8333,9.12,0.6985,0.8728,5,1,1.8,5,0,,0
ACC-16367,Enterprise,12,10,35110.92,447,306,0.6846,13.82,1.1071,0.6621,2,0,0.0001,5,4,,0
ACC-16368,Mid-Market,12,12,8519.56,88,66,0.75,4.28,0.6823,0.6159,6,0,0.0,4,0,64.0,0
ACC-16369,SMB,12,23,1722.61,33,25,0.7576,4.5,1.0985,0.6576,3,0,0.0001,5,0,61.0,0
ACC-16370,SMB,24,21,2146.82,6,5,0.8333,18.89,0.8354,0.6418,4,0,0.0001,3,0,73.0,0
ACC-16371,Mid-Market,24,25,9190.31,55,36,0.6545,35.71,0.7747,0.56,3,0,0.0001,3,0,50.0,0
ACC-16372,SMB,12,27,2161.21,27,17,0.6296,15.6,1.1237,0.85,3,2,5.9995,5,0,,1
ACC-16373,SMB,12,28,718.09,19,14,0.7368,8.36,1.0008,0.8493,4,1,2.2499,6,0,,0
ACC-16374,Mid-Market,12,8,3890.81,140,78,0.5571,11.94,1.5495,0.4794,4,0,0.0001,1,0,44.0,0
ACC-16375,Enterprise,12,21,32129.04,968,655,0.6767,11.74,1.1967,0.6241,4,0,0.0001,1,0,33.0,0
ACC-16376,SMB,12,20,1809.09,6,4,0.6667,17.26,0.8707,0.915,3,1,2.9998,3,0,,0
ACC-16377,SMB,12,6,2207.36,6,5,0.8333,14.5,0.8743,0.7789,3,1,2.9998,2,0,38.0,0
ACC-16378,SMB,12,22,579.95,34,33,0.9706,12.87,0.951,0.7318,3,0,0.0001,1,0,35.0,0
ACC-16379,SMB,36,34,2310.31,16,13,0.8125,10.82,1.7867,0.7986,5,1,1.8,6,0,-17.0,0
ACC-16380,Mid-Market,12,22,4990.36,80,45,0.5625,16.63,0.8931,0.8274,6,0,0.0,0,0,55.0,0
ACC-16381,Mid-Market,24,6,5440.42,54,29,0.537,9.56,0.9715,0.6475,4,1,2.2499,5,0,,0
ACC-16382,Enterprise,12,10,22872.19,708,535,0.7556,6.29,0.7684,0.6524,2,0,0.0001,3,0,30.0,0
ACC-16383,Mid-Market,12,20,4033.73,110,81,0.7364,10.29,0.891,0.6473,3,0,0.0001,2,0,85.0,0
ACC-16384,Mid-Market,24,9,3541.04,98,85,0.8673,3.45,1.5096,0.8331,3,0,0.0001,6,0,,0
ACC-16385,Mid-Market,12,23,3650.14,136,90,0.6618,9.94,0.904,0.8333,5,0,0.0001,5,0,,0
ACC-16386,Mid-Market,12,17,8448.11,105,85,0.8095,12.78,0.8491,0.7083,2,0,0.0001,3,0,45.0,0
ACC-16387,SMB,24,28,1560.07,7,4,0.5714,30.62,1.8099,0.7962,3,0,0.0001,4,0,34.0,0
ACC-16388,Mid-Market,12,14,6961.39,145,61,0.4207,10.61,0.7254,0.3752,3,0,0.0001,2,0,66.0,0
ACC-16389,Mid-Market,12,20,3932.35,45,25,0.5556,18.81,1.0168,0.6741,7,1,1.2857,6,0,,0
ACC-16390,Enterprise,12,11,40807.64,881,532,0.6039,12.72,0.9909,0.8165,2,0,0.0001,4,4,8.0,0
ACC-16391,Mid-Market,12,46,5095.41,61,33,0.541,17.77,1.016,0.7047,3,1,2.9998,2,0,60.0,0
ACC-16392,SMB,24,17,639.53,10,9,0.9,7.49,0.9176,0.8035,1,0,0.0003,2,0,19.0,0
ACC-16393,SMB,12,7,2343.51,32,17,0.5312,13.9,0.8536,0.6291,5,0,0.0001,4,4,38.0,0
ACC-16394,SMB,12,30,2024.11,8,6,0.75,13.98,0.7789,0.6969,2,1,4.4995,5,0,,0
ACC-16395,Mid-Market,12,14,9595.17,111,102,0.9189,14.89,1.2844,0.7256,7,0,0.0,3,0,42.0,0
ACC-16396,Mid-Market,12,29,2172.18,84,57,0.6786,5.79,0.7118,0.5311,2,1,4.4995,3,0,,1
ACC-16397,Mid-Market,36,14,3066.16,105,80,0.7619,24.66,0.745,0.4892,3,1,2.9998,6,0,20.0,0
ACC-16398,Mid-Market,12,4,3242.32,58,49,0.8448,13.13,0.829,0.8354,3,0,0.0001,2,0,5.0,0
ACC-16399,SMB,36,9,522.33,6,5,0.8333,18.38,0.9704,0.6876,3,0,0.0001,3,0,63.0,0
ACC-16400,SMB,24,16,1930.88,6,5,0.8333,2.85,1.0027,0.415,2,2,8.9988,5,0,84.0,0
ACC-16401,SMB,24,7,1768.22,8,4,0.5,19.63,0.7777,0.6474,4,1,2.2499,2,0,,0
ACC-16402,Mid-Market,12,13,3919.22,128,108,0.8438,17.22,0.7285,0.5003,5,1,1.8,5,0,70.0,0
ACC-16403,SMB,12,27,2041.77,30,26,0.8667,16.65,0.9022,0.6464,2,0,0.0001,3,0,58.0,0
ACC-16404,Enterprise,24,22,30682.95,138,118,0.8551,20.67,1.3572,0.7785,5,1,1.8,5,0,30.0,0
ACC-16405,SMB,24,18,730.6,24,17,0.7083,28.42,0.8631,0.7801,0,0,1.0,2,0,-1.0,0
ACC-16406,Mid-Market,12,14,7180.31,142,109,0.7676,16.27,1.2426,0.9395,7,0,0.0,2,0,,0
ACC-16407,Mid-Market,12,36,3422.36,45,35,0.7778,7.04,1.1951,0.6693,2,0,0.0001,4,4,,0
ACC-16408,Mid-Market,12,18,5958.93,91,71,0.7802,25.86,0.6751,0.2522,4,0,0.0001,4,0,27.0,0
ACC-16409,SMB,36,11,409.64,28,21,0.75,6.47,1.0834,0.6897,1,2,17.9949,3,0,,1
ACC-16410,Enterprise,12,26,17076.59,759,569,0.7497,11.84,0.826,0.7675,3,1,2.9998,4,0,77.0,0
ACC-16411,Mid-Market,24,23,3543.01,106,57,0.5377,14.24,0.9622,0.8677,2,0,0.0001,2,12,,0
ACC-16412,SMB,24,10,1219.97,18,15,0.8333,7.64,0.8882,0.6393,8,0,0.0,8,4,,0
ACC-16413,Mid-Market,24,32,4763.18,117,81,0.6923,14.84,0.8198,0.6174,4,0,0.0001,1,0,36.0,0
ACC-16414,Enterprise,24,19,29506.26,251,225,0.8964,8.7,0.9754,0.7839,4,0,0.0001,1,0,47.0,0
ACC-16415,Mid-Market,12,20,4687.57,61,44,0.7213,17.08,1.0104,0.5945,5,0,0.0001,2,0,14.0,0
ACC-16416,Mid-Market,36,33,6017.1,71,49,0.6901,7.3,1.0529,0.9473,0,0,1.0,8,0,6.0,0
ACC-16417,SMB,24,7,2334.12,9,6,0.6667,10.61,0.8708,0.8157,0,1,30001.0,5,0,37.0,0
ACC-16418,SMB,24,10,474.68,5,3,0.6,9.87,0.8872,0.4369,9,1,1.0,7,0,75.0,0
ACC-16419,Mid-Market,12,33,9461.76,56,43,0.7679,5.51,0.805,0.7894,5,1,1.8,5,0,,0
ACC-16420,SMB,24,10,1859.31,19,12,0.6316,8.73,1.2015,0.6667,1,0,0.0003,2,0,67.0,0
ACC-16421,Mid-Market,12,17,9384.03,124,67,0.5403,19.16,0.864,0.4063,1,0,0.0003,4,0,,0
ACC-16422,Enterprise,12,36,30282.77,155,130,0.8387,25.48,0.7656,0.6369,4,1,2.2499,9,0,,0
ACC-16423,Mid-Market,24,8,3655.36,53,49,0.9245,18.03,0.878,0.8051,3,0,0.0001,2,0,,0
ACC-16424,Mid-Market,12,4,9268.69,92,71,0.7717,7.67,1.0892,0.6175,4,0,0.0001,5,0,23.0,0
ACC-16425,Enterprise,24,7,44886.65,862,620,0.7193,20.44,0.9674,0.8478,4,0,0.0001,7,0,-13.0,0
ACC-16426,SMB,12,17,721.49,30,16,0.5333,13.58,0.6823,0.6966,4,2,4.4997,4,0,,1
ACC-16427,SMB,24,14,2470.99,10,5,0.5,7.17,0.9311,0.8861,1,1,8.9976,6,0,45.0,0
ACC-16428,Mid-Market,12,14,9794.96,88,62,0.7045,22.8,1.8884,0.6541,4,0,0.0001,6,0,54.0,0
ACC-16429,Mid-Market,24,13,5635.55,42,39,0.9286,15.78,1.1377,0.513,2,0,0.0001,3,0,51.0,0
ACC-16430,SMB,12,10,1804.42,29,23,0.7931,19.88,1.1017,0.7707,4,1,2.2499,4,0,,0
ACC-16431,SMB,24,13,1623.44,18,17,0.9444,17.88,0.8217,0.7247,4,2,4.4997,3,0,28.0,1
ACC-16432,SMB,24,21,898.24,11,11,1.0,14.16,1.472,0.6622,8,0,0.0,6,0,-0.0,0
ACC-16433,Mid-Market,12,25,2995.86,112,105,0.9375,32.62,0.9377,0.5378,6,1,1.5,2,0,,0
ACC-16434,SMB,12,22,1917.17,9,7,0.7778,1.7,0.8581,0.6635,0,0,1.0,4,0,,0
ACC-16435,Mid-Market,24,13,2439.45,47,21,0.4468,6.08,0.7545,0.619,1,1,8.9976,2,0,,0
ACC-16436,Mid-Market,24,15,5277.9,41,37,0.9024,9.93,0.7507,0.3713,7,1,1.2857,5,0,,0
ACC-16437,Enterprise,24,27,34556.72,583,481,0.825,20.75,0.8106,0.695,3,0,0.0001,3,0,27.0,0
ACC-16438,Enterprise,24,27,40351.23,409,301,0.7359,24.8,0.9608,0.5491,0,1,30001.0,3,0,,0
ACC-16439,Mid-Market,12,43,6457.7,147,124,0.8435,27.9,1.0106,0.7125,7,0,0.0,4,0,58.0,0
ACC-16440,Mid-Market,12,14,3661.9,105,59,0.5619,14.41,0.7963,0.8385,1,1,8.9976,5,0,,0
ACC-16441,Enterprise,12,7,33578.99,506,350,0.6917,27.29,2.3621,0.7863,1,0,0.0003,2,0,,0
ACC-16442,SMB,12,17,721.45,13,9,0.6923,12.1,1.2309,0.6664,5,2,3.5998,3,0,1.0,1
ACC-16443,Enterprise,24,23,40834.52,647,454,0.7017,7.85,1.1223,0.6897,2,1,4.4995,6,0,,0
ACC-16444,Mid-Market,12,28,5354.66,83,41,0.494,12.19,0.9681,0.3337,8,0,0.0,9,0,31.0,0
ACC-16445,Mid-Market,36,12,6418.75,36,14,0.3889,19.06,0.6481,0.4146,2,0,0.0001,4,0,22.0,0
ACC-16446,SMB,24,19,1622.68,10,7,0.7,11.3,1.5267,0.2369,3,1,2.9998,5,0,38.0,0
ACC-16447,Mid-Market,24,25,3411.28,113,74,0.6549,10.89,1.1175,0.8182,3,0,0.0001,3,0,64.0,0
ACC-16448,Enterprise,36,17,33297.42,198,161,0.8131,14.53,1.0318,0.6347,2,1,4.4995,5,8,49.0,0
ACC-16449,Mid-Market,12,15,4047.45,55,39,0.7091,15.7,0.9538,0.9515,2,0,0.0001,5,0,21.0,0
ACC-16450,SMB,24,21,1165.15,31,29,0.9355,3.67,0.9166,0.7653,6,0,0.0,5,0,,0
ACC-16451,SMB,12,4,1299.88,6,4,0.6667,10.32,1.0312,0.3927,5,1,1.8,5,0,24.0,0
ACC-16452,Mid-Market,12,14,4997.54,54,41,0.7593,6.52,1.1569,0.6996,6,0,0.0,3,0,36.0,0
ACC-16453,Mid-Market,24,47,9903.0,35,32,0.9143,12.56,1.2377,0.8752,7,0,0.0,3,0,29.0,0
ACC-16454,SMB,12,21,933.57,29,26,0.8966,4.34,1.6192,0.6421,4,1,2.2499,2,0,,0
ACC-16455,Enterprise,36,48,23419.59,108,104,0.963,20.55,1.077,0.8154,1,0,0.0003,0,0,67.0,0
ACC-16456,Mid-Market,24,18,3167.8,42,29,0.6905,22.87,1.2114,0.8745,3,1,2.9998,2,0,24.0,0
ACC-16457,Mid-Market,24,32,7938.88,133,119,0.8947,14.66,1.1998,0.6037,5,0,0.0001,5,0,55.0,0
ACC-16458,Enterprise,12,13,40544.18,144,113,0.7847,8.26,1.8205,0.7026,1,1,8.9976,2,0,,0
ACC-16459,Mid-Market,24,14,4062.88,61,47,0.7705,25.78,0.8227,0.8561,3,0,0.0001,1,0,45.0,0
ACC-16460,Mid-Market,12,11,3179.82,138,87,0.6304,15.35,1.182,0.7911,3,0,0.0001,2,0,60.0,0
ACC-16461,SMB,24,30,2237.12,23,16,0.6957,4.45,0.6978,0.4068,2,1,4.4995,6,0,29.0,0
ACC-16462,SMB,12,9,1876.46,18,9,0.5,15.04,0.7858,0.7987,2,0,0.0001,2,0,59.0,0
ACC-16463,Mid-Market,24,5,6339.93,129,107,0.8295,5.12,1.0214,0.7804,0,0,1.0,4,4,62.0,0
ACC-16464,SMB,12,28,997.58,24,21,0.875,19.61,0.7826,0.5994,2,0,0.0001,5,0,50.0,0
ACC-16465,Enterprise,12,9,33704.73,834,712,0.8537,5.63,1.0644,0.4142,3,0,0.0001,3,0,,0
ACC-16466,Mid-Market,12,26,8383.59,37,32,0.8649,8.86,0.824,0.7172,6,0,0.0,6,0,,0
ACC-16467,Enterprise,12,14,23843.83,861,567,0.6585,4.62,0.782,0.6087,1,0,0.0003,5,0,13.0,0
ACC-16468,SMB,24,60,754.91,8,7,0.875,15.31,0.898,0.7131,6,1,1.5,5,0,,0
ACC-16469,SMB,12,43,1918.11,21,13,0.619,11.35,1.7626,0.6625,2,0,0.0001,3,0,,0
ACC-16470,SMB,12,60,589.29,26,14,0.5385,12.89,0.9625,0.3014,4,1,2.2499,4,0,,0
ACC-16471,SMB,24,8,1346.27,19,14,0.7368,13.44,1.3328,0.8379,4,0,0.0001,4,0,83.0,0
ACC-16472,Mid-Market,12,16,7099.49,103,94,0.9126,10.58,0.8573,0.6182,6,0,0.0,4,0,,0
ACC-16473,SMB,12,5,1547.28,10,6,0.6,13.09,0.7582,0.9502,3,1,2.9998,3,0,,0
ACC-16474,SMB,24,22,1031.8,7,6,0.8571,29.1,1.4809,0.5932,3,0,0.0001,4,0,27.0,0
ACC-16475,SMB,12,9,1607.2,26,24,0.9231,10.81,1.9723,0.8437,2,0,0.0001,4,0,39.0,0
ACC-16476,Mid-Market,12,17,3233.86,70,56,0.8,7.73,1.2359,0.911,2,0,0.0001,3,0,21.0,0
ACC-16477,Enterprise,12,3,35586.94,552,403,0.7301,18.22,1.5428,0.7106,8,1,1.125,3,0,60.0,0
ACC-16478,Mid-Market,12,3,3527.87,129,101,0.7829,15.75,0.7836,0.6952,1,0,0.0003,2,0,13.0,0
ACC-16479,Enterprise,12,10,18407.27,875,706,0.8069,16.15,0.8854,0.6346,3,0,0.0001,8,0,80.0,0
ACC-16480,Mid-Market,12,11,7060.0,85,56,0.6588,9.32,2.0577,0.4399,2,0,0.0001,5,0,-43.0,0
ACC-16481,Mid-Market,24,36,6783.68,52,29,0.5577,22.35,0.8813,0.6256,2,1,4.4995,8,0,,0
ACC-16482,Mid-Market,12,13,5629.06,32,17,0.5312,22.95,1.0966,0.7839,1,1,8.9976,4,0,,0
ACC-16483,Enterprise,12,23,31161.13,497,428,0.8612,10.12,0.9981,0.4443,5,0,0.0001,9,0,40.0,0
ACC-16484,Enterprise,12,4,25540.33,954,546,0.5723,14.09,0.7253,0.5382,2,2,8.9988,4,0,,1
ACC-16485,Mid-Market,24,20,7107.04,75,69,0.92,17.34,0.9198,0.8332,2,0,0.0001,3,0,29.0,0
ACC-16486,SMB,36,19,1142.15,8,7,0.875,7.18,1.1547,0.8532,1,0,0.0003,1,0,,0
ACC-16487,Mid-Market,12,25,2023.45,45,29,0.6444,11.11,0.7307,0.5248,2,1,4.4995,3,0,36.0,0
ACC-16488,Mid-Market,36,19,3777.04,114,75,0.6579,19.27,0.9488,0.7108,3,1,2.9998,2,0,64.0,0
ACC-16489,SMB,12,46,2263.13,29,23,0.7931,16.33,0.9491,0.8931,2,0,0.0001,9,0,-4.0,0
ACC-16490,Mid-Market,12,14,5638.24,103,83,0.8058,12.77,1.3139,0.8141,4,0,0.0001,4,0,-5.0,0
ACC-16491,Mid-Market,12,9,2875.28,38,26,0.6842,9.72,0.9426,0.8782,1,1,8.9976,6,0,5.0,0
ACC-16492,Mid-Market,12,26,8454.58,111,84,0.7568,14.72,0.9513,0.6753,5,0,0.0001,2,0,-17.0,0
ACC-16493,Mid-Market,12,20,6866.78,144,93,0.6458,20.26,0.8101,0.9724,5,0,0.0001,5,0,,0
ACC-16494,SMB,12,9,1934.41,27,23,0.8519,30.98,0.6182,0.8133,5,0,0.0001,6,0,,0
ACC-16495,Enterprise,12,23,42141.78,957,345,0.3605,8.58,0.9785,0.5156,0,0,1.0,4,0,24.0,0
ACC-16496,Mid-Market,12,31,2847.08,105,71,0.6762,21.03,0.8731,0.7609,2,1,4.4995,7,0,66.0,0
ACC-16497,Enterprise,12,21,8589.13,950,831,0.8747,28.3,1.3109,0.7433,8,0,0.0,3,0,,0
ACC-16498,Mid-Market,12,19,5184.16,56,32,0.5714,11.13,0.8152,0.2665,2,0,0.0001,5,0,39.0,0
ACC-16499,SMB,24,6,1152.6,32,22,0.6875,10.31,1.9758,0.4491,5,0,0.0001,6,0,19.0,0
ACC-16500,Mid-Market,12,13,5332.37,99,60,0.6061,21.08,1.0042,0.5911,6,0,0.0,4,0,42.0,0
ACC-16501,Enterprise,24,9,43055.97,490,378,0.7714,10.89,1.2772,0.6349,7,0,0.0,2,0,36.0,0
ACC-16502,Mid-Market,24,24,2734.62,118,41,0.3475,26.2,0.8292,0.6861,5,0,0.0001,3,0,35.0,0
ACC-16503,Enterprise,12,6,25114.83,927,847,0.9137,0.98,1.1505,0.8714,3,0,0.0001,2,0,-20.0,0
ACC-16504,Enterprise,12,7,22682.9,332,302,0.9096,14.87,1.0926,0.8321,4,0,0.0001,5,0,23.0,0
ACC-16505,SMB,12,8,2053.69,21,18,0.8571,17.65,1.2206,0.5267,4,0,0.0001,5,0,,0
ACC-16506,SMB,24,10,1457.33,29,25,0.8621,11.04,1.5352,0.3795,3,0,0.0001,4,0,,0
ACC-16507,SMB,12,8,1275.67,10,7,0.7,17.7,0.7457,0.8572,2,0,0.0001,4,0,,0
ACC-16508,SMB,12,13,1454.16,18,12,0.6667,30.11,1.1361,0.5737,5,0,0.0001,1,0,11.0,0
ACC-16509,SMB,12,14,628.22,20,18,0.9,15.04,0.9697,0.6483,7,1,1.2857,4,0,-13.0,0
ACC-16510,Enterprise,24,29,22512.42,147,110,0.7483,6.79,0.758,0.6935,1,0,0.0003,4,0,90.0,0
ACC-16511,SMB,12,9,490.51,9,5,0.5556,16.03,3.7205,0.5631,1,1,8.9976,7,0,,0
ACC-16512,SMB,24,10,1510.36,10,7,0.7,11.79,1.0502,0.831,1,1,8.9976,4,0,-45.0,0
ACC-16513,SMB,12,23,583.67,25,21,0.84,5.1,0.7266,0.874,3,0,0.0001,1,0,30.0,0
ACC-16514,Mid-Market,24,26,3840.62,135,84,0.6222,8.41,0.9193,0.5924,1,0,0.0003,5,0,,0
ACC-16515,Mid-Market,12,18,7884.99,117,111,0.9487,18.55,0.9702,0.5232,5,0,0.0001,5,0,38.0,0
ACC-16516,SMB,12,23,1855.75,18,13,0.7222,24.41,1.2118,0.5612,4,0,0.0001,7,0,5.0,0
ACC-16517,SMB,36,5,2484.77,21,19,0.9048,13.52,1.0201,0.5771,5,0,0.0001,6,0,31.0,0
ACC-16518,SMB,24,27,1119.71,23,17,0.7391,9.98,0.983,0.5976,5,0,0.0001,2,0,31.0,0
ACC-16519,Enterprise,12,16,15103.62,144,122,0.8472,9.21,0.9279,0.6889,5,0,0.0001,7,0,,0
ACC-16520,Mid-Market,12,23,4363.55,139,98,0.705,8.33,0.7567,0.6265,2,0,0.0001,4,0,54.0,0
ACC-16521,Mid-Market,24,19,7705.92,138,124,0.8986,15.69,0.9664,0.6764,6,0,0.0,2,0,0.0,0
ACC-16522,SMB,24,13,1231.15,14,11,0.7857,29.49,0.827,0.6034,5,0,0.0001,5,0,15.0,0
ACC-16523,Enterprise,12,21,36771.45,911,808,0.8869,11.92,0.7646,0.3716,6,0,0.0,2,0,72.0,0
ACC-16524,Enterprise,24,11,23669.28,613,472,0.77,4.1,0.7338,0.4654,0,1,30001.0,3,0,36.0,0
ACC-16525,SMB,24,51,1151.28,10,8,0.8,17.88,0.9063,0.7043,5,0,0.0001,6,0,,0
ACC-16526,Enterprise,12,6,25599.65,656,556,0.8476,14.53,0.9504,0.8284,5,0,0.0001,1,0,,0
ACC-16527,SMB,24,27,809.91,24,17,0.7083,6.14,1.0067,0.4156,2,0,0.0001,2,0,75.0,0
ACC-16528,Mid-Market,12,20,9704.67,61,44,0.7213,9.81,0.8786,0.5142,1,0,0.0003,3,0,61.0,0
ACC-16529,SMB,36,16,1930.08,20,15,0.75,13.6,1.0142,0.8028,3,1,2.9998,5,0,,0
ACC-16530,Mid-Market,24,10,8621.6,127,111,0.874,36.86,1.0047,0.661,4,0,0.0001,3,0,28.0,0
ACC-16531,SMB,24,20,2343.8,29,24,0.8276,5.96,0.876,0.8158,3,0,0.0001,1,0,61.0,0
ACC-16532,SMB,12,16,2375.23,9,7,0.7778,19.22,0.9375,0.4772,4,1,2.2499,6,0,,0
ACC-16533,Enterprise,12,5,26737.15,647,424,0.6553,26.71,0.9201,0.8768,4,1,2.2499,4,0,58.0,0
ACC-16534,Enterprise,12,24,12730.79,626,413,0.6597,8.78,0.8914,0.7893,4,0,0.0001,5,0,7.0,0
ACC-16535,Mid-Market,24,21,8721.83,149,124,0.8322,4.96,0.8139,0.5218,6,0,0.0,9,0,59.0,0
ACC-16536,SMB,24,9,1016.99,8,7,0.875,12.06,0.8911,0.5681,4,1,2.2499,1,0,,0
ACC-16537,SMB,12,29,967.26,13,11,0.8462,11.55,1.0912,0.7293,3,1,2.9998,2,0,-32.0,1
ACC-16538,Mid-Market,24,28,6104.03,138,124,0.8986,14.14,0.732,0.867,3,0,0.0001,4,0,42.0,0
ACC-16539,Mid-Market,24,7,8637.68,129,95,0.7364,27.86,0.9035,0.8261,2,0,0.0001,4,0,42.0,0
ACC-16540,Enterprise,12,21,41069.77,941,587,0.6238,18.02,0.791,0.6553,3,0,0.0001,4,0,74.0,0
ACC-16541,SMB,12,26,2223.85,20,17,0.85,7.26,0.9579,0.5862,1,0,0.0003,4,0,,0
ACC-16542,SMB,24,6,1800.78,23,20,0.8696,10.54,0.7353,0.9553,4,0,0.0001,4,0,-4.0,0
ACC-16543,Mid-Market,12,4,9883.25,132,124,0.9394,10.57,0.9479,0.8433,4,0,0.0001,4,0,66.0,0
ACC-16544,Mid-Market,24,14,7745.2,138,115,0.8333,15.26,1.1003,0.3315,5,0,0.0001,1,0,44.0,0
ACC-16545,Enterprise,12,12,14134.78,949,633,0.667,3.45,0.7812,0.9128,3,0,0.0001,5,0,40.0,0
ACC-16546,Mid-Market,36,16,5841.01,49,27,0.551,22.27,1.5211,0.7946,1,1,8.9976,3,0,26.0,0
ACC-16547,Mid-Market,12,39,2920.31,49,35,0.7143,15.66,0.7752,0.8101,3,1,2.9998,5,0,41.0,0
ACC-16548,Enterprise,12,26,29861.23,901,697,0.7736,23.83,0.6634,0.8487,6,0,0.0,3,0,80.0,0
ACC-16549,Mid-Market,12,10,9914.86,128,90,0.7031,7.44,0.8384,0.4785,4,0,0.0001,5,0,,0
ACC-16550,Mid-Market,12,18,2180.28,48,35,0.7292,6.94,0.8309,0.7933,1,1,8.9976,3,0,37.0,0
ACC-16551,Mid-Market,12,17,3384.8,73,39,0.5342,17.08,0.7383,0.8848,3,1,2.9998,6,4,48.0,0
ACC-16552,Mid-Market,12,28,5582.29,67,43,0.6418,22.84,0.9752,0.5958,3,0,0.0001,3,0,,0
ACC-16553,Enterprise,36,26,19367.55,521,388,0.7447,11.58,0.8855,0.676,4,0,0.0001,5,0,46.0,0
ACC-16554,SMB,36,16,994.5,25,18,0.72,13.0,0.7005,0.9543,2,0,0.0001,2,0,26.0,0
ACC-16555,SMB,12,23,546.09,20,10,0.5,14.28,1.9194,0.2435,2,0,0.0001,1,0,,0
ACC-16556,Mid-Market,24,31,2529.87,143,126,0.8811,23.42,0.9364,0.606,2,0,0.0001,3,0,17.0,0
ACC-16557,Enterprise,12,24,32448.17,919,374,0.407,17.21,0.6008,0.6553,2,0,0.0001,1,0,-3.0,0
ACC-16558,SMB,24,10,1998.03,6,5,0.8333,26.32,1.2326,0.7284,2,1,4.4995,2,0,-14.0,0
ACC-16559,SMB,24,11,1239.53,5,4,0.8,6.55,1.1453,0.7851,1,0,0.0003,5,0,,0
ACC-16560,Mid-Market,12,5,8589.51,68,52,0.7647,16.32,0.829,0.6752,4,0,0.0001,1,0,29.0,0
ACC-16561,Mid-Market,24,10,6916.67,118,65,0.5508,18.21,0.8976,0.6918,5,0,0.0001,9,0,64.0,0
ACC-16562,Enterprise,24,11,25690.6,257,231,0.8988,12.57,0.8956,0.7823,3,2,5.9995,5,0,,0
ACC-16563,Mid-Market,12,3,2020.49,79,65,0.8228,25.71,0.7688,0.4091,3,0,0.0001,5,0,19.0,0
ACC-16564,Enterprise,36,8,21339.71,895,769,0.8592,19.67,1.1892,0.6905,5,1,1.8,5,0,,0
ACC-16565,Mid-Market,36,7,3692.09,88,52,0.5909,14.76,0.9865,0.7743,4,2,4.4997,4,0,,0
ACC-16566,SMB,12,12,920.03,6,6,1.0,15.33,0.8407,0.6779,9,1,1.0,4,0,,0
ACC-16567,Mid-Market,24,18,7338.8,72,66,0.9167,16.7,0.904,0.7612,3,1,2.9998,4,0,18.0,0
ACC-16568,Mid-Market,36,10,5247.71,30,25,0.8333,8.91,0.9093,0.5988,2,0,0.0001,5,0,41.0,0
ACC-16569,Mid-Market,12,37,9361.34,39,34,0.8718,13.79,1.3356,0.7489,1,0,0.0003,3,0,-12.0,0
ACC-16570,Mid-Market,12,8,9015.1,122,72,0.5902,7.09,1.1483,0.5554,1,1,8.9976,4,0,12.0,0
ACC-16571,Enterprise,12,3,40807.42,333,240,0.7207,17.74,0.8756,0.7186,2,0,0.0001,7,0,46.0,0
ACC-16572,Enterprise,24,15,28063.05,762,518,0.6798,9.63,0.6997,0.6383,4,0,0.0001,6,0,,0
ACC-16573,SMB,24,25,2447.36,31,18,0.5806,24.67,1.3662,0.7034,2,0,0.0001,6,0,,0
ACC-16574,Enterprise,12,12,20778.53,549,406,0.7395,19.13,0.9919,0.5721,4,0,0.0001,5,0,46.0,0
ACC-16575,SMB,36,13,992.4,25,21,0.84,8.11,0.8847,0.5916,2,0,0.0001,7,0,21.0,0
ACC-16576,SMB,24,43,1045.98,23,18,0.7826,14.4,0.929,0.8231,4,0,0.0001,9,0,,0
ACC-16577,Mid-Market,24,26,9471.06,116,77,0.6638,4.35,1.0144,0.4998,2,2,8.9988,5,0,,1
ACC-16578,Mid-Market,12,19,4769.69,33,28,0.8485,11.54,0.8012,0.7587,5,0,0.0001,3,0,54.0,0
ACC-16579,Mid-Market,12,16,2746.75,134,111,0.8284,6.87,0.9925,0.9009,5,1,1.8,5,0,,0
ACC-16580,SMB,24,4,1362.74,18,11,0.6111,10.89,0.8755,0.8982,2,1,4.4995,4,8,35.0,0
ACC-16581,SMB,12,32,1312.4,31,26,0.8387,18.24,0.9186,0.6223,4,2,4.4997,3,0,,1
ACC-16582,SMB,24,16,1518.87,21,14,0.6667,8.13,1.3652,0.8446,4,0,0.0001,3,4,,0
ACC-16583,Enterprise,24,6,9950.41,632,497,0.7864,11.94,0.5934,0.6117,1,0,0.0003,2,0,,0
ACC-16584,SMB,12,23,1521.26,25,24,0.96,9.69,1.0416,0.6028,4,2,4.4997,2,0,92.0,1
ACC-16585,Mid-Market,24,27,9172.21,120,74,0.6167,13.72,1.0094,0.8984,5,0,0.0001,2,0,48.0,0
ACC-16586,Mid-Market,12,13,3840.27,48,29,0.6042,26.31,1.0748,0.3542,5,1,1.8,2,0,,0
ACC-16587,Enterprise,12,11,35582.56,532,317,0.5959,23.02,0.7786,0.7749,3,0,0.0001,2,0,43.0,0
ACC-16588,Enterprise,12,15,39235.76,796,727,0.9133,19.08,1.0152,0.677,5,0,0.0001,3,0,,0
ACC-16589,SMB,12,10,1597.03,28,17,0.6071,10.52,1.256,0.8222,7,0,0.0,4,0,7.0,0
ACC-16590,Mid-Market,12,8,2390.01,111,98,0.8829,22.16,0.9991,0.6883,1,2,17.9949,2,0,9.0,1
ACC-16591,Mid-Market,24,15,6553.99,37,30,0.8108,12.24,0.7057,0.8153,2,0,0.0001,4,0,,0
ACC-16592,Mid-Market,24,26,7991.75,59,24,0.4068,18.14,1.3763,0.7249,3,1,2.9998,6,0,,0
ACC-16593,SMB,12,41,2257.13,8,5,0.625,21.04,1.1997,0.8813,2,0,0.0001,9,0,,0
ACC-16594,SMB,24,16,686.19,24,19,0.7917,14.1,0.5852,0.8578,4,0,0.0001,8,0,36.0,0
ACC-16595,Mid-Market,12,37,8398.79,107,76,0.7103,17.96,1.0283,0.6556,1,0,0.0003,6,0,27.0,0
ACC-16596,Enterprise,12,8,12042.05,314,240,0.7643,13.61,0.9495,0.4901,4,0,0.0001,3,0,,0
ACC-16597,Mid-Market,24,25,9208.7,59,35,0.5932,3.84,1.1868,0.8573,7,0,0.0,5,0,,0
ACC-16598,SMB,24,13,1467.03,34,28,0.8235,13.96,1.0142,0.4749,2,2,8.9988,4,0,,1
ACC-16599,Mid-Market,24,50,6819.87,87,50,0.5747,9.18,1.1359,0.4395,4,0,0.0001,4,4,-13.0,0
ACC-16600,Mid-Market,12,10,4959.08,129,93,0.7209,19.01,3.6785,0.8327,4,0,0.0001,3,0,,0
ACC-16601,Mid-Market,24,18,7580.53,140,87,0.6214,4.78,1.024,0.796,4,1,2.2499,8,0,27.0,0
ACC-16602,Mid-Market,24,5,6778.86,104,85,0.8173,11.53,0.9927,0.5648,2,2,8.9988,4,0,8.0,0
ACC-16603,SMB,36,12,941.98,6,5,0.8333,8.83,1.0479,0.4982,0,0,1.0,2,0,-9.0,0
ACC-16604,Mid-Market,12,28,9285.5,61,59,0.9672,14.62,1.0624,0.6192,3,2,5.9995,7,0,,1
ACC-16605,Enterprise,24,25,39168.52,282,194,0.6879,20.06,2.0268,0.7737,3,0,0.0001,3,0,26.0,0
ACC-16606,Enterprise,24,19,32123.49,418,364,0.8708,13.93,0.6792,0.8525,2,0,0.0001,3,0,20.0,0
ACC-16607,Mid-Market,36,26,7128.5,70,52,0.7429,7.15,0.8957,0.6738,3,0,0.0001,1,0,71.0,0
ACC-16608,SMB,12,15,1520.33,9,8,0.8889,3.82,1.317,0.8867,3,0,0.0001,1,8,43.0,0
ACC-16609,Mid-Market,12,39,8267.2,74,49,0.6622,20.16,1.4429,0.5913,4,1,2.2499,5,0,6.0,0
ACC-16610,SMB,12,5,1663.83,11,9,0.8182,21.19,0.877,0.6135,2,0,0.0001,2,0,39.0,0
ACC-16611,SMB,12,18,2399.69,25,23,0.92,9.4,0.9451,0.7279,2,1,4.4995,3,0,71.0,0
ACC-16612,Mid-Market,12,6,8908.3,81,42,0.5185,14.3,0.9522,0.4693,5,1,1.8,6,0,95.0,0
ACC-16613,Enterprise,12,8,29970.62,451,359,0.796,5.88,1.1414,0.7093,2,0,0.0001,5,16,,0
ACC-16614,Enterprise,24,11,30995.22,963,643,0.6677,20.31,0.7083,0.8855,4,0,0.0001,9,0,21.0,0
ACC-16615,SMB,12,13,1989.53,33,17,0.5152,37.28,1.2132,0.3984,1,1,8.9976,1,12,,1
ACC-16616,Enterprise,12,15,35606.99,281,249,0.8861,13.49,0.9902,0.8471,0,0,1.0,5,0,41.0,0
ACC-16617,Mid-Market,12,15,2997.06,142,128,0.9014,12.31,1.0783,0.6368,3,0,0.0001,3,0,-32.0,0
ACC-16618,Mid-Market,12,11,4593.39,149,127,0.8523,4.09,0.9518,0.5792,5,1,1.8,9,0,36.0,0
ACC-16619,SMB,36,16,1000.17,13,4,0.3077,35.12,0.9722,0.4965,1,0,0.0003,4,0,,0
ACC-16620,Enterprise,24,7,41256.11,522,486,0.931,16.47,0.8703,0.7267,3,1,2.9998,1,0,21.0,0
ACC-16621,Mid-Market,24,27,6306.5,100,95,0.95,13.87,0.8374,0.7836,3,0,0.0001,4,0,,0
ACC-16622,Mid-Market,12,23,8954.16,30,21,0.7,22.4,1.0069,0.6126,2,1,4.4995,2,0,,0
ACC-16623,Mid-Market,36,39,4234.31,40,21,0.525,20.56,1.0533,0.9351,5,0,0.0001,2,0,,0
ACC-16624,SMB,12,21,1137.33,27,18,0.6667,14.1,0.9151,0.4776,3,1,2.9998,5,0,-14.0,0
ACC-16625,Enterprise,24,22,23719.69,895,497,0.5553,11.41,0.7525,0.8364,2,1,4.4995,5,0,,0
ACC-16626,SMB,12,22,1228.91,34,13,0.3824,9.5,0.6985,0.8707,6,1,1.5,4,0,37.0,0
ACC-16627,SMB,24,9,1810.39,14,12,0.8571,25.33,0.8961,0.6187,3,1,2.9998,5,0,,0
ACC-16628,Mid-Market,24,18,6793.18,38,34,0.8947,13.6,1.114,0.8348,4,0,0.0001,4,0,14.0,0
ACC-16629,SMB,12,12,1047.06,12,11,0.9167,12.05,0.9925,0.214,4,0,0.0001,6,0,17.0,0
ACC-16630,Mid-Market,12,19,2816.99,107,73,0.6822,15.26,1.546,0.355,1,0,0.0003,5,0,,0
ACC-16631,Enterprise,24,21,36470.76,206,143,0.6942,15.12,0.7675,0.8374,2,1,4.4995,2,0,72.0,0
ACC-16632,SMB,12,25,2419.98,16,9,0.5625,28.75,0.9948,0.8367,3,0,0.0001,0,0,68.0,0
ACC-16633,Mid-Market,12,22,3906.8,58,33,0.569,8.19,0.8718,0.8686,3,1,2.9998,6,0,72.0,0
ACC-16634,Mid-Market,12,22,4968.85,99,78,0.7879,9.74,1.3409,0.3554,3,0,0.0001,2,0,,0
ACC-16635,Mid-Market,12,13,4752.5,45,43,0.9556,13.16,0.9376,0.5021,3,2,5.9995,4,4,59.0,1
ACC-16636,SMB,24,60,1211.95,16,14,0.875,13.46,0.8445,0.8367,1,0,0.0003,5,0,-6.0,0
ACC-16637,Mid-Market,12,21,5684.68,30,19,0.6333,19.4,0.992,0.4136,3,1,2.9998,2,0,,1
ACC-16638,Enterprise,12,17,40964.27,951,753,0.7918,6.09,1.023,0.6769,3,2,5.9995,5,0,,1
ACC-16639,Mid-Market,24,31,9528.37,125,104,0.832,18.75,0.9016,0.7427,4,0,0.0001,4,0,,0
ACC-16640,SMB,24,14,1546.13,29,22,0.7586,24.42,1.144,0.6675,3,1,2.9998,2,0,34.0,0
ACC-16641,SMB,12,6,1778.68,25,21,0.84,19.41,0.7323,0.5197,3,0,0.0001,5,0,36.0,0
ACC-16642,Mid-Market,24,10,7507.35,74,71,0.9595,18.48,0.8163,0.5329,6,1,1.5,9,0,30.0,0
ACC-16643,SMB,12,8,2292.16,7,4,0.5714,3.06,1.051,0.9093,7,0,0.0,3,0,75.0,0
ACC-16644,Mid-Market,12,20,8687.09,60,35,0.5833,18.8,0.8354,0.75,1,1,8.9976,4,0,,0
ACC-16645,Mid-Market,36,26,8213.69,110,53,0.4818,7.21,0.9895,0.823,4,0,0.0001,2,0,35.0,0
ACC-16646,SMB,36,7,1950.42,19,13,0.6842,12.39,0.985,0.9341,5,0,0.0001,3,0,53.0,0
ACC-16647,SMB,12,23,609.31,25,22,0.88,9.4,1.0578,0.5275,2,0,0.0001,5,0,,0
ACC-16648,SMB,12,22,2176.69,14,12,0.8571,22.11,1.1157,0.9858,2,0,0.0001,8,0,12.0,0
ACC-16649,SMB,12,38,2293.53,25,22,0.88,8.7,0.8688,0.5943,4,0,0.0001,2,0,-28.0,0
ACC-16650,Enterprise,12,29,42605.68,818,521,0.6369,9.23,0.9384,0.7796,2,1,4.4995,8,0,-6.0,0
ACC-16651,SMB,12,10,872.45,15,11,0.7333,34.63,1.1763,0.8769,3,0,0.0001,2,0,57.0,0
ACC-16652,Mid-Market,12,13,9211.73,114,40,0.3509,21.69,1.0117,0.5106,4,0,0.0001,2,0,43.0,0
ACC-16653,Enterprise,36,14,24652.23,169,63,0.3728,6.92,0.9376,0.7952,4,0,0.0001,3,0,10.0,0
ACC-16654,Mid-Market,24,35,9763.95,74,53,0.7162,8.45,0.6502,0.6872,2,0,0.0001,4,0,87.0,0
ACC-16655,Mid-Market,12,39,4402.18,83,80,0.9639,17.89,0.9377,0.507,3,0,0.0001,4,0,,0
ACC-16656,Mid-Market,24,22,8178.21,124,67,0.5403,29.42,1.2107,0.4859,2,0,0.0001,4,0,,0
ACC-16657,Mid-Market,12,6,9830.27,125,115,0.92,12.72,0.893,0.3731,7,0,0.0,1,0,64.0,0
ACC-16658,Enterprise,12,15,9866.94,647,548,0.847,25.11,1.4886,0.8172,2,0,0.0001,4,0,54.0,0
ACC-16659,Mid-Market,12,48,7014.28,35,31,0.8857,4.55,1.0844,0.6523,6,0,0.0,4,0,48.0,0
ACC-16660,Mid-Market,24,17,4426.79,62,36,0.5806,11.12,1.4749,0.7623,5,0,0.0001,4,0,49.0,0
ACC-16661,Mid-Market,12,2,5465.49,52,33,0.6346,22.19,0.7221,0.5934,2,1,4.4995,4,0,66.0,0
ACC-16662,Mid-Market,24,16,5028.69,73,59,0.8082,10.01,0.6715,0.5308,2,0,0.0001,6,0,,0
ACC-16663,SMB,24,32,1124.76,20,16,0.8,9.31,0.9208,0.4311,1,0,0.0003,3,4,15.0,0
ACC-16664,SMB,12,5,2444.32,31,26,0.8387,6.5,0.6585,0.5913,5,1,1.8,3,0,27.0,0
ACC-16665,SMB,12,6,1986.28,17,6,0.3529,30.06,1.0721,0.6487,12,0,0.0,9,0,54.0,0
ACC-16666,Mid-Market,24,34,2344.66,72,58,0.8056,6.56,1.027,0.7341,2,0,0.0001,1,0,19.0,0
ACC-16667,SMB,36,24,2271.58,28,26,0.9286,28.35,0.8763,0.6506,6,0,0.0,5,0,27.0,0
ACC-16668,Enterprise,24,23,12763.05,750,382,0.5093,8.56,0.6296,0.5865,3,0,0.0001,5,8,51.0,0
ACC-16669,Enterprise,12,4,8039.56,973,686,0.705,13.77,1.1087,0.5223,5,0,0.0001,4,0,,0
ACC-16670,Mid-Market,24,11,5253.99,115,77,0.6696,14.39,1.4571,0.3193,2,1,4.4995,5,0,55.0,0
ACC-16671,SMB,12,22,657.66,11,7,0.6364,8.77,0.6743,0.6371,2,0,0.0001,2,0,,0
ACC-16672,Mid-Market,36,8,9455.75,119,77,0.6471,15.0,2.0012,0.7057,3,0,0.0001,2,0,,0
ACC-16673,Enterprise,24,21,32900.92,441,350,0.7937,12.41,1.4349,0.7529,1,1,8.9976,3,0,18.0,0
ACC-16674,Enterprise,24,8,20664.58,538,464,0.8625,7.28,1.0432,0.8768,1,1,8.9976,2,0,9.0,0
ACC-16675,SMB,12,6,1552.59,15,11,0.7333,8.92,0.8965,0.4952,3,0,0.0001,4,0,,0
ACC-16676,Mid-Market,24,21,5660.34,41,34,0.8293,15.31,0.8061,0.8771,7,0,0.0,2,0,16.0,0
ACC-16677,Mid-Market,12,17,8735.8,105,65,0.619,9.04,0.8224,0.7905,2,0,0.0001,7,0,,0
ACC-16678,Mid-Market,12,15,7725.04,101,85,0.8416,21.85,0.8484,0.8851,3,0,0.0001,6,0,99.0,0
ACC-16679,Mid-Market,12,16,7006.45,60,49,0.8167,24.42,1.1976,0.7028,1,0,0.0003,4,0,,0
ACC-16680,SMB,36,16,1441.47,9,8,0.8889,20.31,1.0752,0.263,3,1,2.9998,4,8,22.0,0
ACC-16681,Mid-Market,24,5,6648.65,97,86,0.8866,14.77,0.8355,0.8536,8,0,0.0,5,0,,0
ACC-16682,SMB,12,26,2225.33,22,16,0.7273,20.06,0.9985,0.5746,5,0,0.0001,5,0,-49.0,0
ACC-16683,Mid-Market,24,33,7238.25,69,55,0.7971,8.24,0.9281,0.4025,2,0,0.0001,3,0,72.0,0
ACC-16684,SMB,12,41,515.24,31,14,0.4516,8.37,0.992,0.4518,4,0,0.0001,5,0,,0
ACC-16685,Enterprise,12,19,18387.48,126,93,0.7381,10.45,1.1567,0.5892,4,0,0.0001,3,0,20.0,0
ACC-16686,Mid-Market,12,6,7246.3,97,48,0.4948,12.25,0.848,0.819,3,1,2.9998,3,0,29.0,0
ACC-16687,Mid-Market,24,26,9906.35,80,67,0.8375,16.27,4.2793,0.7205,3,0,0.0001,4,0,53.0,0
ACC-16688,Mid-Market,12,18,8489.2,107,102,0.9533,7.75,1.0347,0.6197,1,2,17.9949,5,20,22.0,1
ACC-16689,Enterprise,12,18,26310.77,722,681,0.9432,24.3,1.0459,0.6066,2,0,0.0001,3,0,17.0,0
ACC-16690,SMB,24,9,1019.93,18,13,0.7222,14.62,1.0018,0.6394,3,1,2.9998,5,0,-4.0,0
ACC-16691,Mid-Market,12,21,8680.09,32,19,0.5938,20.87,0.7121,0.9387,3,0,0.0001,2,4,11.0,0
ACC-16692,SMB,24,26,1545.24,10,9,0.9,22.73,0.9388,0.8686,4,0,0.0001,2,4,21.0,0
ACC-16693,SMB,12,18,437.87,5,5,1.0,10.65,0.6882,0.5773,3,0,0.0001,7,0,12.0,0
ACC-16694,Mid-Market,24,12,5729.08,139,113,0.8129,11.67,0.9975,0.7039,5,0,0.0001,2,0,,0
ACC-16695,SMB,24,13,1196.69,12,9,0.75,15.51,1.1225,0.6262,3,0,0.0001,3,0,97.0,0
ACC-16696,SMB,24,19,2302.21,23,18,0.7826,12.67,1.035,0.7292,3,0,0.0001,3,0,32.0,0
ACC-16697,Mid-Market,12,12,9273.67,143,127,0.8881,18.33,0.7232,0.4802,3,1,2.9998,6,0,41.0,0
ACC-16698,SMB,24,7,753.7,17,11,0.6471,14.95,0.7805,0.3386,1,1,8.9976,7,0,72.0,0
ACC-16699,Mid-Market,12,25,9505.23,71,46,0.6479,11.55,0.7376,0.9187,3,2,5.9995,2,0,30.0,1
ACC-16700,Mid-Market,24,17,3290.34,68,21,0.3088,8.4,0.9117,0.4096,1,1,8.9976,2,0,,0
ACC-16701,SMB,12,18,882.63,10,6,0.6,11.03,0.7943,0.7484,7,0,0.0,6,0,81.0,0
ACC-16702,Mid-Market,12,11,4427.08,81,70,0.8642,7.32,1.2434,0.9045,0,0,1.0,4,0,28.0,0
ACC-16703,Mid-Market,24,7,5160.88,76,57,0.75,9.41,0.9453,0.5265,3,2,5.9995,5,0,,1
ACC-16704,Mid-Market,24,9,2810.37,129,104,0.8062,18.55,1.056,0.6948,5,0,0.0001,2,0,47.0,0
ACC-16705,SMB,12,12,896.86,27,25,0.9259,13.63,0.7632,0.7361,2,0,0.0001,8,0,97.0,0
ACC-16706,SMB,36,7,2294.62,14,7,0.5,9.6,0.9031,0.6508,2,0,0.0001,3,0,2.0,0
ACC-16707,Mid-Market,36,12,7338.41,52,37,0.7115,11.93,1.2162,0.8629,3,0,0.0001,7,0,17.0,0
ACC-16708,SMB,24,15,1883.11,8,7,0.875,20.8,1.3824,0.4384,7,0,0.0,4,0,,0
ACC-16709,SMB,12,28,1431.85,10,9,0.9,8.81,1.0686,0.7595,4,0,0.0001,5,0,-17.0,0
ACC-16710,Enterprise,24,24,12924.92,624,465,0.7452,3.86,1.2333,0.4374,5,0,0.0001,3,0,44.0,0
ACC-16711,Mid-Market,12,23,2986.96,81,56,0.6914,29.61,0.6684,0.6403,3,0,0.0001,3,0,,0
ACC-16712,SMB,12,7,1264.07,16,13,0.8125,11.64,0.7628,0.7755,2,1,4.4995,2,0,-2.0,0
ACC-16713,SMB,36,22,510.34,16,11,0.6875,13.79,1.0309,0.9649,2,1,4.4995,2,0,68.0,0
ACC-16714,SMB,36,28,1436.57,32,23,0.7188,22.65,0.8888,0.5949,2,0,0.0001,4,0,46.0,0
ACC-16715,Mid-Market,36,12,3209.38,134,89,0.6642,10.87,0.8377,0.3837,3,1,2.9998,4,0,61.0,0
ACC-16716,Enterprise,12,7,17704.43,231,149,0.645,14.2,0.8782,0.6226,3,0,0.0001,5,0,26.0,0
ACC-16717,Mid-Market,12,21,5887.13,71,31,0.4366,10.74,1.1521,0.7688,2,1,4.4995,3,0,34.0,0
ACC-16718,Mid-Market,12,24,9506.96,78,58,0.7436,6.98,1.1931,0.4162,0,0,1.0,4,8,16.0,0
ACC-16719,Mid-Market,12,16,3684.6,119,83,0.6975,16.67,1.2685,0.8385,1,0,0.0003,4,0,62.0,0
ACC-16720,SMB,12,26,2259.74,27,17,0.6296,23.32,0.9713,0.649,3,0,0.0001,5,0,14.0,0
ACC-16721,Enterprise,12,17,18146.53,854,705,0.8255,13.22,0.9066,0.2201,2,1,4.4995,2,0,40.0,0
ACC-16722,SMB,24,9,1684.88,10,9,0.9,17.85,0.835,0.752,2,1,4.4995,6,0,,0
ACC-16723,Mid-Market,24,16,6576.86,77,37,0.4805,14.26,0.9415,0.7561,3,0,0.0001,1,0,64.0,0
ACC-16724,Mid-Market,24,18,4053.62,102,39,0.3824,10.01,1.1374,0.8219,4,0,0.0001,4,0,27.0,0
ACC-16725,Enterprise,24,16,25275.08,159,135,0.8491,10.6,1.021,0.9162,5,0,0.0001,8,0,,0
ACC-16726,Mid-Market,12,6,3270.04,94,72,0.766,13.06,1.0686,0.6979,4,0,0.0001,4,0,,0
ACC-16727,Enterprise,12,37,22737.68,666,532,0.7988,17.02,0.8711,0.5397,3,0,0.0001,3,0,36.0,0
ACC-16728,SMB,24,48,1238.25,33,30,0.9091,16.01,1.0165,0.7097,2,1,4.4995,5,0,26.0,0
ACC-16729,SMB,12,14,2479.17,9,7,0.7778,11.28,0.9267,0.8193,5,0,0.0001,6,0,32.0,0
ACC-16730,Mid-Market,24,15,4122.05,36,31,0.8611,6.81,1.0984,0.2406,3,1,2.9998,9,0,,0
ACC-16731,Mid-Market,12,16,6749.21,125,56,0.448,18.67,1.0767,0.7191,2,0,0.0001,3,0,26.0,0
ACC-16732,SMB,12,15,1606.98,10,9,0.9,31.11,1.4457,0.4562,6,0,0.0,5,0,54.0,0
ACC-16733,Mid-Market,24,9,6667.22,59,16,0.2712,8.5,1.0848,0.614,6,0,0.0,1,0,12.0,0
ACC-16734,Enterprise,24,25,23164.36,770,400,0.5195,7.11,1.2022,0.8013,2,0,0.0001,2,12,,0
ACC-16735,Mid-Market,36,26,2193.81,114,63,0.5526,24.84,1.0729,0.4697,9,0,0.0,6,0,,0
ACC-16736,SMB,12,15,452.84,10,5,0.5,2.97,0.7806,0.5261,1,2,17.9949,3,0,15.0,1
ACC-16737,Enterprise,12,14,26135.94,470,415,0.883,21.89,0.9966,0.6178,2,0,0.0001,3,0,-12.0,0
ACC-16738,Mid-Market,24,14,9724.2,111,64,0.5766,24.79,0.8719,0.7708,2,0,0.0001,5,0,,0
ACC-16739,SMB,12,25,1149.03,30,26,0.8667,19.27,0.8034,0.4317,3,2,5.9995,3,0,,1
ACC-16740,Enterprise,12,16,14707.3,962,586,0.6091,10.15,0.8307,0.7626,3,0,0.0001,3,0,41.0,0
ACC-16741,Enterprise,36,14,37204.11,386,301,0.7798,14.47,0.7983,0.3913,6,2,2.9999,0,0,13.0,1
ACC-16742,Mid-Market,24,7,5710.77,88,65,0.7386,17.2,1.2967,0.5797,2,0,0.0001,4,24,14.0,0
ACC-16743,SMB,36,27,2434.25,21,15,0.7143,18.96,0.8057,0.7089,11,2,1.6363,5,0,,0
ACC-16744,Mid-Market,12,10,9733.63,139,119,0.8561,31.22,1.1703,0.606,3,0,0.0001,3,0,,0
ACC-16745,SMB,12,7,2099.52,26,19,0.7308,12.7,0.9259,0.8631,2,0,0.0001,5,0,42.0,0
ACC-16746,SMB,24,22,907.46,30,18,0.6,8.6,0.6862,0.7698,6,1,1.5,7,0,,0
ACC-16747,Enterprise,12,16,40004.68,801,396,0.4944,19.5,0.7553,0.7595,3,0,0.0001,1,0,83.0,0
ACC-16748,SMB,24,50,461.27,12,11,0.9167,8.02,0.945,0.7637,2,0,0.0001,3,0,67.0,0
ACC-16749,Mid-Market,12,7,7152.4,113,79,0.6991,3.62,0.7114,0.5342,5,0,0.0001,10,16,,0
ACC-16750,Mid-Market,24,11,8590.68,67,55,0.8209,12.89,1.0245,0.6427,2,0,0.0001,2,0,,0
ACC-16751,Mid-Market,24,22,6573.4,71,27,0.3803,8.75,1.3172,0.7416,3,0,0.0001,2,0,27.0,0
ACC-16752,Mid-Market,12,16,4313.15,126,103,0.8175,9.72,0.9614,0.7537,1,0,0.0003,3,0,,0
ACC-16753,Enterprise,12,18,26834.38,790,553,0.7,11.17,0.901,0.7572,3,0,0.0001,4,0,,0
ACC-16754,Enterprise,24,18,8589.96,619,531,0.8578,14.08,1.0637,0.8562,5,1,1.8,6,0,29.0,0
ACC-16755,Mid-Market,24,5,4148.97,141,110,0.7801,24.42,0.872,0.3113,4,0,0.0001,3,0,,0
ACC-16756,SMB,12,18,2097.24,10,6,0.6,12.32,0.6625,0.5703,6,0,0.0,3,0,23.0,0
ACC-16757,Mid-Market,24,24,7750.07,147,114,0.7755,14.36,1.2487,0.7276,7,0,0.0,7,0,38.0,0
ACC-16758,SMB,12,9,853.62,9,8,0.8889,5.2,1.0024,0.4905,0,0,1.0,5,0,38.0,0
ACC-16759,Mid-Market,12,10,3093.38,81,60,0.7407,18.95,0.8003,0.5495,5,0,0.0001,2,0,,0
ACC-16760,Mid-Market,12,12,8582.04,89,43,0.4831,11.47,1.098,0.7435,3,0,0.0001,8,0,40.0,0
ACC-16761,Enterprise,36,7,22849.06,650,556,0.8554,16.51,0.6734,0.8332,2,1,4.4995,5,0,,0
ACC-16762,Enterprise,12,9,41324.7,745,316,0.4242,12.82,0.7414,0.8038,4,3,6.7496,4,0,87.0,0
ACC-16763,Mid-Market,12,17,6719.37,50,35,0.7,11.62,1.0122,0.8805,6,0,0.0,5,0,,0
ACC-16764,SMB,24,31,1457.34,20,18,0.9,9.67,1.2136,0.6873,5,0,0.0001,3,0,-7.0,0
ACC-16765,SMB,12,11,1808.08,21,16,0.7619,11.15,0.9888,0.7338,3,1,2.9998,5,0,30.0,0
ACC-16766,SMB,12,39,1918.22,27,26,0.963,11.85,1.9068,0.6619,5,0,0.0001,3,0,-4.0,0
ACC-16767,Mid-Market,12,11,8464.4,87,56,0.6437,8.59,0.7617,0.8733,4,1,2.2499,5,0,,0
ACC-16768,SMB,24,25,2396.5,12,8,0.6667,13.41,0.8007,0.8138,7,0,0.0,9,0,,0
ACC-16769,Mid-Market,24,10,8374.49,112,96,0.8571,24.14,1.058,0.6565,4,0,0.0001,2,4,13.0,0
ACC-16770,Enterprise,24,20,17109.29,789,620,0.7858,9.26,1.4115,0.8738,4,1,2.2499,6,0,4.0,0
ACC-16771,SMB,24,36,1266.03,13,7,0.5385,7.25,1.0169,0.8278,1,1,8.9976,4,0,41.0,0
ACC-16772,Mid-Market,24,22,5967.95,91,86,0.9451,6.39,1.128,0.5174,7,0,0.0,3,0,41.0,0
ACC-16773,Enterprise,24,15,9730.07,386,259,0.671,10.98,0.8777,0.203,7,0,0.0,7,0,19.0,0
ACC-16774,Mid-Market,12,14,9778.33,90,72,0.8,19.43,0.9358,0.5175,4,0,0.0001,1,0,66.0,0
ACC-16775,Mid-Market,12,20,7604.88,93,53,0.5699,14.67,1.166,0.5958,1,0,0.0003,5,0,65.0,0
ACC-16776,SMB,24,24,1600.5,26,15,0.5769,36.23,0.7435,0.2442,3,0,0.0001,3,0,55.0,0
ACC-16777,Mid-Market,36,25,7349.03,43,30,0.6977,7.49,1.5285,0.8171,8,2,2.25,2,0,45.0,0
ACC-16778,SMB,12,17,2261.72,32,27,0.8438,13.99,1.4347,0.4972,5,0,0.0001,2,0,,0
ACC-16779,Enterprise,12,20,31847.45,779,589,0.7561,13.16,0.7446,0.8085,2,1,4.4995,1,0,,1
ACC-16780,Mid-Market,12,10,6385.24,31,23,0.7419,10.99,0.7665,0.6959,1,2,17.9949,4,0,39.0,1
ACC-16781,Mid-Market,12,21,2803.13,117,91,0.7778,20.52,0.9755,0.5454,1,1,8.9976,6,0,-2.0,0
ACC-16782,Mid-Market,12,10,5732.05,121,68,0.562,13.48,0.8287,0.8627,4,0,0.0001,6,0,34.0,0
ACC-16783,Mid-Market,12,18,4523.44,140,77,0.55,7.92,0.7648,0.6097,3,0,0.0001,1,0,-16.0,0
ACC-16784,SMB,12,13,2255.89,29,19,0.6552,9.36,0.8639,0.8459,6,1,1.5,4,0,,0
ACC-16785,SMB,24,34,2471.92,13,8,0.6154,13.19,0.8246,0.7353,1,0,0.0003,2,0,,0
ACC-16786,SMB,12,17,1585.1,10,8,0.8,12.93,1.0601,0.764,2,1,4.4995,4,0,-37.0,1
ACC-16787,SMB,24,36,2464.33,5,5,1.0,15.64,0.6733,0.804,5,0,0.0001,2,0,50.0,0
ACC-16788,SMB,24,16,1927.05,11,9,0.8182,13.21,1.4642,0.8656,3,0,0.0001,4,0,59.0,0
ACC-16789,Mid-Market,36,39,2470.81,46,30,0.6522,10.56,1.0973,0.6999,4,1,2.2499,3,0,,0
ACC-16790,SMB,24,22,702.64,30,23,0.7667,9.49,0.916,0.7906,5,0,0.0001,2,0,-37.0,0
ACC-16791,Mid-Market,12,5,4532.41,76,61,0.8026,17.3,0.8144,0.8473,2,0,0.0001,3,40,19.0,0
ACC-16792,Mid-Market,36,13,9085.5,145,124,0.8552,12.7,0.9729,0.707,3,0,0.0001,4,0,73.0,0
ACC-16793,Mid-Market,24,11,4598.89,63,39,0.619,10.52,0.9424,0.703,5,0,0.0001,7,0,77.0,0
ACC-16794,Mid-Market,12,7,2125.38,35,18,0.5143,6.6,1.0324,0.7852,9,0,0.0,5,0,42.0,0
ACC-16795,Mid-Market,12,10,9870.15,88,54,0.6136,9.1,0.8705,0.2151,4,0,0.0001,2,0,100.0,0
ACC-16796,SMB,12,12,1563.22,29,24,0.8276,16.98,1.2395,0.7855,5,2,3.5998,4,0,39.0,1
ACC-16797,Mid-Market,12,5,5057.32,75,63,0.84,20.43,0.8529,0.6083,5,2,3.5998,5,0,24.0,1
ACC-16798,Enterprise,12,15,15128.31,260,84,0.3231,7.29,0.9949,0.6151,0,0,1.0,9,0,75.0,0
ACC-16799,Mid-Market,36,21,6883.75,32,29,0.9062,14.52,1.0229,0.6041,2,1,4.4995,2,0,46.0,0
ACC-16800,Enterprise,12,50,33730.57,566,338,0.5972,14.01,1.1203,0.7055,5,0,0.0001,4,0,-15.0,0
ACC-16801,Enterprise,24,32,34573.6,518,302,0.583,31.27,1.0052,0.9328,4,1,2.2499,4,0,37.0,0
ACC-16802,Mid-Market,24,14,9862.0,80,69,0.8625,10.9,0.8277,0.6904,1,0,0.0003,7,0,61.0,0
ACC-16803,Mid-Market,24,16,9832.14,81,77,0.9506,19.49,1.5341,0.6178,4,1,2.2499,0,0,,0
ACC-16804,Mid-Market,24,22,5261.01,105,61,0.581,4.12,0.6711,0.5985,2,0,0.0001,3,0,,0
ACC-16805,SMB,36,15,1710.47,31,27,0.871,15.38,1.0026,0.7927,4,0,0.0001,6,0,,0
ACC-16806,SMB,12,17,485.38,21,16,0.7619,36.12,0.7329,0.4059,1,0,0.0003,5,0,91.0,0
ACC-16807,Mid-Market,36,10,5538.96,37,26,0.7027,14.9,0.8776,0.8494,2,0,0.0001,6,0,69.0,0
ACC-16808,Mid-Market,24,16,7810.24,61,39,0.6393,20.26,1.1923,0.4596,3,2,5.9995,4,0,41.0,0
ACC-16809,Mid-Market,12,17,9513.82,125,98,0.784,10.04,0.8871,0.7954,5,0,0.0001,3,0,29.0,0
ACC-16810,SMB,24,8,1186.4,12,6,0.5,15.57,1.2596,0.6488,6,0,0.0,4,4,28.0,0
ACC-16811,Enterprise,24,22,14196.23,752,595,0.7912,11.64,0.7407,0.4965,2,3,13.4981,4,4,37.0,0
ACC-16812,Enterprise,36,23,36533.34,397,350,0.8816,6.49,1.1246,0.5554,7,1,1.2857,2,0,92.0,0
ACC-16813,SMB,12,23,1539.34,30,25,0.8333,9.48,1.1032,0.6696,6,0,0.0,3,0,80.0,0
ACC-16814,Mid-Market,24,10,9464.48,73,53,0.726,18.39,0.8151,0.7589,2,3,13.4981,2,0,18.0,1
ACC-16815,Enterprise,12,36,31987.72,270,245,0.9074,4.72,0.9946,0.6827,0,1,30001.0,4,0,7.0,0
ACC-16816,Mid-Market,12,13,5748.02,87,64,0.7356,14.57,0.9975,0.7371,5,0,0.0001,3,0,,0
ACC-16817,SMB,12,8,1783.9,8,5,0.625,8.16,0.9459,0.4432,2,0,0.0001,3,0,28.0,0
ACC-16818,SMB,12,34,886.98,14,10,0.7143,22.13,0.6581,0.4941,1,1,8.9976,4,4,3.0,0
ACC-16819,SMB,24,9,1810.26,32,29,0.9062,6.8,1.7254,0.9194,5,0,0.0001,5,0,90.0,0
ACC-16820,Mid-Market,12,19,8270.47,110,63,0.5727,36.03,1.1742,0.7437,4,0,0.0001,5,0,,0
ACC-16821,Mid-Market,12,11,8231.7,123,85,0.6911,2.88,1.0003,0.8808,3,0,0.0001,3,0,55.0,0
ACC-16822,SMB,12,6,1659.07,13,11,0.8462,7.13,0.9566,0.4983,0,1,30001.0,1,0,-1.0,0
ACC-16823,SMB,12,9,1266.05,25,23,0.92,15.26,1.0344,0.361,3,0,0.0001,8,4,67.0,0
ACC-16824,Mid-Market,12,32,3223.72,32,28,0.875,10.07,1.1317,0.8029,2,0,0.0001,5,0,,0
ACC-16825,SMB,12,17,2355.86,14,8,0.5714,6.82,0.8641,0.5892,2,0,0.0001,5,0,13.0,0
ACC-16826,Enterprise,24,12,8607.23,342,290,0.848,7.11,1.0382,0.6756,2,0,0.0001,2,0,,0
ACC-16827,Mid-Market,12,14,9641.79,131,123,0.9389,18.07,0.677,0.5424,3,1,2.9998,3,0,,0
ACC-16828,SMB,12,8,1952.5,13,10,0.7692,17.99,0.7202,0.694,4,0,0.0001,2,0,28.0,0
ACC-16829,Mid-Market,12,10,9142.56,81,74,0.9136,6.22,1.0146,0.8551,4,0,0.0001,5,0,47.0,0
ACC-16830,SMB,24,25,1332.68,6,5,0.8333,4.47,0.9942,0.4347,5,0,0.0001,3,0,5.0,0
ACC-16831,Enterprise,12,18,42188.94,177,127,0.7175,14.16,1.3751,0.3569,6,0,0.0,4,0,9.0,0
ACC-16832,Mid-Market,24,16,8745.54,63,55,0.873,12.9,0.9025,0.6433,4,0,0.0001,3,0,23.0,0
ACC-16833,SMB,24,15,1779.7,26,20,0.7692,18.39,1.0874,0.4328,3,0,0.0001,3,0,,0
ACC-16834,SMB,24,6,2366.18,32,25,0.7812,13.54,0.8629,0.5361,3,2,5.9995,4,0,33.0,1
ACC-16835,Enterprise,12,15,31309.0,128,87,0.6797,33.33,1.3761,0.5006,6,1,1.5,2,0,54.0,0
ACC-16836,Mid-Market,24,25,5432.87,36,26,0.7222,17.57,0.7826,0.7354,4,0,0.0001,5,0,10.0,0
ACC-16837,Mid-Market,24,11,4573.99,128,89,0.6953,9.62,0.9906,0.7382,2,0,0.0001,3,0,,0
ACC-16838,Enterprise,12,15,43583.81,167,162,0.9701,8.36,0.7165,0.7663,1,0,0.0003,4,0,25.0,0
ACC-16839,SMB,24,3,1257.66,10,8,0.8,12.2,0.9425,0.4172,4,0,0.0001,3,12,26.0,0
ACC-16840,SMB,36,31,827.84,28,20,0.7143,12.19,1.0824,0.6141,1,1,8.9976,1,0,31.0,0
ACC-16841,Enterprise,24,36,11322.74,495,392,0.7919,16.44,1.0388,0.777,3,0,0.0001,3,0,,0
ACC-16842,Enterprise,24,36,40112.05,699,389,0.5565,14.51,1.6388,0.6531,2,1,4.4995,6,0,69.0,0
ACC-16843,Enterprise,24,6,14573.27,177,164,0.9266,16.51,0.8544,0.8976,4,0,0.0001,5,0,,0
ACC-16844,SMB,24,26,1952.66,12,7,0.5833,8.47,0.6613,0.5713,3,2,5.9995,4,0,-7.0,1
ACC-16845,Enterprise,24,3,37020.85,499,316,0.6333,16.25,1.3282,0.5923,4,0,0.0001,4,0,,0
ACC-16846,Mid-Market,24,27,3529.81,44,18,0.4091,6.31,1.5586,0.5338,5,0,0.0001,2,8,13.0,0
ACC-16847,Mid-Market,24,16,5034.08,45,42,0.9333,8.04,0.639,0.4627,4,0,0.0001,1,0,57.0,0
ACC-16848,Mid-Market,12,13,4245.1,147,105,0.7143,9.05,1.3208,0.5866,0,1,30001.0,5,0,75.0,0
ACC-16849,Enterprise,12,26,8864.48,658,459,0.6976,10.76,0.8846,0.6062,2,0,0.0001,2,0,38.0,0
ACC-16850,Mid-Market,24,17,8832.68,113,108,0.9558,12.91,0.8403,0.7268,7,0,0.0,3,0,,0
ACC-16851,SMB,12,10,575.05,12,9,0.75,11.06,0.9506,0.6837,1,1,8.9976,3,0,59.0,0
ACC-16852,SMB,24,23,857.85,14,12,0.8571,6.9,1.511,0.776,6,0,0.0,2,0,,0
ACC-16853,SMB,36,30,2172.82,15,6,0.4,26.06,0.7097,0.5361,2,0,0.0001,5,0,,0
ACC-16854,Enterprise,24,25,20013.95,914,668,0.7309,18.0,1.0312,0.8509,8,0,0.0,2,0,13.0,0
ACC-16855,Mid-Market,36,26,2579.61,71,52,0.7324,9.55,0.7224,0.2596,2,1,4.4995,1,0,8.0,0
ACC-16856,Mid-Market,24,8,3581.46,123,95,0.7724,7.82,0.7382,0.6729,4,0,0.0001,6,0,53.0,0
ACC-16857,Mid-Market,12,12,8376.83,111,85,0.7658,11.71,0.6201,0.7169,2,0,0.0001,6,0,35.0,0
ACC-16858,SMB,24,19,1278.23,28,18,0.6429,5.08,0.8874,0.3791,2,0,0.0001,3,0,94.0,0
ACC-16859,Mid-Market,12,34,9814.86,149,130,0.8725,15.33,1.0827,0.8365,1,0,0.0003,4,0,78.0,0
ACC-16860,Enterprise,12,10,44482.93,894,724,0.8098,10.55,1.1805,0.5639,6,0,0.0,3,0,47.0,0
ACC-16861,SMB,12,33,977.62,33,18,0.5455,12.67,1.7222,0.8674,4,0,0.0001,3,0,-34.0,0
ACC-16862,SMB,12,5,2161.79,26,22,0.8462,15.87,0.863,0.7418,6,0,0.0,4,0,-6.0,0
ACC-16863,Enterprise,12,31,33404.59,468,410,0.8761,21.86,0.9373,0.5123,2,0,0.0001,2,0,,0
ACC-16864,Mid-Market,12,29,4952.54,65,43,0.6615,10.34,1.5001,0.4917,3,0,0.0001,2,0,,0
ACC-16865,Mid-Market,24,44,8805.41,108,78,0.7222,18.62,0.7959,0.6079,7,0,0.0,9,0,,0
ACC-16866,Mid-Market,24,27,3174.67,117,107,0.9145,10.42,0.7711,0.7517,4,0,0.0001,4,0,47.0,0
ACC-16867,Enterprise,12,20,22973.76,206,140,0.6796,7.97,0.5945,0.5698,6,0,0.0,5,12,,0
ACC-16868,Mid-Market,12,13,8199.02,99,83,0.8384,26.55,1.0278,0.5503,2,2,8.9988,3,0,,1
ACC-16869,SMB,24,12,2262.19,18,11,0.6111,5.3,1.0035,0.6751,3,0,0.0001,6,4,,0
ACC-16870,Mid-Market,24,16,9478.29,78,59,0.7564,13.2,0.8793,0.3637,6,0,0.0,5,0,59.0,0
ACC-16871,Enterprise,36,13,18382.92,156,83,0.5321,10.76,0.6733,0.5589,6,1,1.5,2,0,54.0,0
ACC-16872,Mid-Market,12,23,2912.68,37,33,0.8919,4.31,1.1325,0.8176,2,0,0.0001,3,0,43.0,0
ACC-16873,Mid-Market,24,27,4041.27,73,45,0.6164,18.71,0.835,0.798,4,0,0.0001,4,4,-19.0,0
ACC-16874,SMB,12,10,2221.97,25,21,0.84,14.1,0.7963,0.8376,1,1,8.9976,8,0,,0
ACC-16875,Mid-Market,24,28,2257.12,111,53,0.4775,6.71,0.9121,0.4114,1,1,8.9976,2,0,58.0,0
ACC-16876,Enterprise,12,20,28515.91,376,256,0.6809,13.5,0.9723,0.6165,5,0,0.0001,2,0,21.0,0
ACC-16877,Enterprise,12,14,9670.19,411,266,0.6472,14.38,0.8584,0.7942,2,0,0.0001,2,0,,0
ACC-16878,SMB,12,30,1702.03,6,5,0.8333,24.74,0.8759,0.7541,5,1,1.8,2,0,,0
ACC-16879,Mid-Market,12,10,5327.7,42,30,0.7143,21.84,0.9711,0.8852,3,0,0.0001,5,0,49.0,0
ACC-16880,SMB,12,7,2186.33,16,12,0.75,15.29,0.9382,0.6885,4,1,2.2499,4,0,,0
ACC-16881,Mid-Market,24,10,3130.08,117,105,0.8974,18.51,1.1803,0.5013,1,0,0.0003,3,0,-15.0,0
ACC-16882,Mid-Market,24,12,6118.83,43,34,0.7907,11.7,0.8116,0.4471,2,0,0.0001,2,0,,0
ACC-16883,Mid-Market,24,30,7618.45,56,39,0.6964,13.43,0.8927,0.7745,3,1,2.9998,4,0,,0
ACC-16884,SMB,12,49,998.28,34,21,0.6176,20.21,1.5705,0.6661,3,2,5.9995,4,0,,1
ACC-16885,SMB,12,29,1698.7,32,21,0.6562,24.48,1.0021,0.632,2,3,13.4981,2,0,,1
ACC-16886,Mid-Market,36,17,4814.33,44,37,0.8409,21.7,1.0065,0.5907,0,1,30001.0,4,0,,0
ACC-16887,Mid-Market,24,4,5501.03,91,87,0.956,31.73,1.1183,0.7598,2,0,0.0001,4,0,35.0,0
ACC-16888,Enterprise,12,11,21475.79,720,591,0.8208,10.45,0.893,0.4379,2,1,4.4995,5,0,63.0,0
ACC-16889,Mid-Market,12,41,4245.57,131,103,0.7863,13.79,0.9411,0.8848,2,0,0.0001,3,0,,0
ACC-16890,Mid-Market,24,26,2934.52,92,71,0.7717,22.01,0.9,0.9449,4,1,2.2499,2,0,69.0,0
ACC-16891,SMB,12,4,1124.65,7,5,0.7143,18.04,1.4422,0.6959,7,0,0.0,3,0,60.0,0
ACC-16892,SMB,12,3,836.0,26,18,0.6923,16.16,1.305,0.49,2,1,4.4995,6,0,,0
ACC-16893,Mid-Market,24,25,4047.11,147,119,0.8095,11.65,0.9232,0.5465,2,0,0.0001,7,0,46.0,0
ACC-16894,Mid-Market,24,33,6146.91,120,82,0.6833,27.55,0.9782,0.5753,2,1,4.4995,8,0,39.0,0
ACC-16895,SMB,24,9,617.6,27,25,0.9259,8.38,0.8694,0.6087,4,0,0.0001,7,0,,0
ACC-16896,SMB,12,10,745.08,21,15,0.7143,12.96,0.8374,0.4634,3,0,0.0001,1,0,,0
ACC-16897,Enterprise,12,28,9683.25,909,847,0.9318,13.42,1.0993,0.561,5,0,0.0001,3,0,47.0,0
ACC-16898,Mid-Market,36,14,9188.63,98,81,0.8265,9.65,0.918,0.6438,5,0,0.0001,2,0,43.0,0
ACC-16899,Mid-Market,24,15,5090.36,113,93,0.823,5.62,0.9888,0.7778,4,0,0.0001,4,0,6.0,0
ACC-16900,Mid-Market,12,14,9159.28,76,69,0.9079,13.31,1.2264,0.4844,5,1,1.8,4,0,-7.0,0
ACC-16901,Enterprise,12,18,15361.86,845,650,0.7692,6.03,0.9867,0.7438,4,0,0.0001,6,24,42.0,0
ACC-16902,Enterprise,12,20,10362.8,427,216,0.5059,12.08,0.7115,0.8183,6,0,0.0,5,0,-12.0,0
ACC-16903,Mid-Market,12,43,5866.33,68,55,0.8088,9.36,1.5072,0.6711,4,1,2.2499,0,0,44.0,0
ACC-16904,Mid-Market,24,13,9023.97,145,129,0.8897,14.09,0.8486,0.7824,2,0,0.0001,6,0,,0
ACC-16905,Enterprise,36,15,24941.47,297,251,0.8451,4.93,1.3278,0.9404,7,0,0.0,3,0,22.0,0
ACC-16906,Mid-Market,12,8,7176.4,137,75,0.5474,12.53,0.5663,0.7957,4,0,0.0001,1,0,-24.0,0
ACC-16907,SMB,12,18,1300.07,30,24,0.8,5.84,0.8164,0.653,5,0,0.0001,1,0,,0
ACC-16908,SMB,24,29,1316.83,31,28,0.9032,6.59,0.8201,0.9753,5,0,0.0001,4,0,,0
ACC-16909,Mid-Market,12,10,4593.45,43,39,0.907,6.02,1.0121,0.5656,6,0,0.0,4,0,,0
ACC-16910,Mid-Market,36,9,4644.83,43,34,0.7907,15.75,1.0533,0.944,2,0,0.0001,6,0,,0
ACC-16911,SMB,24,28,2124.63,29,18,0.6207,11.13,0.7243,0.7889,3,0,0.0001,3,0,,0
ACC-16912,Mid-Market,36,20,5227.59,130,105,0.8077,9.8,1.3046,0.6235,3,1,2.9998,6,0,32.0,0
ACC-16913,Mid-Market,12,10,8920.41,138,121,0.8768,18.36,0.7678,0.5863,8,0,0.0,4,0,,0
ACC-16914,Mid-Market,12,18,7512.28,33,27,0.8182,12.68,0.9324,0.505,6,0,0.0,6,0,41.0,0
ACC-16915,Enterprise,12,9,20448.6,574,334,0.5819,7.39,0.7797,0.8494,3,1,2.9998,0,0,,0
ACC-16916,Mid-Market,12,13,7152.44,109,83,0.7615,19.22,1.0161,0.7763,5,0,0.0001,7,0,,0
ACC-16917,SMB,12,14,435.5,6,4,0.6667,9.88,0.9461,0.5612,5,0,0.0001,5,0,42.0,0
ACC-16918,Mid-Market,36,28,6994.95,34,31,0.9118,13.11,1.0078,0.343,4,0,0.0001,3,0,-45.0,0
ACC-16919,Mid-Market,24,23,7009.12,78,54,0.6923,8.42,0.937,0.722,4,1,2.2499,4,0,30.0,0
ACC-16920,SMB,24,29,2451.58,16,12,0.75,4.51,1.0651,0.9017,1,0,0.0003,5,0,100.0,0
ACC-16921,Enterprise,12,13,33742.73,475,319,0.6716,8.88,0.6545,0.5609,4,0,0.0001,3,0,44.0,0
ACC-16922,Mid-Market,24,21,5041.1,91,68,0.7473,9.31,0.8151,0.3843,3,0,0.0001,7,0,,0
ACC-16923,Mid-Market,24,5,5575.4,98,87,0.8878,7.52,0.9463,0.9348,7,0,0.0,7,0,,0
ACC-16924,Mid-Market,12,9,6458.56,130,90,0.6923,21.42,0.829,0.5374,4,0,0.0001,5,0,,0
ACC-16925,Enterprise,36,7,15138.33,836,486,0.5813,12.29,1.6436,0.314,0,0,1.0,1,0,18.0,0
ACC-16926,Mid-Market,12,26,6504.97,78,58,0.7436,15.8,0.7866,0.8482,0,0,1.0,4,0,,0
ACC-16927,Mid-Market,12,39,2298.2,66,45,0.6818,17.98,0.841,0.8116,3,0,0.0001,4,0,34.0,0
ACC-16928,SMB,12,15,1279.86,10,7,0.7,21.27,1.8232,0.4775,4,0,0.0001,2,0,39.0,0
ACC-16929,Mid-Market,24,22,8411.47,107,105,0.9813,17.07,0.9099,0.6416,1,0,0.0003,5,0,,0
ACC-16930,Mid-Market,24,22,2141.02,144,102,0.7083,16.79,1.1986,0.7611,6,0,0.0,5,0,-12.0,0
ACC-16931,Enterprise,12,37,10013.05,614,407,0.6629,14.54,0.9334,0.5852,2,0,0.0001,3,0,71.0,0
ACC-16932,Mid-Market,12,13,4553.13,47,36,0.766,6.11,0.888,0.9831,5,0,0.0001,3,0,,0
ACC-16933,Enterprise,12,17,39693.95,448,323,0.721,18.86,1.1882,0.5735,5,1,1.8,6,0,30.0,0
ACC-16934,SMB,12,10,1418.95,8,5,0.625,38.34,1.0644,0.4469,4,0,0.0001,4,0,44.0,0
ACC-16935,Mid-Market,12,8,7701.65,107,82,0.7664,19.49,0.9841,0.6985,5,1,1.8,9,4,32.0,0
ACC-16936,Mid-Market,12,24,8258.02,86,65,0.7558,16.32,0.8362,0.5556,8,0,0.0,3,0,57.0,0
ACC-16937,SMB,12,11,1802.65,17,11,0.6471,27.86,0.9273,0.3255,1,1,8.9976,5,0,5.0,1
ACC-16938,Mid-Market,24,11,3174.95,145,138,0.9517,10.61,0.8278,0.5049,1,0,0.0003,5,0,24.0,0
ACC-16939,Mid-Market,12,21,5702.88,149,127,0.8523,14.46,1.9282,0.625,7,1,1.2857,8,0,57.0,0
ACC-16940,SMB,24,14,2234.3,31,29,0.9355,15.86,1.1104,0.8103,3,1,2.9998,7,0,67.0,0
ACC-16941,SMB,12,24,1127.96,25,19,0.76,15.54,0.7982,0.3659,4,1,2.2499,3,0,,1
ACC-16942,SMB,12,24,2446.27,23,14,0.6087,29.07,1.026,0.4333,2,0,0.0001,4,4,78.0,0
ACC-16943,Enterprise,12,18,35390.29,245,202,0.8245,31.65,0.8793,0.911,3,1,2.9998,3,0,27.0,0
ACC-16944,Mid-Market,12,17,5376.37,40,20,0.5,19.24,1.0628,0.5912,7,0,0.0,3,0,-15.0,0
ACC-16945,SMB,12,39,1551.55,12,8,0.6667,16.34,1.2712,0.8417,2,0,0.0001,3,0,80.0,0
ACC-16946,Enterprise,24,15,24569.26,311,258,0.8296,8.18,0.7699,0.7101,5,1,1.8,6,0,,0
ACC-16947,Mid-Market,36,25,9698.24,31,20,0.6452,6.8,0.9386,0.7787,6,1,1.5,2,12,-7.0,0
ACC-16948,SMB,12,9,1595.23,30,17,0.5667,9.53,1.1692,0.831,1,0,0.0003,6,0,18.0,0
ACC-16949,Enterprise,12,17,24858.8,182,107,0.5879,14.28,0.6319,0.4676,6,1,1.5,7,0,,0
ACC-16950,SMB,36,25,2317.56,33,23,0.697,9.17,0.9951,0.7623,3,0,0.0001,4,0,39.0,0
ACC-16951,Mid-Market,12,10,7423.03,89,72,0.809,8.27,0.8318,0.4128,4,0,0.0001,2,0,9.0,0
ACC-16952,Mid-Market,24,16,6569.01,101,56,0.5545,7.34,0.7556,0.7754,1,1,8.9976,2,0,25.0,0
ACC-16953,Enterprise,36,16,23410.49,383,304,0.7937,23.27,0.8767,0.6758,5,0,0.0001,5,0,50.0,0
ACC-16954,SMB,36,10,1018.47,34,21,0.6176,17.04,1.6287,0.4002,5,1,1.8,2,0,64.0,0
ACC-16955,Mid-Market,12,11,5937.87,101,77,0.7624,6.43,0.6837,0.5355,8,0,0.0,2,0,,0
ACC-16956,Mid-Market,12,9,9886.68,145,131,0.9034,2.55,1.3934,0.6811,3,0,0.0001,3,0,17.0,0
ACC-16957,SMB,12,4,784.08,25,19,0.76,10.79,0.9428,0.6344,2,0,0.0001,8,0,18.0,0
ACC-16958,SMB,24,9,533.69,15,13,0.8667,11.61,1.1658,0.6934,3,1,2.9998,8,0,76.0,0
ACC-16959,SMB,36,18,2188.68,26,20,0.7692,18.49,0.7895,0.813,3,0,0.0001,9,0,75.0,0
ACC-16960,Mid-Market,24,11,7375.72,63,42,0.6667,18.61,1.2014,0.8024,6,1,1.5,4,0,29.0,0
ACC-16961,Mid-Market,24,16,6633.19,76,56,0.7368,7.39,0.8914,0.5618,2,1,4.4995,5,0,60.0,0
ACC-16962,SMB,24,17,1548.8,30,24,0.8,9.67,1.9652,0.8059,5,0,0.0001,3,0,34.0,0
ACC-16963,Mid-Market,24,14,5491.62,90,69,0.7667,10.21,0.698,0.9746,6,1,1.5,6,0,50.0,0
ACC-16964,Mid-Market,24,25,6282.77,61,48,0.7869,13.81,0.923,0.6256,5,0,0.0001,1,0,44.0,0
ACC-16965,Enterprise,24,46,18477.65,993,934,0.9406,15.48,0.7464,0.4596,4,1,2.2499,2,0,23.0,0
ACC-16966,SMB,12,9,1079.44,5,4,0.8,23.56,0.7416,0.75,2,0,0.0001,3,0,20.0,0
ACC-16967,Mid-Market,12,28,4175.63,100,58,0.58,6.66,0.7496,0.4439,1,1,8.9976,4,0,-7.0,0
ACC-16968,SMB,24,10,598.69,33,24,0.7273,21.97,0.7716,0.9023,2,0,0.0001,5,0,,0
ACC-16969,Mid-Market,12,20,4191.04,44,34,0.7727,9.31,1.2268,0.6371,3,0,0.0001,5,0,,0
ACC-16970,Enterprise,12,7,43409.65,877,810,0.9236,9.98,0.9216,0.7352,3,1,2.9998,5,0,,0
ACC-16971,Mid-Market,24,19,3525.49,125,113,0.904,16.91,1.3329,0.5238,1,1,8.9976,4,0,33.0,0
ACC-16972,Enterprise,24,13,38895.71,130,95,0.7308,18.77,0.9807,0.8032,5,0,0.0001,4,0,,0
ACC-16973,Mid-Market,36,13,6525.75,125,91,0.728,8.76,0.7494,0.6464,2,1,4.4995,5,0,-4.0,0
ACC-16974,Mid-Market,12,18,3914.84,128,79,0.6172,1.94,1.245,0.6995,1,1,8.9976,4,0,59.0,0
ACC-16975,Mid-Market,24,9,6525.79,104,88,0.8462,16.4,0.7426,0.7499,2,0,0.0001,2,0,49.0,0
ACC-16976,SMB,12,9,2312.68,14,12,0.8571,7.35,0.8108,0.6556,5,1,1.8,2,0,15.0,0
ACC-16977,SMB,36,13,576.94,14,10,0.7143,7.95,1.1049,0.8865,5,0,0.0001,4,8,,0
ACC-16978,SMB,12,27,2350.93,9,6,0.6667,7.19,1.1038,0.8953,1,1,8.9976,5,0,1.0,0
ACC-16979,Enterprise,24,13,26849.64,823,663,0.8056,10.8,1.5477,0.6135,2,0,0.0001,2,0,,0
ACC-16980,Enterprise,24,47,20880.22,756,324,0.4286,3.76,0.8841,0.9628,5,0,0.0001,5,0,72.0,0
ACC-16981,Mid-Market,12,54,4833.62,106,93,0.8774,13.96,0.7523,0.6288,4,0,0.0001,2,0,57.0,0
ACC-16982,SMB,36,16,2465.85,20,16,0.8,25.19,1.1848,0.7279,3,0,0.0001,2,0,,0
ACC-16983,SMB,24,38,2303.57,9,6,0.6667,4.56,0.9085,0.9088,1,0,0.0003,5,0,31.0,0
ACC-16984,SMB,12,9,1281.85,29,21,0.7241,22.6,1.1605,0.7282,4,1,2.2499,3,0,,0
ACC-16985,Mid-Market,12,17,7702.38,113,92,0.8142,13.8,1.4025,0.5164,1,0,0.0003,5,8,,0
ACC-16986,Mid-Market,12,19,6191.52,85,74,0.8706,18.48,0.596,0.6047,4,0,0.0001,6,0,-2.0,0
ACC-16987,Mid-Market,12,23,9533.16,74,63,0.8514,13.8,1.039,0.7261,6,1,1.5,8,0,19.0,0
ACC-16988,Enterprise,24,6,41178.94,552,407,0.7373,7.49,0.6489,0.6546,6,0,0.0,7,0,6.0,0
ACC-16989,Enterprise,36,18,11752.49,988,808,0.8178,28.59,0.7856,0.4858,3,1,2.9998,4,0,29.0,0
ACC-16990,SMB,12,32,509.66,24,19,0.7917,15.42,1.1451,0.6152,5,1,1.8,2,0,60.0,0
ACC-16991,Mid-Market,12,4,8154.28,47,40,0.8511,6.54,0.8411,0.5526,3,2,5.9995,2,0,-12.0,1
ACC-16992,Mid-Market,12,10,6410.03,146,136,0.9315,6.29,0.9263,0.6613,6,0,0.0,3,0,54.0,0
ACC-16993,Enterprise,12,32,24549.65,636,372,0.5849,29.67,1.2288,0.2878,2,1,4.4995,4,0,2.0,0
ACC-16994,SMB,12,11,550.14,14,11,0.7857,15.99,1.1566,0.8643,1,0,0.0003,5,0,48.0,0
ACC-16995,Mid-Market,12,18,4510.55,99,83,0.8384,9.88,1.1689,0.5454,1,1,8.9976,1,0,52.0,0
ACC-16996,SMB,12,21,950.51,7,6,0.8571,10.87,1.1055,0.5884,4,1,2.2499,4,0,31.0,1
ACC-16997,SMB,24,10,1821.88,5,4,0.8,9.51,0.6814,0.4826,3,1,2.9998,4,0,,0
ACC-16998,Mid-Market,24,8,3705.44,53,40,0.7547,9.34,1.0865,0.6465,7,0,0.0,5,0,-15.0,0
ACC-16999,Mid-Market,12,14,5650.6,137,78,0.5693,9.21,0.9535,0.4902,2,0,0.0001,3,0,-10.0,0
ACC-17000,Enterprise,24,29,43617.03,855,514,0.6012,19.1,0.9919,0.7935,2,1,4.4995,8,0,49.0,0
ACC-17001,Enterprise,24,18,36650.73,476,333,0.6996,13.04,1.092,0.6935,2,1,4.4995,4,0,,0
ACC-17002,SMB,24,8,2261.77,23,17,0.7391,7.88,1.4003,0.5027,0,1,30001.0,3,0,15.0,0
ACC-17003,SMB,12,25,802.89,23,20,0.8696,8.11,1.1771,0.4599,8,1,1.125,9,0,16.0,0
ACC-17004,Mid-Market,24,8,5809.21,146,107,0.7329,7.74,0.9885,0.7669,3,2,5.9995,1,0,-49.0,1
ACC-17005,Mid-Market,24,20,4090.32,32,23,0.7188,15.78,0.8709,0.6987,4,1,2.2499,3,0,87.0,0
ACC-17006,Mid-Market,12,15,8948.49,70,59,0.8429,9.69,0.8153,0.7945,6,0,0.0,6,0,60.0,0
ACC-17007,Enterprise,12,12,12523.58,318,283,0.8899,7.69,1.0222,0.8563,3,1,2.9998,3,0,-46.0,0
ACC-17008,Mid-Market,36,14,4779.86,112,88,0.7857,20.58,1.6858,0.6591,2,1,4.4995,3,0,,0
ACC-17009,Mid-Market,24,15,4196.48,135,87,0.6444,8.64,0.8214,0.3165,6,0,0.0,4,0,10.0,0
ACC-17010,Mid-Market,36,16,4640.05,105,69,0.6571,7.63,0.8488,0.8692,3,0,0.0001,2,0,,0
ACC-17011,SMB,24,19,468.68,23,18,0.7826,13.24,1.1809,0.6229,3,2,5.9995,4,0,16.0,1
ACC-17012,Mid-Market,24,27,9858.2,73,57,0.7808,8.51,0.7093,0.2166,4,0,0.0001,4,4,4.0,0
ACC-17013,Enterprise,12,41,16385.73,257,182,0.7082,10.9,0.893,0.63,5,1,1.8,5,20,57.0,0
ACC-17014,Mid-Market,12,16,5165.34,44,30,0.6818,12.01,0.73,0.7409,8,1,1.125,3,0,,0
ACC-17015,SMB,36,26,2058.32,21,14,0.6667,3.3,0.868,0.5773,4,1,2.2499,2,0,32.0,0
ACC-17016,Mid-Market,12,17,6009.0,108,83,0.7685,20.17,1.1677,0.6114,1,0,0.0003,1,4,,0
ACC-17017,Enterprise,12,13,23257.16,857,661,0.7713,16.38,1.1063,0.6913,2,0,0.0001,3,0,17.0,0
ACC-17018,Mid-Market,24,19,7996.87,112,87,0.7768,7.59,0.7038,0.628,7,0,0.0,0,0,42.0,0
ACC-17019,SMB,24,6,2122.07,20,16,0.8,3.83,0.8132,0.5201,3,0,0.0001,5,0,,0
ACC-17020,Mid-Market,12,9,9699.66,126,96,0.7619,17.67,0.9342,0.511,4,1,2.2499,4,0,,0
ACC-17021,SMB,12,7,904.89,34,18,0.5294,7.81,0.885,0.873,1,1,8.9976,3,0,,0
ACC-17022,SMB,12,18,2416.03,28,15,0.5357,5.29,1.1687,0.6625,4,0,0.0001,4,4,93.0,0
ACC-17023,SMB,12,4,1415.89,6,5,0.8333,20.33,0.715,0.5225,4,0,0.0001,2,0,21.0,0
ACC-17024,Mid-Market,24,7,4911.0,59,50,0.8475,5.14,0.7684,0.8575,4,0,0.0001,1,16,-26.0,0
ACC-17025,Mid-Market,12,5,7621.1,61,49,0.8033,7.91,0.8101,0.9178,7,1,1.2857,3,4,,0
ACC-17026,Enterprise,24,16,11058.29,609,368,0.6043,10.31,0.7776,0.7582,9,0,0.0,3,0,10.0,0
ACC-17027,SMB,24,12,648.37,16,15,0.9375,11.84,1.0266,0.4977,1,0,0.0003,4,0,76.0,0
ACC-17028,Mid-Market,24,14,6780.98,55,30,0.5455,23.79,1.042,0.8179,4,0,0.0001,4,0,53.0,0
ACC-17029,Enterprise,12,20,39655.67,995,809,0.8131,9.97,0.9327,0.724,3,0,0.0001,4,0,,0
ACC-17030,SMB,12,15,831.58,6,4,0.6667,9.61,0.7948,0.6581,4,1,2.2499,1,0,48.0,0
ACC-17031,Mid-Market,12,13,2077.03,60,55,0.9167,22.43,1.2305,0.5309,4,0,0.0001,4,0,9.0,0
ACC-17032,Mid-Market,12,4,5452.49,60,52,0.8667,16.89,2.9803,0.7289,2,1,4.4995,5,0,,0
ACC-17033,Mid-Market,24,20,2199.65,98,76,0.7755,14.1,0.8402,0.7524,5,1,1.8,1,0,,0
ACC-17034,Mid-Market,12,4,8677.25,127,89,0.7008,17.65,0.9719,0.7855,5,0,0.0001,3,0,9.0,0
ACC-17035,SMB,24,18,1318.86,12,8,0.6667,3.81,0.87,0.6816,4,1,2.2499,7,0,,0
ACC-17036,Mid-Market,12,60,7983.81,65,54,0.8308,7.57,1.0288,0.661,3,0,0.0001,10,0,67.0,0
ACC-17037,Mid-Market,12,22,4934.84,98,32,0.3265,7.87,1.2033,0.7259,3,0,0.0001,5,0,56.0,0
ACC-17038,Mid-Market,36,11,8990.91,39,31,0.7949,9.95,0.861,0.8221,5,1,1.8,11,0,76.0,0
ACC-17039,SMB,24,27,1577.54,15,9,0.6,8.31,0.8431,0.452,1,0,0.0003,2,0,70.0,0
ACC-17040,SMB,12,44,867.81,8,8,1.0,13.18,1.9366,0.6084,1,0,0.0003,6,0,43.0,0
ACC-17041,Mid-Market,12,29,8227.95,113,96,0.8496,13.57,0.8597,0.6796,1,0,0.0003,3,0,31.0,0
ACC-17042,Mid-Market,12,34,3356.78,139,109,0.7842,10.25,1.1311,0.6744,3,0,0.0001,5,0,2.0,0
ACC-17043,Enterprise,24,9,24161.57,463,371,0.8013,9.01,0.8213,0.8327,2,0,0.0001,4,0,16.0,0
ACC-17044,SMB,12,12,1086.22,28,19,0.6786,8.97,0.7425,0.7102,1,0,0.0003,7,0,,0
ACC-17045,Mid-Market,24,24,7940.74,84,65,0.7738,20.61,0.9988,0.8608,3,0,0.0001,3,0,-3.0,0
ACC-17046,SMB,24,15,1479.15,18,14,0.7778,11.14,0.7197,0.5071,1,1,8.9976,1,0,50.0,0
ACC-17047,Enterprise,36,9,38090.94,387,313,0.8088,6.65,1.2008,0.6742,2,0,0.0001,5,0,58.0,0
ACC-17048,Mid-Market,12,22,9706.31,142,90,0.6338,7.11,1.2978,0.7416,3,0,0.0001,2,0,30.0,0
ACC-17049,Mid-Market,12,24,9491.48,138,130,0.942,6.63,0.9907,0.5077,4,1,2.2499,2,0,51.0,0
ACC-17050,SMB,24,13,2007.41,20,17,0.85,22.99,1.153,0.5624,1,0,0.0003,1,16,46.0,0
ACC-17051,Mid-Market,12,8,6585.78,43,30,0.6977,19.68,0.819,0.7029,4,1,2.2499,6,0,28.0,0
ACC-17052,SMB,12,12,975.85,12,10,0.8333,12.82,1.4612,0.4778,2,0,0.0001,6,0,26.0,0
ACC-17053,Mid-Market,12,13,7566.52,70,56,0.8,10.29,1.3558,0.4022,1,0,0.0003,4,0,79.0,0
ACC-17054,Mid-Market,12,17,4042.3,88,73,0.8295,16.88,0.6794,0.4148,4,0,0.0001,5,0,54.0,0
ACC-17055,Enterprise,12,7,44791.64,141,113,0.8014,17.33,0.9584,0.6761,5,2,3.5998,6,0,,1
ACC-17056,SMB,12,15,1249.73,31,28,0.9032,12.08,0.7324,0.3237,5,1,1.8,5,0,-12.0,0
ACC-17057,Mid-Market,36,12,2650.05,57,38,0.6667,22.94,0.7199,0.6891,5,1,1.8,5,0,,0
ACC-17058,SMB,24,23,835.9,24,17,0.7083,6.19,1.1706,0.6572,1,0,0.0003,3,0,5.0,0
ACC-17059,SMB,12,60,1541.59,27,13,0.4815,8.15,1.0782,0.5618,1,0,0.0003,6,0,25.0,0
ACC-17060,SMB,12,18,669.83,34,22,0.6471,36.52,0.7978,0.8661,2,0,0.0001,4,0,,0
ACC-17061,Mid-Market,24,16,6481.29,52,37,0.7115,9.0,1.7266,0.6842,5,3,5.3997,3,0,65.0,1
ACC-17062,SMB,24,20,2100.99,32,26,0.8125,3.89,1.4233,0.7261,1,0,0.0003,5,0,49.0,0
ACC-17063,SMB,12,24,1639.5,15,9,0.6,8.78,0.8297,0.6715,6,1,1.5,6,0,,0
ACC-17064,Enterprise,24,2,14495.47,391,285,0.7289,4.62,1.2235,0.7183,3,0,0.0001,5,0,20.0,0
ACC-17065,Mid-Market,24,16,4547.1,32,24,0.75,25.21,1.2578,0.3818,3,1,2.9998,3,0,,0
ACC-17066,Enterprise,12,26,27544.17,391,352,0.9003,3.4,0.8458,0.8713,1,2,17.9949,4,0,93.0,0
ACC-17067,Mid-Market,36,5,8666.13,74,44,0.5946,16.64,1.4433,0.5049,3,2,5.9995,3,0,,1
ACC-17068,Enterprise,24,18,24510.49,256,169,0.6602,16.35,1.0572,0.7589,1,1,8.9976,5,0,93.0,0
ACC-17069,Enterprise,24,28,30275.44,172,144,0.8372,12.06,1.1357,0.573,3,0,0.0001,4,0,78.0,0
ACC-17070,Mid-Market,12,44,8729.02,73,67,0.9178,12.97,0.9633,0.4701,5,0,0.0001,4,0,27.0,0
ACC-17071,Mid-Market,24,19,8317.79,125,82,0.656,11.83,0.9075,0.7847,4,0,0.0001,8,0,29.0,0
ACC-17072,Mid-Market,24,22,8273.36,137,95,0.6934,16.59,1.6781,0.6899,2,2,8.9988,4,0,71.0,0
ACC-17073,Enterprise,12,21,40538.85,986,869,0.8813,20.32,0.9218,0.41,3,1,2.9998,5,0,-12.0,0
ACC-17074,Mid-Market,24,6,3541.11,140,126,0.9,11.31,0.9047,0.912,4,0,0.0001,3,12,23.0,0
ACC-17075,Enterprise,12,53,39412.77,615,552,0.8976,9.41,0.6798,0.5785,5,0,0.0001,5,0,27.0,0
ACC-17076,Mid-Market,12,20,5718.87,113,97,0.8584,31.2,0.8867,0.6446,1,0,0.0003,5,0,12.0,0
ACC-17077,Mid-Market,12,14,7967.81,36,17,0.4722,8.27,0.9665,0.7916,4,1,2.2499,7,0,17.0,0
ACC-17078,Mid-Market,24,32,8843.54,91,61,0.6703,22.11,0.7847,0.7495,4,0,0.0001,4,0,5.0,0
ACC-17079,SMB,36,10,477.95,30,20,0.6667,10.66,0.9362,0.6664,3,1,2.9998,5,0,31.0,0
ACC-17080,Mid-Market,12,21,9318.72,135,80,0.5926,12.25,0.9094,0.841,7,0,0.0,2,0,46.0,0
ACC-17081,SMB,24,13,495.9,13,10,0.7692,14.16,0.9332,0.6414,4,0,0.0001,8,0,28.0,0
ACC-17082,Mid-Market,12,10,3969.9,48,31,0.6458,14.89,0.68,0.5232,2,1,4.4995,4,0,41.0,0
ACC-17083,Mid-Market,36,16,2812.94,49,45,0.9184,11.91,1.4531,0.5939,3,0,0.0001,6,0,12.0,0
ACC-17084,Mid-Market,24,18,9404.68,120,106,0.8833,7.43,1.0308,0.7156,2,1,4.4995,2,0,8.0,0
ACC-17085,Enterprise,24,15,25956.94,217,152,0.7005,16.04,0.8825,0.4929,4,1,2.2499,6,0,30.0,0
ACC-17086,SMB,24,56,495.17,12,9,0.75,14.39,1.0194,0.323,3,0,0.0001,4,0,,0
ACC-17087,Mid-Market,12,18,5943.52,129,105,0.814,5.7,1.3085,0.8152,2,2,8.9988,4,0,30.0,1
ACC-17088,Mid-Market,12,13,6306.23,36,24,0.6667,7.64,1.0472,0.8225,1,1,8.9976,1,0,62.0,0
ACC-17089,Enterprise,36,18,41957.99,930,888,0.9548,10.02,1.0995,0.4349,3,0,0.0001,0,0,,0
ACC-17090,Enterprise,12,24,10905.96,553,293,0.5298,6.26,1.2377,0.6114,4,1,2.2499,7,0,46.0,0
ACC-17091,SMB,24,21,917.17,24,19,0.7917,7.47,0.8526,0.5845,1,0,0.0003,3,0,62.0,0
ACC-17092,SMB,36,38,1335.14,16,10,0.625,25.27,1.1932,0.7424,3,0,0.0001,3,0,52.0,0
ACC-17093,Enterprise,12,19,28577.5,769,716,0.9311,7.15,0.673,0.7538,4,0,0.0001,7,0,-1.0,0
ACC-17094,Mid-Market,24,3,4272.41,56,46,0.8214,7.58,1.1281,0.7261,4,0,0.0001,3,0,46.0,0
ACC-17095,Mid-Market,36,18,9245.51,108,68,0.6296,20.83,0.7766,0.4455,3,2,5.9995,3,0,41.0,1
ACC-17096,SMB,24,18,1729.96,12,9,0.75,15.27,1.0678,0.5349,7,0,0.0,4,0,27.0,0
ACC-17097,Enterprise,12,28,13481.45,659,410,0.6222,9.75,0.725,0.5321,2,0,0.0001,4,0,,0
ACC-17098,Mid-Market,12,4,4011.72,42,22,0.5238,9.37,1.3525,0.5285,3,2,5.9995,3,0,,1
ACC-17099,SMB,12,22,1561.96,8,6,0.75,7.68,0.6071,0.87,5,0,0.0001,4,0,4.0,0
ACC-17100,Enterprise,24,26,11096.38,741,571,0.7706,8.41,0.8973,0.6952,6,0,0.0,2,0,31.0,0
ACC-17101,Mid-Market,24,18,2149.33,52,19,0.3654,19.62,0.6987,0.5799,3,0,0.0001,3,0,36.0,0
ACC-17102,SMB,24,25,2427.57,20,19,0.95,14.86,0.7774,0.6326,3,0,0.0001,2,0,,0
ACC-17103,Mid-Market,12,9,3515.67,31,25,0.8065,10.73,0.64,0.6814,3,1,2.9998,3,0,7.0,0
ACC-17104,Mid-Market,12,27,4788.62,55,47,0.8545,19.42,0.8901,0.5557,6,0,0.0,3,0,,0
ACC-17105,Enterprise,24,8,31564.95,137,114,0.8321,5.77,2.8232,0.6951,3,2,5.9995,4,16,89.0,1
ACC-17106,Enterprise,24,11,43031.99,992,838,0.8448,19.81,1.0899,0.5458,1,0,0.0003,3,0,32.0,0
ACC-17107,Mid-Market,36,23,2505.03,120,90,0.75,14.31,1.2191,0.7258,6,0,0.0,4,0,14.0,0
ACC-17108,SMB,24,46,899.59,21,16,0.7619,8.7,0.8155,0.3707,4,1,2.2499,0,0,9.0,0
ACC-17109,Mid-Market,24,42,2248.05,31,25,0.8065,6.55,0.7319,0.6643,3,1,2.9998,3,0,,0
ACC-17110,SMB,24,20,1926.42,32,26,0.8125,8.47,1.1719,0.5263,8,0,0.0,2,0,34.0,0
ACC-17111,SMB,24,6,2333.92,21,8,0.381,4.15,0.6151,0.4911,4,1,2.2499,1,0,,0
ACC-17112,Mid-Market,12,11,6728.18,30,24,0.8,5.56,1.4396,0.7173,3,0,0.0001,7,0,50.0,0
ACC-17113,Enterprise,36,14,11985.78,766,413,0.5392,9.99,1.0833,0.6593,4,0,0.0001,8,0,-6.0,0
ACC-17114,Mid-Market,24,3,2098.74,82,75,0.9146,7.21,1.059,0.652,2,0,0.0001,4,0,77.0,0
ACC-17115,SMB,12,8,1138.32,28,25,0.8929,7.61,1.4133,0.765,4,0,0.0001,4,0,49.0,0
ACC-17116,SMB,12,27,1226.34,21,19,0.9048,7.27,0.844,0.5164,2,0,0.0001,1,4,38.0,0
ACC-17117,Enterprise,12,40,31777.28,566,465,0.8216,6.49,1.1917,0.4642,3,0,0.0001,6,4,51.0,0
ACC-17118,SMB,12,30,1985.55,6,5,0.8333,14.9,1.2947,0.7615,2,1,4.4995,4,0,30.0,0
ACC-17119,Mid-Market,12,12,3313.95,88,51,0.5795,20.4,1.329,0.6561,10,0,0.0,3,0,19.0,0
ACC-17120,SMB,12,24,1994.16,11,9,0.8182,10.23,1.1864,0.7363,4,1,2.2499,4,0,35.0,0
ACC-17121,Enterprise,12,16,10079.71,836,729,0.872,11.0,0.8416,0.5263,3,0,0.0001,7,0,,0
ACC-17122,Mid-Market,12,8,9863.11,141,132,0.9362,20.08,1.2075,0.7845,3,0,0.0001,4,0,16.0,0
ACC-17123,SMB,24,19,1338.93,8,6,0.75,6.21,0.8545,0.8932,1,0,0.0003,4,0,-35.0,0
ACC-17124,Mid-Market,12,23,9746.29,105,62,0.5905,17.21,0.8294,0.7147,1,0,0.0003,6,0,16.0,0
ACC-17125,Mid-Market,24,9,4296.45,72,47,0.6528,16.2,0.8221,0.6294,7,2,2.5714,4,0,,1
ACC-17126,Enterprise,12,6,41422.89,349,274,0.7851,12.49,1.0069,0.5213,3,1,2.9998,5,0,53.0,0
ACC-17127,Mid-Market,12,12,6759.92,131,120,0.916,17.04,1.726,0.5078,4,0,0.0001,4,0,30.0,0
ACC-17128,Mid-Market,12,32,7129.28,33,25,0.7576,16.5,1.2065,0.323,1,1,8.9976,3,0,100.0,0
ACC-17129,SMB,24,25,1603.64,9,5,0.5556,27.62,1.2821,0.6593,2,1,4.4995,3,0,31.0,0
ACC-17130,Mid-Market,24,13,3736.71,104,74,0.7115,7.94,0.9815,0.8286,4,0,0.0001,2,0,-38.0,0
ACC-17131,Mid-Market,12,10,8607.04,37,26,0.7027,19.25,0.7473,0.6184,1,1,8.9976,5,0,35.0,0
ACC-17132,SMB,24,16,663.06,33,19,0.5758,5.9,0.9152,0.6307,2,0,0.0001,5,0,,0
ACC-17133,Enterprise,12,8,12207.37,525,355,0.6762,5.95,0.8549,0.6491,5,0,0.0001,2,0,25.0,0
ACC-17134,Mid-Market,36,18,9622.67,122,102,0.8361,32.93,1.4796,0.7782,4,0,0.0001,3,0,63.0,0
ACC-17135,SMB,36,15,1576.49,26,19,0.7308,13.96,0.7616,0.3645,4,0,0.0001,7,0,11.0,0
ACC-17136,SMB,24,2,1494.8,18,14,0.7778,15.62,1.0042,0.5136,4,1,2.2499,5,0,,0
ACC-17137,Mid-Market,24,13,9756.88,103,79,0.767,16.22,1.5099,0.7852,1,0,0.0003,4,0,,0
ACC-17138,SMB,24,3,483.02,6,4,0.6667,9.13,1.1476,0.7083,4,1,2.2499,6,0,,0
ACC-17139,Enterprise,24,19,20618.54,249,140,0.5622,9.29,0.7225,0.6967,4,0,0.0001,6,0,42.0,0
ACC-17140,SMB,24,7,1374.01,29,26,0.8966,9.45,0.8506,0.8651,4,1,2.2499,5,0,7.0,0
ACC-17141,Enterprise,36,5,24782.43,914,659,0.721,11.21,0.7932,0.8006,1,0,0.0003,3,0,68.0,0
ACC-17142,SMB,24,14,1524.71,19,17,0.8947,30.46,1.065,0.5738,4,0,0.0001,6,0,,0
ACC-17143,Mid-Market,24,13,7087.66,68,45,0.6618,13.75,1.2351,0.9559,3,2,5.9995,3,0,41.0,0
ACC-17144,SMB,24,19,1145.01,5,2,0.4,10.12,0.9818,0.6238,3,2,5.9995,7,0,55.0,0
ACC-17145,SMB,24,7,1793.69,6,5,0.8333,29.97,1.0843,0.6752,7,1,1.2857,5,0,14.0,0
ACC-17146,SMB,24,35,1089.96,24,13,0.5417,13.54,0.7298,0.6017,4,1,2.2499,2,0,,0
ACC-17147,Mid-Market,12,25,2495.27,137,82,0.5985,11.67,0.9674,0.625,2,0,0.0001,5,0,61.0,0
ACC-17148,Mid-Market,12,35,4759.11,38,19,0.5,13.32,0.6719,0.4625,2,0,0.0001,5,0,30.0,0
ACC-17149,Mid-Market,12,14,8236.76,125,73,0.584,17.15,1.3897,0.4522,2,0,0.0001,4,0,8.0,0
ACC-17150,SMB,12,9,1624.54,32,22,0.6875,8.48,0.7155,0.5191,4,0,0.0001,2,0,21.0,0
ACC-17151,Enterprise,12,40,34609.08,732,508,0.694,21.53,1.2701,0.9292,3,1,2.9998,2,0,,0
ACC-17152,SMB,36,24,2399.7,10,8,0.8,6.46,1.0815,0.6705,4,1,2.2499,4,0,23.0,0
ACC-17153,SMB,24,14,2269.48,33,29,0.8788,22.05,1.1055,0.5459,0,0,1.0,2,0,-13.0,0
ACC-17154,Mid-Market,24,16,9267.34,108,89,0.8241,15.62,1.0461,0.8649,4,1,2.2499,3,0,14.0,0
ACC-17155,SMB,12,12,530.92,18,12,0.6667,13.34,0.7782,0.52,4,0,0.0001,3,0,49.0,0
ACC-17156,Mid-Market,24,28,7608.05,143,130,0.9091,10.35,1.0163,0.6965,3,0,0.0001,5,0,6.0,0
ACC-17157,Mid-Market,24,20,6241.53,146,81,0.5548,17.41,0.6673,0.3085,5,0,0.0001,4,0,81.0,0
ACC-17158,Mid-Market,24,22,3226.69,115,45,0.3913,11.66,0.9274,0.4805,2,1,4.4995,2,0,,0
ACC-17159,Mid-Market,12,8,8693.47,95,91,0.9579,4.3,0.9752,0.8216,6,0,0.0,6,0,25.0,0
ACC-17160,SMB,12,15,2103.62,32,25,0.7812,11.11,1.1266,0.8567,7,0,0.0,4,0,15.0,0
ACC-17161,Mid-Market,24,18,3682.86,37,34,0.9189,8.38,0.7891,0.7992,3,1,2.9998,2,0,,0
ACC-17162,Mid-Market,24,5,5247.69,50,44,0.88,15.0,1.0593,0.7189,4,1,2.2499,3,0,,0
ACC-17163,SMB,36,20,1796.93,25,17,0.68,9.83,1.4366,0.8805,8,0,0.0,8,0,-1.0,0
ACC-17164,SMB,24,17,1540.31,29,24,0.8276,12.54,1.2609,0.4784,4,0,0.0001,5,0,59.0,0
ACC-17165,Enterprise,36,27,28206.06,810,464,0.5728,3.77,1.054,0.595,3,1,2.9998,3,0,,0
ACC-17166,SMB,24,29,1592.37,26,16,0.6154,21.02,0.6805,0.5567,3,1,2.9998,2,4,,0
ACC-17167,Mid-Market,36,45,6064.96,35,30,0.8571,10.75,0.9073,0.6674,0,1,30001.0,10,16,50.0,1
ACC-17168,Mid-Market,24,18,6260.05,47,38,0.8085,25.68,0.8875,0.7828,4,0,0.0001,6,0,38.0,0
ACC-17169,Mid-Market,12,13,6363.14,57,53,0.9298,6.6,1.2633,0.3294,2,0,0.0001,3,4,-1.0,0
ACC-17170,Mid-Market,12,8,3976.36,110,77,0.7,5.3,0.794,0.6043,6,0,0.0,4,0,6.0,0
ACC-17171,SMB,12,7,2331.35,9,8,0.8889,13.52,1.3373,0.7533,1,0,0.0003,6,0,,0
ACC-17172,Mid-Market,12,16,9797.18,126,99,0.7857,14.72,0.896,0.4939,3,1,2.9998,2,0,51.0,0
ACC-17173,SMB,12,6,1357.4,14,9,0.6429,13.44,1.318,0.8305,5,0,0.0001,1,4,,0
ACC-17174,Enterprise,12,7,15045.51,400,282,0.705,5.88,0.7816,0.8985,3,0,0.0001,6,0,90.0,0
ACC-17175,Mid-Market,24,16,4178.41,75,57,0.76,29.37,0.775,0.6548,4,0,0.0001,3,0,85.0,0
ACC-17176,SMB,12,12,2252.87,31,22,0.7097,13.68,0.7915,0.66,5,0,0.0001,4,0,,0
ACC-17177,SMB,12,9,813.71,25,10,0.4,12.09,0.7266,0.7441,4,0,0.0001,3,0,-3.0,0
ACC-17178,Mid-Market,24,13,8229.61,83,66,0.7952,33.05,1.0117,0.8623,3,0,0.0001,2,0,,0
ACC-17179,Mid-Market,24,25,9315.93,136,110,0.8088,22.34,1.1662,0.2303,2,0,0.0001,6,0,,0
ACC-17180,Mid-Market,36,20,5922.51,139,116,0.8345,5.03,0.9959,0.8671,3,0,0.0001,3,0,35.0,0
ACC-17181,Mid-Market,24,28,4764.69,98,54,0.551,14.95,0.7197,0.5732,2,0,0.0001,1,0,12.0,0
ACC-17182,SMB,12,14,966.67,30,26,0.8667,12.21,0.8264,0.8857,4,1,2.2499,3,0,-13.0,0
ACC-17183,SMB,12,12,1567.22,21,16,0.7619,14.21,1.0352,0.6935,2,1,4.4995,3,0,50.0,0
ACC-17184,Mid-Market,12,17,2345.71,41,22,0.5366,19.9,1.0314,0.6912,2,0,0.0001,4,0,,0
ACC-17185,SMB,12,7,602.22,17,16,0.9412,14.48,0.9699,0.5888,2,0,0.0001,5,0,44.0,0
ACC-17186,Mid-Market,12,14,7523.75,40,33,0.825,9.53,2.1023,0.7832,4,0,0.0001,4,0,26.0,0
ACC-17187,Mid-Market,36,13,3125.83,89,37,0.4157,12.53,1.2418,0.77,3,0,0.0001,5,0,,0
ACC-17188,Mid-Market,12,60,5039.54,104,69,0.6635,24.93,1.1148,0.5393,1,0,0.0003,5,0,29.0,0
ACC-17189,Mid-Market,12,32,6940.31,71,35,0.493,15.58,1.3425,0.61,3,0,0.0001,2,0,,0
ACC-17190,Mid-Market,12,23,2235.56,102,62,0.6078,6.66,0.9099,0.9681,3,1,2.9998,2,4,-9.0,0
ACC-17191,Mid-Market,24,21,6957.71,44,37,0.8409,9.36,1.2538,0.6026,4,0,0.0001,5,0,49.0,0
ACC-17192,Mid-Market,12,38,7677.15,68,60,0.8824,10.76,1.2185,0.8871,5,0,0.0001,4,0,64.0,0
ACC-17193,Enterprise,12,21,43321.51,697,583,0.8364,6.17,0.9968,0.6953,1,1,8.9976,2,0,90.0,0
ACC-17194,SMB,12,10,432.7,19,15,0.7895,15.68,1.0603,0.8192,1,0,0.0003,2,0,39.0,0
ACC-17195,Mid-Market,12,9,9700.34,81,38,0.4691,6.42,0.8325,0.7762,4,0,0.0001,3,0,22.0,0
ACC-17196,Enterprise,12,25,20670.65,118,70,0.5932,17.95,1.005,0.4932,4,0,0.0001,4,0,19.0,0
ACC-17197,SMB,12,23,2493.97,14,10,0.7143,9.49,1.1802,0.7707,1,0,0.0003,3,0,9.0,0
ACC-17198,SMB,12,21,974.45,28,23,0.8214,7.55,0.8585,0.6045,4,0,0.0001,6,0,,0
ACC-17199,SMB,24,29,1254.84,23,17,0.7391,8.93,0.8813,0.5503,2,1,4.4995,2,0,20.0,0
ACC-17200,Mid-Market,24,28,9961.72,104,79,0.7596,15.02,1.4435,0.7439,5,0,0.0001,3,0,24.0,0
ACC-17201,Enterprise,24,5,12657.39,750,678,0.904,12.07,1.635,0.7421,2,1,4.4995,7,0,,0
ACC-17202,Mid-Market,12,15,7966.61,120,80,0.6667,9.91,0.9047,0.5394,3,1,2.9998,1,0,100.0,0
ACC-17203,Enterprise,12,22,26098.26,345,225,0.6522,32.92,1.4703,0.9154,3,0,0.0001,4,4,,0
ACC-17204,SMB,12,33,2050.64,23,21,0.913,7.63,0.9663,0.745,2,1,4.4995,4,8,-38.0,1
ACC-17205,Enterprise,12,24,15096.81,275,231,0.84,6.08,1.3959,0.5876,1,0,0.0003,5,0,,0
ACC-17206,Mid-Market,12,26,5134.58,55,44,0.8,13.09,1.0069,0.7189,4,0,0.0001,4,0,25.0,0
ACC-17207,Mid-Market,12,8,4250.11,142,93,0.6549,14.45,0.8814,0.3122,2,0,0.0001,5,0,7.0,0
ACC-17208,Mid-Market,24,6,9207.85,109,81,0.7431,14.6,0.717,0.7478,3,0,0.0001,3,0,,0
ACC-17209,SMB,24,20,2400.41,9,5,0.5556,5.44,1.1881,0.7553,1,0,0.0003,4,0,44.0,0
ACC-17210,Mid-Market,24,12,7181.19,123,65,0.5285,17.47,1.3876,0.7609,2,0,0.0001,6,0,68.0,0
ACC-17211,Enterprise,12,22,35201.44,281,218,0.7758,17.51,0.9056,0.6782,3,0,0.0001,2,0,27.0,0
ACC-17212,Mid-Market,24,11,8610.02,139,122,0.8777,21.49,0.7787,0.8114,5,0,0.0001,2,36,29.0,0
ACC-17213,Mid-Market,12,12,8093.52,57,51,0.8947,17.9,1.1669,0.8295,1,0,0.0003,1,0,57.0,0
ACC-17214,Enterprise,24,25,30812.7,678,380,0.5605,7.61,0.8392,0.592,4,0,0.0001,2,0,6.0,0
ACC-17215,Mid-Market,12,16,5929.23,44,20,0.4545,19.47,1.5492,0.7004,6,0,0.0,3,0,37.0,0
ACC-17216,Mid-Market,12,10,9689.75,38,23,0.6053,4.81,0.9999,0.7624,2,1,4.4995,5,0,,0
ACC-17217,SMB,24,15,2226.92,20,13,0.65,6.81,0.8091,0.4897,6,0,0.0,6,0,-13.0,0
ACC-17218,SMB,24,23,1514.53,34,23,0.6765,14.61,1.0118,0.5427,2,0,0.0001,5,0,47.0,0
ACC-17219,SMB,12,16,1318.27,18,11,0.6111,16.0,1.0302,0.5227,1,0,0.0003,2,0,17.0,0
ACC-17220,SMB,12,22,597.29,30,24,0.8,8.36,0.8144,0.7458,5,0,0.0001,2,0,55.0,0
ACC-17221,Mid-Market,12,14,5969.36,99,88,0.8889,14.65,1.469,0.5724,6,1,1.5,4,0,57.0,0
ACC-17222,Enterprise,36,32,37727.84,665,363,0.5459,14.79,0.8602,0.5541,1,0,0.0003,1,0,55.0,0
ACC-17223,Mid-Market,24,15,6961.8,145,134,0.9241,16.68,0.8366,0.9269,3,0,0.0001,3,4,47.0,0
ACC-17224,SMB,36,12,1926.6,25,20,0.8,18.95,0.75,0.55,5,0,0.0001,3,0,,0
ACC-17225,SMB,12,36,2255.05,12,10,0.8333,14.67,1.7906,0.5257,5,1,1.8,3,0,,0
ACC-17226,SMB,24,17,2166.92,21,19,0.9048,15.51,1.3593,0.5384,1,0,0.0003,6,0,13.0,0
ACC-17227,Enterprise,24,21,22307.92,141,119,0.844,9.46,1.1488,0.1798,2,0,0.0001,8,0,,0
ACC-17228,SMB,12,11,2212.88,11,10,0.9091,13.19,0.874,0.7568,3,2,5.9995,9,0,,1
ACC-17229,Mid-Market,12,21,7513.66,122,86,0.7049,19.26,1.1995,0.6671,1,1,8.9976,5,0,36.0,0
ACC-17230,Enterprise,24,23,35966.74,177,132,0.7458,13.33,0.8986,0.6968,7,2,2.5714,3,0,73.0,0
ACC-17231,Mid-Market,24,10,2580.5,47,32,0.6809,20.01,1.0046,0.2516,3,1,2.9998,6,0,53.0,0
ACC-17232,Enterprise,24,26,19042.81,125,94,0.752,9.41,0.6831,0.7113,5,0,0.0001,3,4,18.0,0
ACC-17233,Mid-Market,24,15,4130.49,92,55,0.5978,13.62,0.7888,0.4836,0,0,1.0,1,0,,0
ACC-17234,Mid-Market,24,26,4577.94,87,62,0.7126,24.06,0.6964,0.6329,2,1,4.4995,3,0,9.0,0
ACC-17235,Mid-Market,24,11,5040.49,56,36,0.6429,9.42,0.7322,0.7002,7,0,0.0,3,0,78.0,0
ACC-17236,Mid-Market,12,12,2521.61,102,36,0.3529,27.68,1.0282,0.8217,5,0,0.0001,4,0,,0
ACC-17237,SMB,12,18,1852.7,31,23,0.7419,6.5,0.8174,0.6708,2,0,0.0001,6,4,38.0,0
ACC-17238,SMB,24,9,754.17,12,6,0.5,21.17,1.1824,0.6455,5,0,0.0001,8,0,,0
ACC-17239,Mid-Market,36,18,6138.26,65,54,0.8308,9.04,0.8479,0.5909,2,0,0.0001,3,0,39.0,0
ACC-17240,SMB,12,20,571.01,6,5,0.8333,6.66,1.3102,0.8722,4,0,0.0001,3,0,,0
ACC-17241,SMB,12,18,1035.58,15,13,0.8667,3.09,0.6749,0.8096,3,0,0.0001,3,0,32.0,0
ACC-17242,Enterprise,12,17,24741.37,813,642,0.7897,38.86,1.0611,0.6393,4,0,0.0001,3,0,34.0,0
ACC-17243,Mid-Market,12,8,2565.84,85,63,0.7412,11.38,0.7743,0.6412,3,0,0.0001,6,0,,0
ACC-17244,Mid-Market,12,6,5500.23,141,129,0.9149,12.54,0.9849,0.8064,5,1,1.8,2,0,13.0,0
ACC-17245,Enterprise,24,16,33277.87,897,572,0.6377,13.97,0.7479,0.5469,3,0,0.0001,3,0,42.0,0
ACC-17246,SMB,12,5,1616.28,33,25,0.7576,17.12,0.9626,0.3102,5,0,0.0001,2,0,,0
ACC-17247,SMB,24,4,875.28,8,6,0.75,14.85,0.8779,0.6203,6,0,0.0,4,0,28.0,0
ACC-17248,Enterprise,24,12,30840.23,197,125,0.6345,11.87,1.016,0.6056,1,0,0.0003,1,0,15.0,0
ACC-17249,SMB,36,9,651.55,16,14,0.875,12.18,0.8432,0.5896,4,0,0.0001,8,0,65.0,0
ACC-17250,SMB,12,21,1164.19,6,5,0.8333,10.71,1.3277,0.6251,6,0,0.0,6,0,,0
ACC-17251,SMB,24,16,1674.56,19,11,0.5789,22.04,0.6128,0.6855,3,1,2.9998,2,0,,0
ACC-17252,Mid-Market,12,20,7141.59,44,36,0.8182,22.43,0.9685,0.371,3,1,2.9998,3,0,,0
ACC-17253,SMB,12,26,919.36,34,22,0.6471,28.83,0.9279,0.779,4,0,0.0001,7,0,43.0,0
ACC-17254,Mid-Market,24,32,2900.54,45,38,0.8444,6.06,1.1884,0.4794,4,0,0.0001,7,0,35.0,0
ACC-17255,Mid-Market,24,24,4970.31,93,66,0.7097,5.81,0.9798,0.5574,5,0,0.0001,5,0,,0
ACC-17256,Enterprise,12,18,36677.71,881,419,0.4756,18.0,0.7907,0.8247,4,0,0.0001,3,0,7.0,0
ACC-17257,Enterprise,36,9,8169.06,167,138,0.8263,7.61,0.8912,0.6706,0,0,1.0,6,0,,0
ACC-17258,SMB,24,30,2072.51,19,17,0.8947,9.78,0.771,0.6555,5,0,0.0001,4,0,,0
ACC-17259,Mid-Market,24,8,9522.19,46,32,0.6957,14.07,1.1283,0.7549,3,0,0.0001,5,0,34.0,0
ACC-17260,Mid-Market,24,27,2786.04,39,28,0.7179,9.12,0.9757,0.8468,2,0,0.0001,8,0,,0
ACC-17261,Enterprise,12,34,35120.3,491,161,0.3279,6.81,1.2947,0.5619,8,0,0.0,8,0,100.0,0
ACC-17262,SMB,24,21,1369.12,30,23,0.7667,15.32,0.781,0.6272,4,1,2.2499,3,0,,0
ACC-17263,Enterprise,12,9,33139.38,730,694,0.9507,4.39,1.3414,0.3101,4,0,0.0001,4,0,,0
ACC-17264,SMB,24,12,464.41,26,18,0.6923,16.72,1.1819,0.2285,1,0,0.0003,4,12,39.0,0
ACC-17265,Enterprise,12,19,38903.52,728,648,0.8901,6.32,0.6811,0.9341,1,2,17.9949,1,0,23.0,1
ACC-17266,Enterprise,12,10,16119.89,108,85,0.787,12.77,0.7495,0.6774,2,0,0.0001,5,0,,0
ACC-17267,Mid-Market,24,4,5639.96,51,46,0.902,26.13,1.1369,0.6849,3,0,0.0001,4,0,,0
ACC-17268,Mid-Market,12,18,4276.21,96,66,0.6875,13.96,0.6344,0.3436,1,0,0.0003,2,0,42.0,0
ACC-17269,Mid-Market,12,21,5742.77,58,52,0.8966,14.45,0.6482,0.8228,0,0,1.0,5,0,48.0,0
ACC-17270,Mid-Market,12,22,2091.97,115,61,0.5304,3.74,0.8461,0.6429,4,1,2.2499,6,0,47.0,0
ACC-17271,SMB,24,12,1551.55,15,13,0.8667,12.94,0.7326,0.7975,3,1,2.9998,3,0,16.0,0
ACC-17272,Mid-Market,12,17,5315.94,49,38,0.7755,24.1,1.1558,0.5572,4,1,2.2499,2,0,42.0,0
ACC-17273,Enterprise,12,18,44595.04,268,192,0.7164,3.57,1.4042,0.8489,7,0,0.0,4,12,,0
ACC-17274,Mid-Market,12,6,7565.18,143,117,0.8182,22.67,1.2122,0.6698,3,0,0.0001,1,0,,0
ACC-17275,SMB,12,12,1425.68,14,12,0.8571,9.62,1.173,0.8193,5,0,0.0001,4,0,33.0,0
ACC-17276,Mid-Market,12,17,2935.78,83,63,0.759,13.15,0.9465,0.6967,5,0,0.0001,4,0,,0
ACC-17277,Enterprise,24,20,25421.9,563,497,0.8828,13.8,1.1487,0.883,4,0,0.0001,9,0,89.0,0
ACC-17278,SMB,12,36,2284.88,11,10,0.9091,11.76,0.9492,0.9163,3,1,2.9998,4,4,-45.0,1
ACC-17279,Mid-Market,12,20,5232.07,40,31,0.775,7.94,1.0546,0.8572,6,0,0.0,3,0,77.0,0
ACC-17280,Mid-Market,12,7,3497.43,61,54,0.8852,21.65,0.7196,0.8752,4,1,2.2499,5,0,20.0,0
ACC-17281,Enterprise,12,10,44682.29,448,420,0.9375,10.09,1.0901,0.7554,2,0,0.0001,3,0,32.0,0
ACC-17282,Enterprise,12,27,32303.48,658,445,0.6763,25.06,0.6551,0.6967,4,0,0.0001,4,0,32.0,0
ACC-17283,Mid-Market,24,43,8819.81,139,111,0.7986,21.51,1.0694,0.6308,2,2,8.9988,4,0,40.0,0
ACC-17284,Mid-Market,12,9,4991.79,40,21,0.525,12.56,1.0183,0.3637,4,0,0.0001,4,0,58.0,0
ACC-17285,Mid-Market,12,12,2191.14,138,88,0.6377,22.97,0.8444,0.5761,2,0,0.0001,4,0,12.0,0
ACC-17286,Mid-Market,24,44,9315.72,117,84,0.7179,6.51,0.6812,0.7407,2,0,0.0001,2,0,67.0,0
ACC-17287,Mid-Market,12,38,7019.13,145,125,0.8621,11.52,1.2868,0.7779,4,0,0.0001,5,0,-21.0,0
ACC-17288,SMB,24,23,2493.19,27,20,0.7407,16.02,0.8524,0.6534,3,0,0.0001,4,0,61.0,0
ACC-17289,SMB,12,12,1938.99,28,23,0.8214,5.17,1.1878,0.7225,1,1,8.9976,2,0,2.0,0
ACC-17290,SMB,12,8,1212.91,5,4,0.8,8.64,0.8707,0.5536,3,0,0.0001,6,0,71.0,0
ACC-17291,Enterprise,24,11,39202.81,820,535,0.6524,23.12,0.7373,0.7642,2,0,0.0001,1,0,53.0,0
ACC-17292,Enterprise,12,13,22800.07,734,431,0.5872,10.12,0.7655,0.6833,7,1,1.2857,5,0,89.0,0
ACC-17293,Mid-Market,24,14,4647.18,54,45,0.8333,19.14,1.4893,0.5606,3,0,0.0001,1,0,80.0,0
ACC-17294,Enterprise,24,6,38345.35,317,290,0.9148,8.9,1.0286,0.5775,2,0,0.0001,4,0,,0
ACC-17295,SMB,24,9,2014.11,29,22,0.7586,3.7,0.8531,0.3779,1,0,0.0003,3,0,20.0,0
ACC-17296,Enterprise,24,17,42458.45,117,98,0.8376,32.31,0.8719,0.4992,4,0,0.0001,4,0,,0
ACC-17297,Mid-Market,24,12,6178.91,62,37,0.5968,12.28,0.8307,0.9167,2,1,4.4995,5,0,-26.0,0
ACC-17298,Mid-Market,24,7,7770.52,30,12,0.4,24.95,1.0002,0.4255,2,0,0.0001,3,0,25.0,0
ACC-17299,Mid-Market,24,9,3997.6,116,100,0.8621,18.34,1.2895,0.8678,6,2,2.9999,3,0,50.0,0
ACC-17300,Enterprise,12,14,27009.65,133,107,0.8045,21.32,1.0244,0.7743,4,0,0.0001,0,0,30.0,0
ACC-17301,Mid-Market,12,6,5177.12,136,114,0.8382,9.91,0.8042,0.8172,1,1,8.9976,2,0,39.0,0
ACC-17302,Mid-Market,12,33,4832.87,40,34,0.85,11.04,1.1225,0.7109,5,1,1.8,3,0,,0
ACC-17303,SMB,12,7,1488.77,28,14,0.5,5.99,1.2458,0.6188,2,0,0.0001,5,0,,0
ACC-17304,Enterprise,24,24,32483.13,408,235,0.576,15.23,1.1723,0.5337,4,0,0.0001,4,0,,0
ACC-17305,SMB,12,42,1743.28,24,17,0.7083,11.93,0.8631,0.8252,6,1,1.5,7,0,42.0,0
ACC-17306,SMB,12,7,1505.69,30,20,0.6667,6.37,2.0914,0.8067,6,0,0.0,3,0,41.0,0
ACC-17307,Mid-Market,24,8,5341.15,81,55,0.679,14.63,0.926,0.7019,4,0,0.0001,7,0,70.0,0
ACC-17308,SMB,12,15,2477.28,6,4,0.6667,7.97,0.6419,0.4268,3,0,0.0001,5,0,44.0,0
ACC-17309,Enterprise,12,12,38629.48,325,274,0.8431,8.38,1.0234,0.7209,2,0,0.0001,2,12,22.0,0
ACC-17310,SMB,24,28,1292.3,16,9,0.5625,6.27,1.0639,0.8467,4,0,0.0001,4,0,,0
ACC-17311,Mid-Market,24,14,8275.47,83,71,0.8554,18.83,1.0503,0.9435,3,0,0.0001,5,0,,0
ACC-17312,Mid-Market,24,9,4988.2,96,55,0.5729,12.74,0.592,0.3169,4,0,0.0001,4,0,,0
ACC-17313,Mid-Market,12,25,3380.45,124,92,0.7419,10.85,0.6409,0.6603,3,0,0.0001,1,0,43.0,0
ACC-17314,Enterprise,12,13,34401.89,414,357,0.8623,8.69,0.9667,0.8217,3,0,0.0001,1,0,70.0,0
ACC-17315,SMB,24,9,1716.93,28,20,0.7143,18.47,1.0289,0.6074,4,1,2.2499,9,0,,0
ACC-17316,Enterprise,12,10,28565.44,259,230,0.888,19.19,0.7825,0.7703,7,0,0.0,5,0,,0
ACC-17317,SMB,24,7,1772.56,14,10,0.7143,6.88,0.9839,0.5232,6,1,1.5,4,0,,0
ACC-17318,Mid-Market,24,4,3966.29,112,71,0.6339,11.72,0.9072,0.6641,5,0,0.0001,6,0,41.0,0
ACC-17319,SMB,12,7,1325.99,18,13,0.7222,18.33,1.0393,0.6605,3,0,0.0001,6,0,43.0,0
ACC-17320,Mid-Market,12,14,5699.14,82,73,0.8902,8.66,0.7619,0.8327,2,1,4.4995,4,0,28.0,0
ACC-17321,Mid-Market,12,13,3596.04,89,67,0.7528,8.4,0.9037,0.9112,2,0,0.0001,2,4,50.0,0
ACC-17322,Mid-Market,24,6,8892.03,75,67,0.8933,22.11,0.9751,0.589,2,1,4.4995,6,0,,0
ACC-17323,SMB,12,9,2144.8,21,13,0.619,23.24,1.0965,0.9094,2,1,4.4995,1,0,87.0,0
ACC-17324,Enterprise,12,23,16755.17,100,62,0.62,12.91,1.3084,0.7627,3,0,0.0001,5,0,,0
ACC-17325,Enterprise,24,22,23683.35,813,731,0.8991,7.0,0.9128,0.233,4,2,4.4997,3,0,61.0,0
ACC-17326,Mid-Market,12,17,3358.51,102,97,0.951,6.15,0.8943,0.8066,2,0,0.0001,2,0,,0
ACC-17327,SMB,12,8,942.43,10,8,0.8,19.32,1.3864,0.4154,4,0,0.0001,5,0,,0
ACC-17328,Enterprise,24,28,35046.88,959,730,0.7612,27.38,1.2637,0.4515,3,1,2.9998,8,0,69.0,0
ACC-17329,Mid-Market,12,15,8504.09,105,92,0.8762,6.6,0.9008,0.6997,5,0,0.0001,7,0,,0
ACC-17330,Mid-Market,24,10,4408.94,48,44,0.9167,15.87,1.3193,0.6439,3,0,0.0001,4,0,20.0,0
ACC-17331,SMB,24,8,1311.04,24,17,0.7083,21.04,0.9704,0.7308,6,0,0.0,1,0,60.0,0
ACC-17332,SMB,12,24,492.34,27,14,0.5185,19.4,1.5157,0.8172,1,0,0.0003,7,0,30.0,0
ACC-17333,Mid-Market,36,2,9132.17,123,81,0.6585,10.86,0.8307,0.5925,6,2,2.9999,4,0,6.0,1
ACC-17334,Mid-Market,12,19,4814.24,74,53,0.7162,9.46,1.1168,0.7018,2,0,0.0001,2,0,22.0,0
ACC-17335,Mid-Market,36,12,2745.92,96,90,0.9375,19.29,0.9443,0.945,10,0,0.0,3,0,6.0,0
ACC-17336,Enterprise,12,30,23439.82,242,224,0.9256,7.02,0.8155,0.5233,4,0,0.0001,6,0,,0
ACC-17337,Mid-Market,12,51,3573.11,123,80,0.6504,5.61,0.5858,0.9108,2,0,0.0001,9,0,,0
ACC-17338,SMB,12,10,2124.35,29,18,0.6207,15.94,0.9409,0.3626,3,0,0.0001,4,0,80.0,0
ACC-17339,Mid-Market,12,28,8035.51,83,76,0.9157,9.64,0.9274,0.5123,5,1,1.8,6,0,,0
ACC-17340,SMB,24,20,1268.24,30,24,0.8,7.14,1.1809,0.8112,9,1,1.0,5,0,-5.0,0
ACC-17341,Mid-Market,24,18,9816.86,82,65,0.7927,7.75,0.4905,0.5429,1,0,0.0003,10,0,-11.0,0
ACC-17342,SMB,24,6,2152.14,6,5,0.8333,21.73,1.4483,0.9105,3,1,2.9998,0,0,10.0,0
ACC-17343,Mid-Market,12,11,2995.97,51,36,0.7059,3.87,0.9015,0.5892,7,0,0.0,4,0,,0
ACC-17344,Mid-Market,12,27,3338.89,93,81,0.871,28.55,0.8841,0.5485,7,2,2.5714,6,0,,0
ACC-17345,Mid-Market,24,32,4428.24,71,40,0.5634,23.02,1.4272,0.5182,3,0,0.0001,4,0,20.0,0
ACC-17346,Mid-Market,12,38,5374.62,92,66,0.7174,29.39,1.0222,0.8178,4,2,4.4997,5,0,11.0,1
ACC-17347,Mid-Market,24,11,4397.81,63,51,0.8095,16.09,0.9093,0.7985,2,0,0.0001,2,0,75.0,0
ACC-17348,SMB,24,21,1413.56,27,19,0.7037,16.94,1.1655,0.6581,5,1,1.8,5,0,73.0,0
ACC-17349,SMB,12,12,1393.17,13,6,0.4615,6.9,0.8367,0.8865,4,1,2.2499,4,0,66.0,0
ACC-17350,Mid-Market,24,18,4871.54,129,108,0.8372,11.15,1.1472,0.4484,2,0,0.0001,8,0,32.0,0
ACC-17351,Enterprise,24,21,38481.62,122,55,0.4508,13.43,0.9857,0.9264,4,2,4.4997,5,0,45.0,0
ACC-17352,Mid-Market,24,12,2738.39,45,43,0.9556,18.44,0.7636,0.7896,2,0,0.0001,5,4,20.0,0
ACC-17353,Mid-Market,12,22,2870.82,39,34,0.8718,13.72,0.8808,0.4944,5,1,1.8,6,0,,0
ACC-17354,Enterprise,12,14,12283.06,357,317,0.888,6.62,0.7496,0.7934,2,0,0.0001,3,0,,0
ACC-17355,SMB,12,16,928.77,5,4,0.8,8.27,0.9811,0.3759,0,0,1.0,6,0,,0
ACC-17356,SMB,12,6,1136.55,23,21,0.913,14.61,0.7619,0.2446,1,0,0.0003,3,0,,0
ACC-17357,SMB,12,11,640.95,9,8,0.8889,9.73,0.7902,0.5789,2,2,8.9988,2,0,42.0,1
ACC-17358,Enterprise,24,11,39751.83,886,684,0.772,21.52,1.4469,0.6275,7,0,0.0,6,0,23.0,0
ACC-17359,SMB,24,53,1398.52,29,22,0.7586,24.4,1.3269,0.9344,5,2,3.5998,2,0,-14.0,1
ACC-17360,SMB,24,10,2140.26,11,6,0.5455,6.04,0.9057,0.8417,6,0,0.0,3,0,-12.0,0
ACC-17361,Mid-Market,12,15,9267.22,44,38,0.8636,8.58,1.2709,0.7938,3,1,2.9998,4,0,42.0,0
ACC-17362,Mid-Market,36,10,9530.31,66,28,0.4242,20.79,0.9474,0.7397,4,0,0.0001,4,0,,0
ACC-17363,SMB,12,14,2023.17,28,22,0.7857,15.72,0.8895,0.5449,2,2,8.9988,4,0,99.0,1
ACC-17364,Mid-Market,24,17,2831.63,60,53,0.8833,18.65,1.9997,0.7124,3,1,2.9998,4,0,6.0,0
ACC-17365,Mid-Market,36,9,6242.22,36,31,0.8611,13.73,0.8219,0.9302,6,0,0.0,6,0,80.0,0
ACC-17366,Mid-Market,24,26,2218.63,141,104,0.7376,8.1,1.2962,0.7873,3,3,8.9992,3,16,,1
ACC-17367,Mid-Market,36,9,7675.05,67,47,0.7015,22.64,1.0088,0.7948,3,1,2.9998,3,8,16.0,0
ACC-17368,Enterprise,24,6,39733.53,748,578,0.7727,10.98,0.7543,0.6919,5,2,3.5998,1,0,,1
ACC-17369,SMB,12,16,1895.82,34,31,0.9118,3.91,1.2138,0.8734,4,0,0.0001,3,0,28.0,0
ACC-17370,SMB,12,43,2340.07,21,18,0.8571,14.63,1.7629,0.672,1,0,0.0003,5,4,20.0,0
ACC-17371,Mid-Market,12,4,8886.24,100,86,0.86,23.34,1.0174,0.9004,0,1,30001.0,9,0,13.0,0
ACC-17372,Enterprise,12,7,38690.42,607,506,0.8336,10.61,1.1224,0.7026,4,0,0.0001,2,0,22.0,0
ACC-17373,Mid-Market,24,25,8196.27,92,80,0.8696,8.22,1.0165,0.9294,4,1,2.2499,7,12,,0
ACC-17374,Enterprise,12,10,31290.61,505,327,0.6475,16.7,1.5132,0.2719,6,0,0.0,5,0,25.0,0
ACC-17375,Enterprise,24,18,27387.51,706,545,0.772,13.68,0.8219,0.6603,4,1,2.2499,4,0,23.0,0
ACC-17376,Mid-Market,12,29,4109.63,127,114,0.8976,9.93,1.0651,0.5613,3,0,0.0001,3,0,70.0,0
ACC-17377,Mid-Market,12,24,5645.28,107,86,0.8037,11.2,1.0362,0.8441,4,0,0.0001,9,0,55.0,0
ACC-17378,Mid-Market,36,17,9518.74,36,31,0.8611,11.34,1.8742,0.4235,3,1,2.9998,7,0,57.0,0
ACC-17379,Enterprise,12,17,43141.61,983,767,0.7803,10.72,1.3834,0.8581,0,0,1.0,4,0,40.0,0
ACC-17380,Mid-Market,24,17,5385.92,39,20,0.5128,20.81,1.0724,0.5386,5,0,0.0001,5,0,,0
ACC-17381,Enterprise,24,19,16202.15,998,763,0.7645,11.89,0.7025,0.4971,4,0,0.0001,4,0,,0
ACC-17382,SMB,12,33,2061.96,9,8,0.8889,17.72,0.9695,0.5099,2,1,4.4995,3,0,23.0,0
ACC-17383,Mid-Market,12,8,4737.89,41,31,0.7561,4.36,0.8227,0.7592,1,0,0.0003,6,0,,0
ACC-17384,SMB,12,7,2183.83,21,12,0.5714,14.44,0.7943,0.5257,1,0,0.0003,2,0,2.0,0
ACC-17385,Mid-Market,24,22,8879.71,93,82,0.8817,17.77,0.9464,0.5573,7,2,2.5714,8,0,2.0,0
ACC-17386,Enterprise,24,10,18263.84,127,101,0.7953,8.12,1.0188,0.7435,4,0,0.0001,7,0,,0
ACC-17387,SMB,12,6,1937.08,22,16,0.7273,10.08,1.2023,0.6554,3,1,2.9998,2,0,51.0,0
ACC-17388,Mid-Market,24,37,7015.26,138,102,0.7391,11.56,0.9184,0.6345,3,1,2.9998,2,0,75.0,0
ACC-17389,Mid-Market,12,18,5637.98,66,56,0.8485,21.37,1.3935,0.5995,3,0,0.0001,4,0,,0
ACC-17390,Mid-Market,24,39,7567.57,132,89,0.6742,13.46,0.9784,0.7466,3,0,0.0001,4,0,,0
ACC-17391,Enterprise,24,24,44053.54,500,240,0.48,13.5,1.0564,0.6093,3,0,0.0001,5,0,2.0,0
ACC-17392,SMB,24,13,1989.16,23,18,0.7826,11.65,0.7133,0.6186,2,1,4.4995,2,0,9.0,0
ACC-17393,Mid-Market,24,16,8583.35,34,22,0.6471,9.53,1.1618,0.3584,7,0,0.0,5,0,100.0,0
ACC-17394,Mid-Market,12,28,8462.07,138,110,0.7971,15.74,1.0799,0.4462,1,0,0.0003,2,0,24.0,0
ACC-17395,Enterprise,36,6,29161.49,784,668,0.852,19.54,0.7701,0.8074,3,0,0.0001,5,8,,0
ACC-17396,Enterprise,12,29,39073.89,560,321,0.5732,22.26,1.1971,0.4895,1,1,8.9976,2,0,14.0,0
ACC-17397,SMB,24,16,539.93,9,8,0.8889,18.64,0.9666,0.7619,1,0,0.0003,3,0,19.0,0
ACC-17398,SMB,12,14,1196.18,24,16,0.6667,9.75,0.9033,0.8965,2,0,0.0001,4,0,5.0,0
ACC-17399,Mid-Market,36,49,2218.91,71,61,0.8592,10.72,1.0568,0.6092,2,0,0.0001,1,0,55.0,0
ACC-17400,Enterprise,24,33,19496.33,297,174,0.5859,16.57,1.0945,0.7114,7,1,1.2857,5,0,,0
ACC-17401,SMB,24,9,476.03,19,10,0.5263,13.53,0.8003,0.7299,6,0,0.0,1,16,2.0,0
ACC-17402,Mid-Market,12,19,4774.02,31,25,0.8065,17.84,0.7143,0.6946,3,1,2.9998,2,0,41.0,0
ACC-17403,Mid-Market,24,9,3517.38,83,46,0.5542,7.78,0.6006,0.6619,4,0,0.0001,1,0,4.0,0
ACC-17404,Mid-Market,24,21,6585.14,59,48,0.8136,16.08,1.462,0.8611,4,0,0.0001,7,0,4.0,0
ACC-17405,Mid-Market,24,44,5830.63,33,28,0.8485,8.33,0.7591,0.7473,3,0,0.0001,1,0,98.0,0
ACC-17406,SMB,12,37,1228.44,29,16,0.5517,7.38,1.1008,0.47,2,0,0.0001,2,0,,0
ACC-17407,SMB,12,21,1167.87,33,25,0.7576,30.23,0.8637,0.4901,2,2,8.9988,7,0,35.0,1
ACC-17408,Enterprise,12,19,42289.25,344,177,0.5145,2.86,0.8107,0.6719,6,0,0.0,1,0,38.0,0
ACC-17409,Mid-Market,12,15,4693.1,132,108,0.8182,25.59,0.8748,0.8234,5,0,0.0001,2,0,,0
ACC-17410,Mid-Market,12,46,5236.64,65,32,0.4923,21.12,0.8855,0.2342,5,0,0.0001,3,8,-18.0,0
ACC-17411,Mid-Market,12,26,3562.8,77,68,0.8831,16.11,1.2169,0.5029,5,0,0.0001,7,8,22.0,0
ACC-17412,Mid-Market,12,12,6592.44,31,13,0.4194,21.45,0.9403,0.7465,4,0,0.0001,6,0,14.0,0
ACC-17413,SMB,12,17,2287.39,20,15,0.75,7.08,1.165,0.7627,6,0,0.0,6,0,28.0,0
ACC-17414,Mid-Market,12,18,3569.34,133,102,0.7669,5.45,1.4036,0.8729,6,2,2.9999,5,0,14.0,1
ACC-17415,Mid-Market,36,10,5911.36,141,98,0.695,4.34,0.9858,0.565,4,0,0.0001,6,0,59.0,0
ACC-17416,Mid-Market,12,18,3565.56,64,46,0.7188,13.5,1.2073,0.582,2,1,4.4995,3,0,26.0,0
ACC-17417,Enterprise,12,22,38577.95,831,805,0.9687,14.02,0.6095,0.8651,5,0,0.0001,5,0,27.0,0
ACC-17418,Enterprise,12,9,42884.36,693,498,0.7186,22.73,0.6586,0.8141,3,0,0.0001,2,0,81.0,0
ACC-17419,SMB,24,29,999.51,10,6,0.6,17.35,1.2588,0.711,5,0,0.0001,7,0,32.0,0
ACC-17420,Enterprise,36,11,31536.06,553,380,0.6872,10.11,0.7388,0.5464,4,0,0.0001,6,0,,0
ACC-17421,SMB,12,13,1625.6,20,16,0.8,5.34,1.2138,0.922,4,0,0.0001,2,0,31.0,0
ACC-17422,Mid-Market,12,11,3933.5,33,28,0.8485,16.15,1.0989,0.8474,1,1,8.9976,8,0,,0
ACC-17423,Mid-Market,36,9,4986.88,60,51,0.85,15.89,1.1117,0.6911,3,0,0.0001,2,0,,0
ACC-17424,Mid-Market,12,32,9617.08,147,85,0.5782,9.26,1.0168,0.5031,4,0,0.0001,6,0,47.0,0
ACC-17425,Mid-Market,12,35,2888.52,127,94,0.7402,13.12,0.8141,0.6504,3,0,0.0001,0,0,-3.0,0
ACC-17426,Enterprise,12,11,44209.38,371,239,0.6442,7.57,3.3207,0.5581,4,0,0.0001,5,0,28.0,0
ACC-17427,Mid-Market,12,30,8783.65,36,34,0.9444,8.9,1.0075,0.6972,5,0,0.0001,7,0,57.0,0
ACC-17428,SMB,36,6,1011.96,5,2,0.4,11.61,0.9118,0.8713,9,0,0.0,6,0,,0
ACC-17429,SMB,12,14,1801.42,8,4,0.5,11.84,1.0461,0.6531,4,0,0.0001,6,0,1.0,0
ACC-17430,Mid-Market,36,7,9867.09,132,116,0.8788,20.52,0.7565,0.6363,4,0,0.0001,4,0,9.0,0
ACC-17431,Mid-Market,36,48,7566.24,69,64,0.9275,23.39,1.1279,0.6045,0,1,30001.0,3,4,54.0,0
ACC-17432,Enterprise,24,33,37705.98,562,456,0.8114,20.36,1.1876,0.8009,0,1,30001.0,2,0,36.0,0
ACC-17433,Mid-Market,12,5,3321.86,111,67,0.6036,9.14,1.2822,0.8769,6,1,1.5,10,16,11.0,0
ACC-17434,Enterprise,12,10,34451.01,122,90,0.7377,4.89,1.001,0.7011,5,0,0.0001,5,0,-5.0,0
ACC-17435,SMB,12,14,2449.94,8,6,0.75,7.14,1.0176,0.7266,7,1,1.2857,6,0,-14.0,0
ACC-17436,Mid-Market,12,16,2320.56,61,44,0.7213,8.5,0.9236,0.4787,2,0,0.0001,12,0,29.0,0
ACC-17437,Mid-Market,24,7,8314.35,55,44,0.8,16.28,0.8574,0.6517,5,1,1.8,4,0,50.0,0
ACC-17438,Mid-Market,12,25,4633.19,114,96,0.8421,15.31,1.0132,0.5279,2,0,0.0001,3,0,-0.0,0
ACC-17439,Enterprise,36,30,18666.47,728,575,0.7898,13.18,0.9552,0.534,3,1,2.9998,3,0,23.0,0
ACC-17440,Mid-Market,12,20,6147.97,125,122,0.976,9.98,0.8788,0.7392,4,1,2.2499,4,0,27.0,0
ACC-17441,Enterprise,24,19,37372.88,240,190,0.7917,9.5,0.6387,0.3636,5,0,0.0001,1,0,,0
ACC-17442,Enterprise,24,11,30608.32,866,696,0.8037,9.84,0.9926,0.1503,2,0,0.0001,1,0,,0
ACC-17443,Mid-Market,12,14,6334.23,78,23,0.2949,33.8,0.7416,0.5815,3,0,0.0001,6,0,,0
ACC-17444,Mid-Market,12,19,8898.05,43,32,0.7442,12.14,0.6802,0.6318,3,0,0.0001,3,0,,0
ACC-17445,SMB,12,20,2004.66,18,10,0.5556,9.93,0.7277,0.7168,6,0,0.0,2,0,4.0,0
ACC-17446,Mid-Market,12,16,4687.08,121,74,0.6116,10.04,0.6496,0.6596,3,0,0.0001,4,0,26.0,0
ACC-17447,Mid-Market,12,29,9136.42,32,17,0.5312,17.66,0.9953,0.5689,3,0,0.0001,4,0,36.0,0
ACC-17448,SMB,12,22,1121.53,23,16,0.6957,24.15,0.6453,0.6224,4,0,0.0001,4,0,81.0,0
ACC-17449,Enterprise,12,30,26219.79,559,415,0.7424,18.84,1.6394,0.5364,2,2,8.9988,2,0,32.0,1
ACC-17450,Mid-Market,36,18,4163.39,39,34,0.8718,5.07,0.6358,0.8998,3,0,0.0001,1,0,58.0,0
ACC-17451,Mid-Market,12,17,7432.02,118,68,0.5763,13.22,1.0383,0.5223,4,0,0.0001,4,0,39.0,0
ACC-17452,Mid-Market,12,27,4494.63,88,69,0.7841,7.38,0.8892,0.7063,2,0,0.0001,4,0,47.0,0
ACC-17453,Mid-Market,12,9,6841.24,131,79,0.6031,28.44,1.1827,0.7237,0,0,1.0,1,0,43.0,0
ACC-17454,SMB,12,60,872.21,24,21,0.875,10.92,1.1635,0.86,2,0,0.0001,3,0,,0
ACC-17455,SMB,12,11,1857.08,20,15,0.75,10.67,0.9228,0.6348,9,0,0.0,4,0,49.0,0
ACC-17456,Mid-Market,36,10,7563.98,118,90,0.7627,9.53,1.2066,0.7459,3,0,0.0001,2,0,18.0,0
ACC-17457,Mid-Market,12,29,5106.98,61,52,0.8525,4.46,1.183,0.9361,1,0,0.0003,7,0,84.0,0
ACC-17458,Mid-Market,12,23,8577.18,36,20,0.5556,5.87,0.9862,0.9205,4,1,2.2499,3,0,,0
ACC-17459,Mid-Market,12,25,4118.15,100,57,0.57,16.3,0.9075,0.5043,4,3,6.7496,3,0,7.0,1
ACC-17460,Mid-Market,12,18,7005.76,53,49,0.9245,7.41,1.0617,0.7412,8,0,0.0,3,0,67.0,0
ACC-17461,Mid-Market,12,9,8807.15,137,95,0.6934,14.88,1.5276,0.8699,5,0,0.0001,1,0,64.0,0
ACC-17462,SMB,24,40,543.5,22,20,0.9091,18.29,1.0026,0.5602,2,1,4.4995,2,0,25.0,0
ACC-17463,Mid-Market,12,29,6990.19,130,114,0.8769,9.13,1.1552,0.8351,4,0,0.0001,4,0,71.0,0
ACC-17464,Mid-Market,12,12,7525.04,75,56,0.7467,30.3,1.3032,0.7103,6,0,0.0,7,0,41.0,0
ACC-17465,Mid-Market,24,27,9144.98,118,79,0.6695,10.53,0.8896,0.5804,2,1,4.4995,3,0,,0
ACC-17466,SMB,12,12,1756.0,32,26,0.8125,8.53,0.9991,0.6038,4,1,2.2499,1,0,51.0,1
ACC-17467,SMB,12,13,1623.88,33,29,0.8788,5.62,0.8557,0.6733,5,0,0.0001,2,0,17.0,0
ACC-17468,Mid-Market,36,14,6434.47,84,73,0.869,19.54,1.1277,0.9203,1,0,0.0003,2,0,23.0,0
ACC-17469,Mid-Market,12,11,6873.4,63,32,0.5079,12.71,1.7638,0.7043,3,0,0.0001,3,0,-35.0,0
ACC-17470,SMB,24,18,2335.84,34,24,0.7059,14.98,0.7836,0.7794,3,1,2.9998,4,0,,0
ACC-17471,Enterprise,12,29,16685.1,774,636,0.8217,11.3,1.307,0.7442,5,1,1.8,2,0,68.0,0
ACC-17472,SMB,12,22,1663.94,13,9,0.6923,9.97,1.4396,0.6238,9,0,0.0,2,0,36.0,0
ACC-17473,Mid-Market,12,25,3465.84,115,47,0.4087,24.09,1.1949,0.3571,4,1,2.2499,6,0,,0
ACC-17474,Mid-Market,12,19,9093.82,120,92,0.7667,11.02,0.8954,0.6392,6,1,1.5,1,0,53.0,0
ACC-17475,Mid-Market,12,4,5538.72,119,98,0.8235,7.71,1.0896,0.8986,2,0,0.0001,7,0,51.0,0
ACC-17476,SMB,12,54,499.64,20,14,0.7,31.94,0.8391,0.6705,7,1,1.2857,3,24,14.0,1
ACC-17477,Enterprise,24,32,16031.08,374,171,0.4572,8.03,0.9413,0.8567,6,0,0.0,3,0,37.0,0
ACC-17478,SMB,24,20,1920.23,21,20,0.9524,3.23,1.0867,0.6393,3,0,0.0001,6,0,77.0,0
ACC-17479,Mid-Market,12,8,9683.77,31,27,0.871,12.57,1.1442,0.9034,5,1,1.8,4,0,76.0,0
ACC-17480,Mid-Market,24,24,9876.31,84,63,0.75,22.21,0.8952,0.7501,4,0,0.0001,3,0,-15.0,0
ACC-17481,Enterprise,24,17,14478.67,595,294,0.4941,13.3,0.75,0.8434,5,0,0.0001,3,0,19.0,0
ACC-17482,Mid-Market,24,19,3508.59,113,83,0.7345,16.75,0.8076,0.7848,2,0,0.0001,1,0,,0
ACC-17483,Mid-Market,12,28,7738.19,121,87,0.719,14.41,0.8142,0.515,5,0,0.0001,3,0,49.0,0
ACC-17484,Mid-Market,24,21,6746.17,90,75,0.8333,13.44,0.6962,0.8717,9,1,1.0,2,0,58.0,0
ACC-17485,SMB,12,35,2425.77,5,4,0.8,8.69,1.3895,0.4933,2,0,0.0001,4,0,48.0,0
ACC-17486,Mid-Market,12,13,2523.32,47,39,0.8298,10.05,0.9866,0.388,3,0,0.0001,1,0,61.0,0
ACC-17487,SMB,12,6,1405.07,14,5,0.3571,5.9,0.8297,0.4911,4,0,0.0001,1,0,-8.0,0
ACC-17488,Mid-Market,24,16,5830.75,46,34,0.7391,13.05,0.7863,0.8669,5,0,0.0001,4,0,,0
ACC-17489,SMB,36,13,828.99,15,13,0.8667,11.14,1.1756,0.672,2,0,0.0001,3,0,17.0,0
ACC-17490,Enterprise,36,22,38086.62,444,324,0.7297,15.33,0.9292,0.5152,5,1,1.8,7,0,,0
ACC-17491,Mid-Market,12,10,9503.43,49,26,0.5306,14.5,0.822,0.5154,4,0,0.0001,5,0,26.0,0
ACC-17492,Mid-Market,36,13,4393.48,104,89,0.8558,34.21,1.4391,0.76,2,0,0.0001,9,0,,0
ACC-17493,Mid-Market,12,23,9751.94,148,106,0.7162,11.85,0.7748,0.6381,2,0,0.0001,3,0,47.0,0
ACC-17494,SMB,12,15,2080.16,17,10,0.5882,10.72,0.7691,0.9579,0,0,1.0,4,0,,0
ACC-17495,Enterprise,12,30,44270.31,339,208,0.6136,9.17,2.0061,0.7131,4,0,0.0001,2,0,65.0,0
ACC-17496,Enterprise,12,10,16803.56,505,468,0.9267,20.46,0.7939,0.7278,5,1,1.8,2,0,,0
ACC-17497,SMB,24,8,1960.09,22,18,0.8182,21.64,0.6492,0.6037,0,0,1.0,6,0,38.0,0
ACC-17498,Mid-Market,12,24,5140.7,134,88,0.6567,6.51,1.0397,0.734,4,0,0.0001,2,0,,0
ACC-17499,SMB,36,7,1585.63,26,20,0.7692,22.27,0.9435,0.4618,7,0,0.0,2,0,0.0,0
ACC-17500,Mid-Market,12,5,9034.69,55,47,0.8545,34.56,1.3536,0.5758,6,0,0.0,2,0,77.0,0
ACC-17501,SMB,12,8,1601.72,34,32,0.9412,26.58,0.8211,0.6482,3,0,0.0001,6,0,,0
ACC-17502,Enterprise,36,31,16616.87,461,306,0.6638,20.61,0.8874,0.7683,7,0,0.0,5,0,-7.0,0
ACC-17503,Enterprise,12,12,24475.38,816,621,0.761,8.98,0.9917,0.5145,3,0,0.0001,6,0,39.0,0
ACC-17504,Mid-Market,24,13,5702.29,148,89,0.6014,17.15,1.22,0.5289,4,2,4.4997,8,0,-19.0,1
ACC-17505,SMB,24,25,2125.41,17,17,1.0,13.62,0.9512,0.4904,4,1,2.2499,4,0,40.0,0
ACC-17506,Mid-Market,12,28,7080.98,110,68,0.6182,17.08,1.0336,0.6786,3,0,0.0001,4,0,28.0,0
ACC-17507,Mid-Market,24,26,2154.97,119,82,0.6891,16.59,1.0354,0.4445,6,2,2.9999,3,0,,1
ACC-17508,Mid-Market,12,24,7390.9,74,43,0.5811,4.83,1.2315,0.7579,6,0,0.0,4,0,,0
ACC-17509,SMB,24,11,1331.73,16,13,0.8125,11.77,1.458,0.7814,5,0,0.0001,5,0,16.0,0
ACC-17510,SMB,12,18,1143.28,16,14,0.875,14.46,0.6051,0.4522,4,0,0.0001,5,0,,0
ACC-17511,SMB,12,7,584.79,14,13,0.9286,7.08,1.2781,0.3032,3,1,2.9998,8,4,39.0,0
ACC-17512,Enterprise,12,14,24802.35,288,138,0.4792,7.76,1.1403,0.5044,6,2,2.9999,6,0,,1
ACC-17513,Enterprise,12,5,10292.43,632,510,0.807,10.02,0.7917,0.7733,2,0,0.0001,1,0,3.0,0
ACC-17514,Mid-Market,24,30,3443.8,120,66,0.55,10.02,0.7462,0.2311,2,2,8.9988,4,16,8.0,1
ACC-17515,SMB,36,13,814.62,11,9,0.8182,4.94,1.1448,0.4838,4,0,0.0001,6,0,,0
ACC-17516,Mid-Market,24,18,4841.22,90,59,0.6556,20.96,0.6816,0.5412,6,0,0.0,4,0,,0
ACC-17517,Mid-Market,12,12,3398.55,76,22,0.2895,7.45,0.844,0.7613,1,0,0.0003,6,0,9.0,0
ACC-17518,SMB,36,32,1659.86,30,28,0.9333,14.6,1.2565,0.7923,4,0,0.0001,4,0,21.0,0
ACC-17519,Enterprise,12,7,21280.28,547,524,0.958,9.17,0.8438,0.6849,4,0,0.0001,7,0,,0
ACC-17520,Mid-Market,24,8,9272.75,110,100,0.9091,4.91,0.7487,0.9306,6,0,0.0,6,4,71.0,0
ACC-17521,Mid-Market,24,17,3251.75,141,85,0.6028,15.55,0.8923,0.6499,4,0,0.0001,4,0,46.0,0
ACC-17522,Mid-Market,12,18,8212.41,62,38,0.6129,7.23,0.8469,0.8213,6,1,1.5,3,0,54.0,0
ACC-17523,SMB,24,30,2255.0,17,15,0.8824,5.3,1.2527,0.6525,2,0,0.0001,0,0,52.0,0
ACC-17524,Mid-Market,12,20,4569.82,134,93,0.694,14.68,0.6309,0.6638,5,0,0.0001,3,0,,0
ACC-17525,Mid-Market,24,18,9652.18,94,74,0.7872,16.84,1.5745,0.7573,4,0,0.0001,5,0,,0
ACC-17526,Mid-Market,24,11,6825.25,124,75,0.6048,5.59,0.9847,0.5685,4,0,0.0001,5,0,40.0,0
ACC-17527,Mid-Market,36,32,9482.04,138,104,0.7536,9.1,1.1738,0.9122,3,1,2.9998,9,32,17.0,0
ACC-17528,Mid-Market,24,15,4648.92,69,53,0.7681,23.16,0.8323,0.7675,1,0,0.0003,2,0,5.0,0
ACC-17529,Mid-Market,12,11,2887.4,50,25,0.5,32.7,1.2423,0.744,5,0,0.0001,2,8,,0
ACC-17530,Enterprise,24,10,37932.64,772,493,0.6386,13.46,0.665,0.7753,5,1,1.8,5,0,,0
ACC-17531,Enterprise,12,18,42442.21,653,285,0.4364,12.62,1.2147,0.5644,1,0,0.0003,4,0,,0
ACC-17532,Mid-Market,12,7,7589.47,30,16,0.5333,16.82,0.7817,0.8901,5,1,1.8,4,0,58.0,0
ACC-17533,Mid-Market,36,7,3640.8,109,101,0.9266,15.73,0.9087,0.7259,2,0,0.0001,4,0,,0
ACC-17534,SMB,36,7,1984.84,19,15,0.7895,8.43,0.8047,0.7165,4,0,0.0001,10,0,38.0,0
ACC-17535,SMB,24,42,1239.32,30,23,0.7667,25.18,0.8297,0.7662,5,0,0.0001,3,0,73.0,0
ACC-17536,SMB,12,36,1417.6,29,24,0.8276,15.37,0.9429,0.7838,2,0,0.0001,2,0,73.0,0
ACC-17537,Mid-Market,24,10,3587.44,117,98,0.8376,14.18,1.4418,0.6367,3,1,2.9998,4,0,,0
ACC-17538,Mid-Market,36,20,3173.36,74,57,0.7703,12.38,0.9734,0.5691,4,1,2.2499,5,0,6.0,0
ACC-17539,Mid-Market,12,25,3664.58,90,57,0.6333,16.05,1.343,0.8471,3,0,0.0001,9,0,,0
ACC-17540,Enterprise,12,21,27107.27,972,574,0.5905,12.36,1.1105,0.8615,5,2,3.5998,5,0,,1
ACC-17541,Enterprise,24,8,26945.02,967,622,0.6432,9.32,1.009,0.6236,4,0,0.0001,6,0,,0
ACC-17542,Mid-Market,24,10,8547.22,80,56,0.7,8.74,0.8224,0.694,3,1,2.9998,5,0,91.0,0
ACC-17543,SMB,36,20,659.1,33,27,0.8182,30.95,1.0241,0.6736,4,0,0.0001,3,0,27.0,0
ACC-17544,Enterprise,12,7,24497.89,681,492,0.7225,8.89,0.6779,0.8732,3,0,0.0001,6,0,65.0,0
ACC-17545,Enterprise,24,31,32063.59,906,765,0.8444,7.96,1.0179,0.3781,2,1,4.4995,4,0,44.0,0
ACC-17546,SMB,24,8,486.89,33,16,0.4848,29.08,1.0023,0.6767,4,1,2.2499,6,0,19.0,0
ACC-17547,Mid-Market,12,18,9450.58,33,22,0.6667,11.2,1.5349,0.4103,2,0,0.0001,6,0,45.0,0
ACC-17548,SMB,24,27,777.83,16,15,0.9375,8.51,1.0611,0.6059,5,0,0.0001,7,0,31.0,0
ACC-17549,SMB,12,29,553.01,29,24,0.8276,5.68,1.2188,0.7164,5,1,1.8,4,8,15.0,0
ACC-17550,SMB,12,29,2320.28,15,12,0.8,7.73,1.3672,0.3202,2,0,0.0001,3,0,,0
ACC-17551,Mid-Market,12,11,7289.01,46,29,0.6304,18.81,1.2404,0.4335,4,2,4.4997,2,0,,1
ACC-17552,SMB,12,11,2069.54,31,25,0.8065,6.82,1.2316,0.6216,5,0,0.0001,1,0,63.0,0
ACC-17553,Mid-Market,24,21,2030.45,141,134,0.9504,11.34,2.2469,0.7761,4,0,0.0001,1,0,,0
ACC-17554,Mid-Market,36,24,6431.85,39,26,0.6667,7.13,1.1073,0.7492,3,0,0.0001,4,0,35.0,0
ACC-17555,Mid-Market,12,24,5692.37,39,25,0.641,18.07,0.944,0.4874,2,1,4.4995,7,0,26.0,0
ACC-17556,Enterprise,12,25,11341.89,402,305,0.7587,21.96,0.8201,0.4915,4,0,0.0001,4,0,34.0,0
ACC-17557,Mid-Market,12,22,7765.84,75,56,0.7467,13.03,1.3509,0.7119,11,1,0.8182,7,0,9.0,0
ACC-17558,Mid-Market,24,20,4648.16,97,75,0.7732,15.87,0.7604,0.6448,3,1,2.9998,3,0,,0
ACC-17559,SMB,36,11,1755.72,26,16,0.6154,21.88,0.6875,0.5949,4,1,2.2499,3,0,38.0,0
ACC-17560,SMB,24,20,1321.88,13,10,0.7692,25.48,1.0468,0.9331,5,0,0.0001,3,0,,0
ACC-17561,SMB,24,39,1022.07,17,15,0.8824,7.6,1.4042,0.7283,4,1,2.2499,3,0,25.0,0
ACC-17562,Enterprise,24,14,15575.36,764,650,0.8508,16.08,1.3772,0.8001,5,0,0.0001,6,0,3.0,0
ACC-17563,SMB,12,13,524.8,22,15,0.6818,13.03,0.9304,0.4442,1,0,0.0003,3,0,,0
ACC-17564,Mid-Market,24,23,4218.93,55,36,0.6545,13.99,0.9395,0.669,5,0,0.0001,4,0,50.0,0
ACC-17565,SMB,24,8,1247.39,22,18,0.8182,16.33,0.8334,0.7359,6,1,1.5,4,0,,0
ACC-17566,SMB,24,18,1557.53,13,5,0.3846,14.78,0.9416,0.5694,7,0,0.0,3,0,,0
ACC-17567,Enterprise,24,30,21989.65,494,369,0.747,13.7,1.0734,0.9163,5,0,0.0001,2,0,,0
ACC-17568,SMB,24,18,1851.32,8,5,0.625,12.92,0.8355,0.5953,1,2,17.9949,3,0,-17.0,1
ACC-17569,Enterprise,24,18,9590.08,694,594,0.8559,18.6,0.942,0.5784,2,0,0.0001,6,0,,0
ACC-17570,Mid-Market,36,4,9882.21,115,108,0.9391,7.24,0.9292,0.6738,4,1,2.2499,1,0,-10.0,0
ACC-17571,Mid-Market,36,14,9918.67,91,74,0.8132,12.0,1.178,0.631,2,0,0.0001,4,0,,0
ACC-17572,Enterprise,24,9,28500.58,491,406,0.8269,10.07,0.6049,0.8156,4,0,0.0001,4,0,-19.0,0
ACC-17573,SMB,12,7,1058.39,9,6,0.6667,7.34,0.9129,0.6282,3,1,2.9998,1,0,,1
ACC-17574,Enterprise,12,16,38651.8,418,368,0.8804,22.95,0.9696,0.7769,6,0,0.0,1,0,10.0,0
ACC-17575,Enterprise,24,24,31347.56,392,257,0.6556,9.1,0.763,0.5408,4,1,2.2499,2,0,,0
ACC-17576,Mid-Market,12,15,4335.96,85,59,0.6941,5.35,0.6596,0.8859,4,0,0.0001,1,0,,0
ACC-17577,SMB,12,27,2233.72,30,20,0.6667,19.26,0.6797,0.4929,2,1,4.4995,5,0,54.0,0
ACC-17578,SMB,12,24,2084.36,25,21,0.84,21.08,1.057,0.7713,4,0,0.0001,4,0,,0
ACC-17579,SMB,24,12,1682.76,10,4,0.4,22.96,1.1111,0.8295,2,0,0.0001,1,0,38.0,0
ACC-17580,SMB,12,13,1719.78,20,15,0.75,24.56,1.1352,0.8285,4,0,0.0001,10,0,,0
ACC-17581,Mid-Market,12,5,6667.57,113,60,0.531,16.09,1.2852,0.8179,2,1,4.4995,3,0,48.0,0
ACC-17582,Enterprise,12,47,14000.96,253,130,0.5138,7.02,1.1422,0.8429,1,0,0.0003,1,0,-0.0,0
ACC-17583,Enterprise,24,9,35436.73,606,517,0.8531,5.48,1.3261,0.624,1,2,17.9949,4,0,56.0,0
ACC-17584,Mid-Market,12,19,4759.97,44,31,0.7045,7.87,1.352,0.9678,4,0,0.0001,0,0,27.0,0
ACC-17585,SMB,12,16,1899.7,19,16,0.8421,18.74,0.7662,0.6484,1,2,17.9949,8,0,60.0,1
ACC-17586,Mid-Market,24,38,4788.3,135,120,0.8889,13.48,0.7809,0.7981,5,0,0.0001,4,0,37.0,0
ACC-17587,SMB,24,20,846.42,5,4,0.8,10.97,0.9583,0.9241,2,0,0.0001,3,0,,0
ACC-17588,Mid-Market,12,17,2234.24,116,89,0.7672,17.63,0.6803,0.5689,4,0,0.0001,5,0,,0
ACC-17589,Enterprise,24,33,39316.28,457,236,0.5164,16.27,1.1415,0.5654,7,0,0.0,2,0,19.0,0
ACC-17590,Enterprise,12,19,20088.6,129,68,0.5271,13.84,0.7634,0.8938,2,0,0.0001,3,0,,0
ACC-17591,SMB,24,10,920.67,7,6,0.8571,16.9,1.2045,0.6789,5,2,3.5998,5,0,,1
ACC-17592,SMB,12,23,1947.21,30,25,0.8333,14.54,0.9344,0.8343,1,2,17.9949,9,0,-9.0,1
ACC-17593,SMB,12,7,2240.43,21,14,0.6667,13.9,1.4747,0.8565,6,0,0.0,5,0,65.0,0
ACC-17594,Enterprise,24,9,40044.91,194,162,0.8351,14.72,0.8839,0.7705,5,0,0.0001,5,0,49.0,0
ACC-17595,SMB,24,13,994.06,15,8,0.5333,12.6,0.8755,0.8398,5,0,0.0001,4,0,,0
ACC-17596,Mid-Market,12,8,6074.13,139,111,0.7986,27.54,0.842,0.6194,3,0,0.0001,7,0,16.0,0
ACC-17597,Enterprise,12,14,35048.44,993,742,0.7472,10.66,1.0017,0.9094,2,0,0.0001,2,0,,0
ACC-17598,SMB,24,3,634.4,8,7,0.875,39.03,1.1373,0.9081,1,0,0.0003,8,0,14.0,0
ACC-17599,Mid-Market,24,18,2675.89,104,86,0.8269,7.15,0.8199,0.8697,7,0,0.0,2,0,31.0,0
ACC-17600,SMB,12,22,1221.21,19,16,0.8421,8.9,0.9479,0.6089,3,0,0.0001,3,0,15.0,0
ACC-17601,Enterprise,24,12,24412.9,261,239,0.9157,4.14,0.9089,0.8451,2,0,0.0001,4,4,72.0,0
ACC-17602,Mid-Market,12,6,7870.82,73,63,0.863,10.83,0.9959,0.6734,3,0,0.0001,3,0,41.0,0
ACC-17603,SMB,12,17,1102.82,15,12,0.8,10.83,0.6412,0.859,5,0,0.0001,1,0,4.0,0
ACC-17604,Mid-Market,12,24,5865.72,86,73,0.8488,12.21,1.0687,0.8779,2,1,4.4995,6,0,1.0,0
ACC-17605,SMB,12,7,2407.85,10,9,0.9,22.31,0.8251,0.332,2,0,0.0001,4,0,62.0,0
ACC-17606,Enterprise,12,60,43631.76,231,204,0.8831,6.99,0.894,0.537,6,0,0.0,3,0,30.0,0
ACC-17607,Mid-Market,12,19,4543.48,111,80,0.7207,16.33,1.1981,0.8136,1,0,0.0003,4,0,62.0,0
ACC-17608,Mid-Market,12,25,8224.57,80,64,0.8,11.02,0.9886,0.8513,3,0,0.0001,4,0,-4.0,0
ACC-17609,Mid-Market,12,55,5476.91,62,52,0.8387,7.08,1.1482,0.8846,4,0,0.0001,2,0,,0
ACC-17610,Mid-Market,12,21,3240.45,71,33,0.4648,28.42,0.7268,0.5224,2,0,0.0001,2,8,-12.0,0
ACC-17611,Enterprise,12,10,13558.06,386,306,0.7927,12.35,1.7676,0.6958,5,2,3.5998,3,0,51.0,1
ACC-17612,SMB,24,11,1615.94,24,18,0.75,16.85,1.1563,0.4428,5,0,0.0001,4,0,76.0,0
ACC-17613,Mid-Market,12,29,4078.81,103,97,0.9417,10.37,1.4056,0.9342,3,1,2.9998,7,0,-60.0,0
ACC-17614,Mid-Market,24,26,3255.9,137,94,0.6861,18.1,1.2183,0.681,2,0,0.0001,6,0,,0
ACC-17615,Mid-Market,12,29,2437.99,109,92,0.844,8.16,0.8013,0.6284,5,1,1.8,4,0,32.0,0
ACC-17616,Mid-Market,12,23,6869.98,143,111,0.7762,13.67,0.7634,0.8187,3,0,0.0001,8,0,15.0,0
ACC-17617,SMB,24,21,547.69,20,14,0.7,7.92,1.0211,0.6643,1,0,0.0003,6,0,,0
ACC-17618,SMB,36,3,1963.48,12,7,0.5833,7.99,0.8022,0.6256,2,1,4.4995,5,0,36.0,0
ACC-17619,Mid-Market,12,25,4764.96,93,68,0.7312,27.3,0.7205,0.4803,9,0,0.0,4,0,-19.0,0
ACC-17620,SMB,12,21,1964.42,24,18,0.75,13.02,0.7282,0.5178,4,0,0.0001,1,0,,0
ACC-17621,Mid-Market,24,9,7360.21,115,110,0.9565,12.96,1.2728,0.7561,6,1,1.5,2,0,46.0,0
ACC-17622,Enterprise,36,11,42890.45,240,158,0.6583,12.15,0.6747,0.8044,3,0,0.0001,4,0,68.0,0
ACC-17623,SMB,36,27,2068.91,26,14,0.5385,13.26,0.8181,0.6884,3,0,0.0001,4,0,4.0,0
ACC-17624,Mid-Market,12,56,8162.13,64,29,0.4531,16.17,0.8438,0.4709,6,0,0.0,4,0,30.0,0
ACC-17625,SMB,12,30,1093.86,19,15,0.7895,8.27,0.964,0.9456,6,1,1.5,0,0,61.0,0
ACC-17626,SMB,24,40,971.48,20,14,0.7,11.61,0.8452,0.8362,6,0,0.0,4,0,64.0,0
ACC-17627,Mid-Market,24,6,4041.88,110,86,0.7818,18.13,1.328,0.4887,3,1,2.9998,4,0,39.0,0
ACC-17628,SMB,24,31,2424.4,26,22,0.8462,11.04,1.1405,0.7828,2,1,4.4995,4,0,,0
ACC-17629,SMB,24,26,2092.0,16,14,0.875,9.74,1.0249,0.4476,3,0,0.0001,2,0,,0
ACC-17630,Mid-Market,24,20,4590.73,137,100,0.7299,18.45,0.9533,0.602,3,0,0.0001,2,0,49.0,0
ACC-17631,Mid-Market,12,13,5671.18,115,84,0.7304,6.59,0.8616,0.5293,3,0,0.0001,6,0,,0
ACC-17632,Mid-Market,12,22,4994.65,107,81,0.757,19.71,1.2927,0.6143,5,0,0.0001,5,0,86.0,0
ACC-17633,SMB,24,28,1445.7,28,15,0.5357,18.09,1.0146,0.9255,3,0,0.0001,3,0,,0
ACC-17634,SMB,12,17,632.0,13,11,0.8462,7.06,1.1342,0.8432,2,0,0.0001,7,0,-8.0,0
ACC-17635,Enterprise,12,11,33583.36,625,607,0.9712,34.24,0.8194,0.8166,3,0,0.0001,3,0,26.0,0
ACC-17636,Mid-Market,12,36,2037.83,89,59,0.6629,4.51,1.3323,0.7139,3,2,5.9995,5,0,81.0,0
ACC-17637,Mid-Market,12,14,3074.34,59,42,0.7119,15.19,2.4002,0.4446,2,2,8.9988,3,0,,1
ACC-17638,Enterprise,12,20,28757.05,124,99,0.7984,16.54,0.8523,0.6637,3,1,2.9998,1,0,33.0,0
ACC-17639,Enterprise,24,4,38667.45,842,621,0.7375,12.02,1.104,0.8163,6,2,2.9999,8,0,19.0,0
ACC-17640,Mid-Market,12,10,8708.67,32,25,0.7812,21.31,2.3658,0.5256,1,0,0.0003,6,0,,0
ACC-17641,Mid-Market,12,32,9299.81,140,117,0.8357,12.72,0.9454,0.8723,3,0,0.0001,5,0,,0
ACC-17642,Mid-Market,12,30,6583.99,94,73,0.7766,16.35,0.8476,0.6345,7,0,0.0,4,0,,0
ACC-17643,Mid-Market,12,22,5057.64,65,48,0.7385,17.46,0.9914,0.6538,4,0,0.0001,6,0,69.0,0
ACC-17644,Enterprise,36,5,40248.46,865,525,0.6069,18.13,0.9314,0.5748,8,1,1.125,5,0,,0
ACC-17645,SMB,24,11,1990.75,34,25,0.7353,11.55,0.6875,0.5112,5,0,0.0001,1,0,41.0,0
ACC-17646,Mid-Market,12,46,7253.42,60,32,0.5333,9.38,1.0653,0.3685,2,1,4.4995,4,0,-24.0,0
ACC-17647,Mid-Market,24,18,4829.53,65,44,0.6769,8.16,0.6784,0.4942,2,3,13.4981,6,0,-28.0,1
ACC-17648,Mid-Market,12,27,4966.68,77,44,0.5714,11.04,1.1026,0.6239,5,0,0.0001,7,0,38.0,0
ACC-17649,Mid-Market,36,11,2339.72,116,52,0.4483,11.83,1.3519,0.4818,3,0,0.0001,1,0,-16.0,0
ACC-17650,Enterprise,12,17,38661.44,463,282,0.6091,13.96,0.8886,0.6951,3,0,0.0001,5,0,74.0,0
ACC-17651,Enterprise,12,11,23542.88,737,495,0.6716,5.06,0.6279,0.8016,3,0,0.0001,7,28,-35.0,0
ACC-17652,Enterprise,24,14,9268.04,270,167,0.6185,14.39,0.7342,0.7897,3,0,0.0001,5,4,52.0,0
ACC-17653,SMB,24,10,2160.07,5,5,1.0,11.41,0.9645,0.7063,4,0,0.0001,3,0,49.0,0
ACC-17654,SMB,12,15,845.95,12,10,0.8333,28.27,0.9169,0.7865,4,3,6.7496,1,0,,1
ACC-17655,SMB,24,16,1369.47,34,17,0.5,8.93,0.6835,0.7444,4,0,0.0001,4,0,,0
ACC-17656,SMB,12,26,449.48,17,9,0.5294,5.84,0.8018,0.7432,1,0,0.0003,6,0,47.0,0
ACC-17657,SMB,36,5,1694.54,34,28,0.8235,2.79,1.1517,0.6011,4,0,0.0001,3,0,,0
ACC-17658,Mid-Market,12,8,9392.61,112,73,0.6518,19.69,0.8007,0.8797,2,0,0.0001,7,0,43.0,0
ACC-17659,Mid-Market,36,17,2011.64,77,52,0.6753,10.44,0.9796,0.5197,3,0,0.0001,2,0,35.0,0
ACC-17660,Enterprise,12,8,26247.97,223,142,0.6368,10.21,1.2484,0.8634,1,0,0.0003,3,0,,0
ACC-17661,Mid-Market,12,9,5935.09,82,57,0.6951,16.7,0.8853,0.852,6,0,0.0,3,0,70.0,0
ACC-17662,SMB,36,39,744.09,14,11,0.7857,12.58,1.2602,0.3783,3,0,0.0001,1,0,-38.0,0
ACC-17663,Mid-Market,36,25,8492.63,133,108,0.812,10.74,0.9485,0.3731,4,0,0.0001,5,4,52.0,0
ACC-17664,Mid-Market,24,15,4052.77,144,107,0.7431,9.37,0.6837,0.5848,2,0,0.0001,2,0,,0
ACC-17665,Mid-Market,12,11,5747.4,81,71,0.8765,7.66,1.2251,0.815,5,0,0.0001,3,0,35.0,0
ACC-17666,Mid-Market,12,41,2266.89,57,28,0.4912,14.02,1.0053,0.2911,2,1,4.4995,8,0,,0
ACC-17667,SMB,12,7,756.94,19,16,0.8421,6.13,0.6463,0.8975,5,0,0.0001,6,0,25.0,0
ACC-17668,SMB,12,29,1057.55,12,9,0.75,4.28,0.891,0.5226,8,0,0.0,5,0,,0
ACC-17669,Mid-Market,24,42,3346.99,62,35,0.5645,19.09,0.7378,0.7892,6,1,1.5,0,0,,0
ACC-17670,SMB,12,17,1644.33,22,15,0.6818,3.5,1.3262,0.7738,6,0,0.0,2,4,13.0,0
ACC-17671,Mid-Market,24,21,6922.53,31,21,0.6774,15.27,0.8754,0.795,6,0,0.0,1,0,41.0,0
ACC-17672,SMB,24,22,734.81,23,16,0.6957,11.78,1.1211,0.8084,6,0,0.0,4,16,70.0,0
ACC-17673,Mid-Market,12,25,6283.98,101,98,0.9703,10.68,0.9625,0.6322,5,1,1.8,2,4,,0
ACC-17674,Mid-Market,24,20,3117.47,65,55,0.8462,9.75,1.1774,0.8079,1,0,0.0003,4,0,,0
ACC-17675,Mid-Market,24,21,2035.35,142,117,0.8239,17.15,1.1303,0.667,3,1,2.9998,2,0,31.0,0
ACC-17676,SMB,24,10,2444.59,11,8,0.7273,18.79,1.0808,0.5734,6,1,1.5,3,0,27.0,0
ACC-17677,SMB,12,5,2352.03,29,26,0.8966,5.73,2.0768,0.456,3,0,0.0001,2,0,,0
ACC-17678,Enterprise,24,28,30679.72,101,94,0.9307,16.62,1.1568,0.8313,3,1,2.9998,4,0,100.0,0
ACC-17679,Enterprise,12,8,14667.27,568,514,0.9049,24.02,1.0213,0.8861,8,0,0.0,1,0,21.0,0
ACC-17680,SMB,12,38,2189.69,15,12,0.8,17.08,0.8911,0.7015,1,0,0.0003,5,0,,0
ACC-17681,Mid-Market,24,16,9269.78,98,85,0.8673,11.22,1.0364,0.6204,7,0,0.0,7,0,67.0,0
ACC-17682,Mid-Market,24,48,2866.61,141,98,0.695,19.5,1.6643,0.9202,1,2,17.9949,4,0,58.0,0
ACC-17683,Mid-Market,12,21,6054.03,105,95,0.9048,9.12,1.245,0.8483,4,0,0.0001,1,0,,0
ACC-17684,Enterprise,24,13,20097.7,740,359,0.4851,5.27,0.9889,0.7036,3,1,2.9998,6,0,,0
ACC-17685,SMB,36,24,465.81,29,18,0.6207,17.24,1.1262,0.6679,4,0,0.0001,3,0,,0
ACC-17686,SMB,12,45,2164.36,26,24,0.9231,14.24,1.746,0.6286,1,0,0.0003,3,0,,0
ACC-17687,Mid-Market,24,18,5912.79,144,93,0.6458,9.37,0.8231,0.567,2,2,8.9988,1,16,,1
ACC-17688,Mid-Market,24,18,3347.94,123,106,0.8618,11.63,0.7083,0.5852,6,0,0.0,9,0,64.0,0
ACC-17689,SMB,24,17,1199.61,14,12,0.8571,10.06,1.8268,0.5903,4,0,0.0001,5,0,-15.0,0
ACC-17690,Enterprise,12,13,32262.14,174,124,0.7126,4.23,0.8389,0.287,5,1,1.8,6,0,56.0,0
ACC-17691,SMB,12,20,1159.33,32,23,0.7188,24.35,1.2309,0.6651,1,0,0.0003,4,0,39.0,0
ACC-17692,Mid-Market,36,22,5865.66,36,20,0.5556,27.62,0.7243,0.8355,6,1,1.5,5,0,-14.0,0
ACC-17693,Mid-Market,12,48,6756.14,71,53,0.7465,15.22,1.1457,0.9233,4,0,0.0001,2,0,58.0,0
ACC-17694,SMB,12,13,1768.58,23,12,0.5217,28.27,0.8367,0.7501,4,1,2.2499,11,12,14.0,0
ACC-17695,SMB,24,40,757.49,16,14,0.875,10.33,0.8796,0.6105,3,1,2.9998,5,0,20.0,0
ACC-17696,Mid-Market,12,22,4032.17,95,78,0.8211,10.11,1.2848,0.508,2,1,4.4995,2,0,,0
ACC-17697,SMB,24,24,2473.98,23,19,0.8261,12.59,0.8727,0.8392,4,0,0.0001,1,0,62.0,0
ACC-17698,Mid-Market,24,12,6253.36,35,31,0.8857,25.02,1.1304,0.619,4,0,0.0001,3,0,21.0,0
ACC-17699,Mid-Market,24,16,5807.07,68,61,0.8971,13.69,1.3165,0.6627,4,0,0.0001,3,8,,0
ACC-17700,SMB,24,14,519.08,21,17,0.8095,8.27,1.1111,0.6819,7,0,0.0,2,0,24.0,0
ACC-17701,SMB,12,26,1607.63,10,9,0.9,21.83,1.0376,0.4922,4,0,0.0001,4,0,,0
ACC-17702,Mid-Market,12,9,9540.34,51,40,0.7843,5.35,0.7289,0.5162,2,1,4.4995,3,0,-7.0,0
ACC-17703,Mid-Market,24,9,6839.13,102,71,0.6961,6.9,0.9261,0.6743,5,1,1.8,6,0,55.0,0
ACC-17704,Enterprise,12,4,35442.8,835,595,0.7126,9.93,1.6806,0.6019,1,1,8.9976,2,0,55.0,0
ACC-17705,Enterprise,36,25,8562.77,881,478,0.5426,17.13,0.8078,0.728,2,0,0.0001,1,0,14.0,0
ACC-17706,Mid-Market,24,8,5113.44,119,102,0.8571,12.02,1.0002,0.8771,7,0,0.0,4,0,,0
ACC-17707,SMB,12,17,1765.25,13,11,0.8462,7.35,0.9089,0.7621,2,0,0.0001,5,0,16.0,0
ACC-17708,Mid-Market,24,7,6518.84,70,64,0.9143,15.8,0.8679,0.3788,4,0,0.0001,3,0,,0
ACC-17709,SMB,12,17,1911.4,29,20,0.6897,15.27,0.749,0.7398,5,0,0.0001,7,0,55.0,0
ACC-17710,Enterprise,12,17,41726.13,384,369,0.9609,6.63,1.1079,0.8406,2,2,8.9988,5,0,,1
ACC-17711,Mid-Market,24,12,5359.99,43,34,0.7907,19.79,1.1126,0.6434,5,0,0.0001,4,0,-18.0,0
ACC-17712,Mid-Market,24,22,8616.78,68,50,0.7353,3.45,1.8132,0.748,6,0,0.0,3,0,13.0,0
ACC-17713,Mid-Market,12,12,7229.82,35,27,0.7714,5.26,0.9655,0.8199,3,0,0.0001,2,0,87.0,0
ACC-17714,Enterprise,12,28,42543.37,809,489,0.6044,15.52,1.2547,0.7875,4,0,0.0001,7,0,,0
ACC-17715,SMB,12,32,1654.72,32,29,0.9062,8.92,2.2114,0.6534,4,0,0.0001,3,0,36.0,0
ACC-17716,Mid-Market,12,33,7689.28,118,75,0.6356,12.81,0.8214,0.7622,3,0,0.0001,6,0,34.0,0
ACC-17717,SMB,12,17,1891.04,29,28,0.9655,24.57,0.7838,0.757,3,1,2.9998,3,0,46.0,0
ACC-17718,Mid-Market,12,24,9668.98,75,44,0.5867,6.11,1.141,0.6131,5,0,0.0001,5,0,,0
ACC-17719,SMB,24,17,1286.42,18,14,0.7778,23.34,0.8147,0.5984,5,0,0.0001,5,0,41.0,0
ACC-17720,Mid-Market,36,22,5286.6,56,22,0.3929,9.37,1.474,0.8598,5,1,1.8,4,0,78.0,0
ACC-17721,SMB,12,18,1400.01,7,6,0.8571,5.82,1.3063,0.8364,3,0,0.0001,4,0,31.0,0
ACC-17722,Enterprise,12,19,39160.16,715,493,0.6895,22.8,1.1,0.6268,5,0,0.0001,6,0,-35.0,0
ACC-17723,SMB,24,39,887.93,18,16,0.8889,10.49,0.8782,0.8178,1,0,0.0003,5,0,,0
ACC-17724,SMB,24,5,1859.89,28,21,0.75,6.46,1.139,0.579,4,0,0.0001,3,0,,0
ACC-17725,Enterprise,36,19,33569.82,691,514,0.7438,6.52,1.9719,0.4328,3,0,0.0001,2,0,29.0,0
ACC-17726,Enterprise,12,19,23250.53,319,149,0.4671,31.31,0.9023,0.7972,3,0,0.0001,1,0,49.0,0
ACC-17727,Mid-Market,12,12,9438.67,102,86,0.8431,30.56,0.8961,0.9514,3,1,2.9998,2,0,,0
ACC-17728,SMB,12,23,2426.41,23,10,0.4348,17.81,1.1873,0.7918,8,0,0.0,5,0,,0
ACC-17729,Mid-Market,24,17,2094.92,61,54,0.8852,7.08,1.0941,0.8533,5,0,0.0001,8,0,32.0,0
ACC-17730,Mid-Market,12,13,2146.0,54,29,0.537,13.27,1.7184,0.7618,1,0,0.0003,2,0,,0
ACC-17731,Enterprise,24,19,16482.37,392,219,0.5587,13.02,0.8014,0.6457,3,0,0.0001,4,0,100.0,0
ACC-17732,Enterprise,12,40,13856.1,927,845,0.9115,16.12,1.2301,0.811,3,0,0.0001,4,0,64.0,0
ACC-17733,SMB,12,57,730.19,5,2,0.4,9.41,0.7901,0.5521,3,0,0.0001,5,0,,0
ACC-17734,Enterprise,24,15,39481.62,252,234,0.9286,9.11,1.0342,0.7081,2,1,4.4995,3,0,26.0,0
ACC-17735,Mid-Market,12,14,5853.82,132,94,0.7121,12.54,0.6978,0.6497,1,1,8.9976,2,0,49.0,0
ACC-17736,SMB,24,17,959.86,31,20,0.6452,7.44,0.6936,0.6366,4,0,0.0001,4,0,,0
ACC-17737,Mid-Market,12,6,4303.44,123,89,0.7236,19.03,0.9359,0.6144,3,1,2.9998,2,0,22.0,0
ACC-17738,SMB,12,16,961.75,32,19,0.5938,13.33,0.7135,0.7426,3,1,2.9998,3,12,1.0,0
ACC-17739,Enterprise,12,5,18200.05,589,374,0.635,37.03,0.7821,0.6807,0,0,1.0,8,0,24.0,0
ACC-17740,Mid-Market,12,5,5163.64,127,105,0.8268,6.73,0.7943,0.2107,8,0,0.0,4,0,19.0,0
ACC-17741,Enterprise,12,10,38970.27,958,375,0.3914,7.73,0.9053,0.5524,0,1,30001.0,5,0,,0
ACC-17742,SMB,24,22,890.56,27,23,0.8519,5.23,1.1879,0.287,2,0,0.0001,3,0,60.0,0
ACC-17743,Mid-Market,24,9,6818.23,42,22,0.5238,4.15,1.2284,0.6006,4,0,0.0001,8,0,,0
ACC-17744,Mid-Market,12,20,5012.3,39,19,0.4872,14.27,0.844,0.5483,2,0,0.0001,2,0,59.0,0
ACC-17745,Mid-Market,12,14,4280.9,85,79,0.9294,8.74,1.0099,0.899,1,1,8.9976,0,0,11.0,0
ACC-17746,Enterprise,36,12,29255.36,386,356,0.9223,16.29,0.8444,0.6029,3,0,0.0001,1,0,52.0,0
ACC-17747,SMB,12,29,2242.76,12,12,1.0,3.19,1.0006,0.6731,8,2,2.25,5,0,,1
ACC-17748,Mid-Market,12,18,5390.34,49,25,0.5102,14.72,0.8833,0.4404,7,0,0.0,1,0,,0
ACC-17749,SMB,12,22,758.16,14,12,0.8571,9.29,0.8807,0.8118,2,0,0.0001,7,0,-45.0,0
ACC-17750,Enterprise,24,14,25706.23,157,145,0.9236,14.74,0.8614,0.5455,5,1,1.8,4,0,,0
ACC-17751,SMB,12,26,586.81,11,9,0.8182,13.54,0.8077,0.6829,2,0,0.0001,7,0,,0
ACC-17752,Enterprise,24,8,13841.5,111,97,0.8739,16.2,1.4824,0.7704,4,0,0.0001,5,0,59.0,0
ACC-17753,Mid-Market,12,32,6624.62,83,63,0.759,7.98,1.3074,0.8516,3,0,0.0001,5,0,18.0,0
ACC-17754,Mid-Market,12,3,2582.2,59,42,0.7119,11.88,0.935,0.8741,3,0,0.0001,7,0,9.0,0
ACC-17755,SMB,12,4,1560.7,12,10,0.8333,11.56,1.1727,0.3575,2,0,0.0001,6,0,71.0,0
ACC-17756,Mid-Market,24,12,7629.81,69,53,0.7681,15.02,0.6176,0.3287,4,0,0.0001,2,0,,0
ACC-17757,SMB,24,14,1736.2,9,7,0.7778,27.88,0.8953,0.6573,8,1,1.125,1,0,17.0,0
ACC-17758,SMB,12,14,2250.69,27,21,0.7778,11.18,1.1588,0.8227,3,1,2.9998,3,4,,0
ACC-17759,Enterprise,12,9,21857.86,217,165,0.7604,8.38,0.7412,0.6832,3,0,0.0001,3,0,,0
ACC-17760,Mid-Market,24,41,9159.41,81,67,0.8272,8.69,2.4098,0.8742,3,0,0.0001,3,0,,0
ACC-17761,Enterprise,24,16,9377.19,829,619,0.7467,9.24,0.9255,0.6107,5,0,0.0001,4,0,69.0,0
ACC-17762,Mid-Market,12,33,9814.86,36,28,0.7778,12.19,0.9401,0.5596,0,0,1.0,10,0,,0
ACC-17763,SMB,24,5,1067.18,14,12,0.8571,12.17,0.7408,0.6987,6,0,0.0,5,0,21.0,0
ACC-17764,SMB,12,10,1095.41,30,23,0.7667,15.89,0.6949,0.8868,2,0,0.0001,6,8,21.0,0
ACC-17765,Mid-Market,12,8,2880.98,105,74,0.7048,17.01,0.7592,0.5802,4,1,2.2499,4,0,22.0,0
ACC-17766,Mid-Market,12,4,3125.28,53,50,0.9434,20.57,0.9843,0.2466,3,0,0.0001,7,0,,0
ACC-17767,Mid-Market,24,19,5612.25,117,107,0.9145,16.58,0.7779,0.6914,6,0,0.0,2,0,46.0,0
ACC-17768,Enterprise,12,12,40372.71,666,418,0.6276,22.34,0.7888,0.7124,5,0,0.0001,3,0,46.0,0
ACC-17769,SMB,24,7,626.78,15,12,0.8,15.57,0.8143,0.5057,1,2,17.9949,5,0,43.0,1
ACC-17770,Mid-Market,24,10,7502.91,74,59,0.7973,13.59,0.9407,0.7091,2,0,0.0001,7,0,27.0,0
ACC-17771,SMB,24,24,2488.33,31,16,0.5161,4.86,0.8366,0.7743,9,0,0.0,4,0,1.0,0
ACC-17772,Mid-Market,12,36,3679.03,148,88,0.5946,12.29,1.0096,0.8812,4,1,2.2499,4,0,25.0,0
ACC-17773,Mid-Market,12,12,4729.42,93,81,0.871,9.78,0.9516,0.5675,2,2,8.9988,6,0,,1
ACC-17774,Mid-Market,36,11,6637.89,74,50,0.6757,13.68,0.8712,0.8127,6,0,0.0,3,0,,0
ACC-17775,Enterprise,24,13,41767.93,637,560,0.8791,41.05,1.5317,0.6331,5,1,1.8,3,0,,0
ACC-17776,Mid-Market,24,11,9541.68,143,107,0.7483,14.15,0.9728,0.9055,4,0,0.0001,7,0,13.0,0
ACC-17777,SMB,12,11,1441.31,7,3,0.4286,12.66,0.8725,0.3034,2,0,0.0001,4,0,47.0,0
ACC-17778,SMB,12,38,432.38,11,8,0.7273,21.66,1.8805,0.4628,3,0,0.0001,1,0,38.0,0
ACC-17779,Mid-Market,24,25,2193.31,63,30,0.4762,12.4,0.9905,0.8588,1,1,8.9976,3,0,,0
ACC-17780,Mid-Market,12,27,6443.91,146,130,0.8904,4.96,0.7865,0.6862,2,0,0.0001,1,0,,0
ACC-17781,Enterprise,24,9,29041.32,299,200,0.6689,18.04,0.8467,0.6527,4,1,2.2499,5,0,16.0,0
ACC-17782,SMB,12,24,2090.16,24,14,0.5833,8.01,0.7589,0.7939,1,0,0.0003,5,0,4.0,0
ACC-17783,Enterprise,12,15,39029.04,649,528,0.8136,8.01,0.5958,0.7442,5,0,0.0001,5,0,-25.0,0
ACC-17784,SMB,12,8,2404.41,21,16,0.7619,23.63,1.1969,0.6466,6,0,0.0,5,0,80.0,0
ACC-17785,Mid-Market,12,52,7678.05,75,52,0.6933,10.99,0.917,0.8575,4,1,2.2499,1,0,57.0,0
ACC-17786,Mid-Market,12,21,4882.0,64,52,0.8125,20.87,0.9896,0.7605,4,0,0.0001,3,0,38.0,0
ACC-17787,SMB,24,38,803.9,7,6,0.8571,16.31,0.8775,0.8868,3,0,0.0001,4,0,48.0,0
ACC-17788,Enterprise,12,30,38433.51,463,233,0.5032,5.48,0.8846,0.401,4,1,2.2499,4,0,44.0,0
ACC-17789,Mid-Market,12,5,8322.54,106,66,0.6226,28.29,1.1463,0.921,1,1,8.9976,4,0,70.0,0
ACC-17790,Mid-Market,24,9,3326.64,48,39,0.8125,20.34,0.8523,0.4332,6,2,2.9999,3,0,,1
ACC-17791,Mid-Market,12,24,7875.29,79,49,0.6203,9.54,1.0102,0.4876,1,0,0.0003,4,0,61.0,0
ACC-17792,Mid-Market,12,14,7714.94,123,111,0.9024,18.38,0.9446,0.6295,3,0,0.0001,4,0,-20.0,0
ACC-17793,SMB,24,21,1525.29,13,9,0.6923,22.62,1.3987,0.7965,1,2,17.9949,7,4,,1
ACC-17794,SMB,36,30,1313.47,25,15,0.6,7.98,0.9094,0.4273,7,0,0.0,5,0,,0
ACC-17795,Enterprise,12,5,35420.55,144,133,0.9236,12.19,0.8439,0.8308,6,0,0.0,6,0,-0.0,0
ACC-17796,SMB,12,20,1848.79,24,19,0.7917,11.15,1.2419,0.2933,5,1,1.8,4,0,,0
ACC-17797,Enterprise,24,12,36177.36,218,152,0.6972,14.35,0.7202,0.561,2,0,0.0001,5,8,,0
ACC-17798,Mid-Market,12,25,9125.13,113,78,0.6903,8.74,1.3471,0.5798,3,0,0.0001,2,8,4.0,0
ACC-17799,Mid-Market,24,33,8678.37,76,56,0.7368,12.0,0.5905,0.7172,4,0,0.0001,5,8,,0
ACC-17800,Enterprise,36,16,40971.02,394,234,0.5939,13.37,0.8709,0.784,3,1,2.9998,4,0,,0
ACC-17801,Enterprise,36,15,28320.23,855,703,0.8222,16.23,0.7267,0.605,6,0,0.0,3,0,34.0,0
ACC-17802,SMB,12,21,1810.96,25,16,0.64,14.98,1.0685,0.8771,3,2,5.9995,3,0,47.0,1
ACC-17803,Mid-Market,12,25,9783.83,66,58,0.8788,10.37,1.1074,0.3969,3,0,0.0001,7,0,,0
ACC-17804,Enterprise,36,46,38345.56,598,475,0.7943,17.23,0.9613,0.7719,7,1,1.2857,4,0,23.0,0
ACC-17805,Enterprise,12,4,30381.4,511,441,0.863,11.86,0.7269,0.7996,3,0,0.0001,8,0,,0
ACC-17806,SMB,12,45,1274.27,17,11,0.6471,16.32,0.844,0.5423,3,0,0.0001,3,0,12.0,0
ACC-17807,SMB,24,31,1969.87,21,13,0.619,11.11,0.8508,0.6245,1,1,8.9976,1,8,-29.0,1
ACC-17808,Mid-Market,12,37,4473.32,43,37,0.8605,14.69,1.0246,0.6565,9,1,1.0,2,0,,0
ACC-17809,Enterprise,12,16,16705.74,534,465,0.8708,12.77,0.82,0.6672,3,0,0.0001,5,0,37.0,0
ACC-17810,Mid-Market,24,13,9082.64,33,30,0.9091,14.78,1.1148,0.6908,4,3,6.7496,2,0,,1
ACC-17811,Enterprise,12,5,37322.29,180,130,0.7222,17.75,1.0991,0.7236,6,0,0.0,2,0,12.0,0
ACC-17812,Enterprise,12,11,23689.24,280,262,0.9357,5.41,1.2645,0.8069,3,0,0.0001,4,0,87.0,0
ACC-17813,Mid-Market,12,24,3503.67,124,79,0.6371,10.41,0.804,0.6397,6,1,1.5,3,0,52.0,0
ACC-17814,Mid-Market,24,11,5505.75,142,102,0.7183,7.98,0.773,0.7042,1,0,0.0003,5,0,29.0,0
ACC-17815,Mid-Market,12,18,4073.28,92,48,0.5217,7.25,0.9277,0.8633,3,1,2.9998,7,0,27.0,0
ACC-17816,Mid-Market,12,22,9719.39,149,66,0.443,15.72,0.8145,0.8619,1,1,8.9976,5,0,48.0,0
ACC-17817,SMB,24,26,2218.34,20,17,0.85,13.63,0.9812,0.6524,0,1,30001.0,2,0,50.0,0
ACC-17818,SMB,24,50,1278.69,22,15,0.6818,15.99,0.9737,0.7902,4,0,0.0001,4,4,11.0,0
ACC-17819,Mid-Market,12,18,4875.15,133,115,0.8647,6.56,5.1364,0.844,4,0,0.0001,4,4,,0
ACC-17820,Mid-Market,24,25,6961.65,79,62,0.7848,10.42,0.9327,0.7691,6,0,0.0,3,0,25.0,0
ACC-17821,Mid-Market,12,14,6634.39,101,89,0.8812,4.44,1.1123,0.337,4,1,2.2499,0,4,,1
ACC-17822,Mid-Market,24,8,5934.17,34,19,0.5588,16.96,1.0712,0.2828,3,1,2.9998,4,0,56.0,0
ACC-17823,SMB,12,12,1599.75,16,14,0.875,4.95,0.8427,0.7898,7,1,1.2857,6,0,13.0,0
ACC-17824,Mid-Market,12,15,5403.47,121,106,0.876,1.55,0.6035,0.3718,1,1,8.9976,5,0,18.0,1
ACC-17825,SMB,24,22,2140.77,14,11,0.7857,5.49,1.1979,0.4617,2,1,4.4995,3,0,,0
ACC-17826,SMB,12,45,1201.06,13,8,0.6154,5.36,0.8321,0.706,7,0,0.0,7,0,,0
ACC-17827,Mid-Market,12,17,2356.44,126,109,0.8651,13.53,0.6606,0.3919,3,0,0.0001,2,0,,0
ACC-17828,Mid-Market,12,13,3219.17,64,61,0.9531,23.75,1.4867,0.7992,4,0,0.0001,4,0,49.0,0
ACC-17829,Enterprise,24,13,37244.77,362,287,0.7928,15.65,0.8608,0.778,3,0,0.0001,3,0,50.0,0
ACC-17830,Mid-Market,12,20,5199.04,39,32,0.8205,12.47,1.086,0.3851,3,0,0.0001,3,28,51.0,0
ACC-17831,Mid-Market,12,20,2518.51,138,105,0.7609,13.08,1.0986,0.4684,5,0,0.0001,5,0,19.0,0
ACC-17832,Mid-Market,12,19,5568.23,96,60,0.625,6.15,1.2239,0.7178,5,0,0.0001,6,0,-18.0,0
ACC-17833,SMB,12,16,697.12,15,9,0.6,19.87,1.1447,0.6395,9,0,0.0,1,0,70.0,0
ACC-17834,Enterprise,12,27,36057.15,938,862,0.919,8.8,0.7371,0.6835,4,0,0.0001,3,0,58.0,0
ACC-17835,Mid-Market,12,4,7538.68,103,53,0.5146,11.61,1.4594,0.8641,5,2,3.5998,6,0,38.0,1
ACC-17836,Mid-Market,12,24,4299.91,121,110,0.9091,16.5,0.999,0.1958,3,0,0.0001,5,0,,0
ACC-17837,SMB,12,13,734.01,12,9,0.75,31.51,0.6663,0.4683,5,0,0.0001,3,0,21.0,0
ACC-17838,Mid-Market,24,21,2713.76,70,64,0.9143,11.19,0.8506,0.748,6,0,0.0,2,0,,0
ACC-17839,SMB,24,23,1529.7,30,27,0.9,9.25,1.3107,0.7715,0,1,30001.0,1,0,,0
ACC-17840,Mid-Market,24,12,8200.61,32,29,0.9062,10.15,0.8817,0.8345,5,0,0.0001,2,0,,0
ACC-17841,Mid-Market,12,54,8208.05,126,70,0.5556,17.55,0.8392,0.5204,3,0,0.0001,2,0,31.0,0
ACC-17842,Enterprise,36,9,23605.59,860,658,0.7651,22.74,0.6633,0.7303,6,0,0.0,5,0,,0
ACC-17843,Mid-Market,12,35,7319.95,96,72,0.75,26.44,0.8193,0.5499,3,0,0.0001,3,8,,0
ACC-17844,SMB,36,16,2237.06,20,15,0.75,22.27,1.2047,0.633,8,0,0.0,2,0,35.0,0
ACC-17845,Mid-Market,12,29,6470.68,146,93,0.637,17.34,1.1295,0.6396,3,0,0.0001,7,0,60.0,0
ACC-17846,SMB,12,6,1907.94,8,7,0.875,9.65,1.338,0.375,5,0,0.0001,4,20,11.0,1
ACC-17847,Mid-Market,12,23,5702.99,84,55,0.6548,6.73,1.0577,0.6035,5,0,0.0001,1,4,,0
ACC-17848,Enterprise,12,17,21595.07,480,310,0.6458,14.89,1.1769,0.5825,2,0,0.0001,3,4,,0
ACC-17849,Enterprise,24,24,25225.92,918,485,0.5283,9.94,0.9494,0.7077,4,0,0.0001,1,0,44.0,0
ACC-17850,Mid-Market,24,24,5242.83,137,100,0.7299,11.69,0.8202,0.7857,3,1,2.9998,2,0,46.0,0
ACC-17851,SMB,36,28,589.71,31,16,0.5161,12.44,0.7998,0.8451,5,0,0.0001,0,0,,0
ACC-17852,SMB,24,35,2223.15,11,7,0.6364,25.31,0.8323,0.7557,3,1,2.9998,7,8,23.0,0
ACC-17853,Mid-Market,12,40,8097.86,75,66,0.88,8.46,1.1917,0.6099,6,0,0.0,5,0,,0
ACC-17854,Mid-Market,12,7,2160.89,64,51,0.7969,2.32,1.0928,0.9605,1,0,0.0003,3,0,,0
ACC-17855,Mid-Market,36,5,8277.69,103,93,0.9029,8.11,2.2848,0.7598,0,1,30001.0,5,0,24.0,0
ACC-17856,Mid-Market,24,13,4322.03,118,79,0.6695,8.41,0.8079,0.7007,4,0,0.0001,5,0,,0
ACC-17857,Mid-Market,24,19,4397.64,60,38,0.6333,9.16,1.0066,0.8522,1,0,0.0003,2,0,-13.0,0
ACC-17858,Enterprise,12,13,36856.43,322,313,0.972,19.99,1.373,0.6186,4,1,2.2499,5,0,-29.0,0
ACC-17859,Enterprise,12,29,18516.4,394,348,0.8832,11.4,0.7568,0.6672,2,0,0.0001,4,0,,0
ACC-17860,Enterprise,36,38,23912.2,411,285,0.6934,10.66,1.1239,0.6115,2,1,4.4995,3,0,,0
ACC-17861,Enterprise,12,27,25862.66,573,240,0.4188,5.63,0.7312,0.7233,3,1,2.9998,1,0,29.0,1
ACC-17862,Enterprise,12,7,18769.54,105,96,0.9143,11.15,1.001,0.5452,4,2,4.4997,6,4,,0
ACC-17863,Mid-Market,12,35,6473.75,37,26,0.7027,10.56,1.0948,0.6343,4,0,0.0001,6,4,81.0,0
ACC-17864,Mid-Market,24,12,4902.94,79,61,0.7722,23.34,0.9817,0.1951,6,1,1.5,6,0,,0
ACC-17865,SMB,12,4,2101.98,20,10,0.5,6.44,1.0829,0.8043,2,0,0.0001,3,0,27.0,0
ACC-17866,Enterprise,12,8,30706.67,824,603,0.7318,12.58,1.2079,0.5369,4,0,0.0001,3,0,13.0,0
ACC-17867,Mid-Market,12,29,3834.89,75,69,0.92,11.96,1.1323,0.704,3,1,2.9998,5,0,35.0,0
ACC-17868,Mid-Market,12,24,5092.23,93,72,0.7742,12.21,0.835,0.9498,3,0,0.0001,5,0,100.0,0
ACC-17869,Enterprise,12,17,10433.52,632,511,0.8085,6.24,0.7041,0.7338,7,0,0.0,5,4,52.0,0
ACC-17870,SMB,12,14,645.76,15,12,0.8,10.23,0.8526,0.7997,3,1,2.9998,2,0,16.0,0
ACC-17871,Enterprise,36,8,22010.7,665,602,0.9053,7.51,1.2807,0.7517,3,0,0.0001,1,0,-11.0,0
ACC-17872,SMB,36,13,992.25,15,11,0.7333,34.11,1.1616,0.7047,2,0,0.0001,2,0,33.0,0
ACC-17873,SMB,12,6,1598.64,16,10,0.625,6.75,1.0723,0.4304,4,1,2.2499,4,0,74.0,0
ACC-17874,Mid-Market,24,24,3552.99,81,73,0.9012,6.2,0.8286,0.4047,4,0,0.0001,4,0,-4.0,0
ACC-17875,Mid-Market,24,28,3395.66,99,67,0.6768,11.37,1.0038,0.485,4,1,2.2499,4,0,61.0,0
ACC-17876,SMB,12,25,464.3,17,16,0.9412,10.88,0.7609,0.7022,5,0,0.0001,6,0,21.0,0
ACC-17877,Mid-Market,12,30,5348.9,43,39,0.907,19.37,0.6401,0.7179,6,1,1.5,2,0,3.0,0
ACC-17878,Mid-Market,12,19,9248.78,142,109,0.7676,24.3,1.0981,0.7557,3,0,0.0001,0,0,21.0,0
ACC-17879,Enterprise,12,29,39108.91,664,365,0.5497,16.94,0.6899,0.6897,4,0,0.0001,5,0,,0
ACC-17880,Enterprise,12,3,16194.15,674,457,0.678,13.68,1.5112,0.7583,5,0,0.0001,6,0,26.0,0
ACC-17881,Mid-Market,24,16,2519.39,74,47,0.6351,16.43,0.8559,0.764,5,1,1.8,9,0,,0
ACC-17882,Mid-Market,12,25,4251.19,84,49,0.5833,17.74,0.6968,0.7069,3,0,0.0001,2,0,-14.0,0
ACC-17883,SMB,24,12,1082.08,11,8,0.7273,19.06,0.9811,0.8334,4,0,0.0001,5,20,,0
ACC-17884,Enterprise,12,16,17895.74,940,800,0.8511,19.98,0.7922,0.5869,2,0,0.0001,4,0,20.0,0
ACC-17885,SMB,12,16,1580.28,9,7,0.7778,7.81,0.828,0.5601,3,1,2.9998,3,4,30.0,0
ACC-17886,Mid-Market,12,18,6384.51,68,35,0.5147,16.04,0.7498,0.5688,2,0,0.0001,7,12,,0
ACC-17887,Mid-Market,12,10,6495.92,93,73,0.7849,14.45,0.8914,0.7073,4,0,0.0001,3,0,50.0,0
ACC-17888,Mid-Market,24,16,5782.83,31,26,0.8387,5.29,0.8787,0.433,2,0,0.0001,0,0,43.0,0
ACC-17889,Mid-Market,24,28,6084.43,110,96,0.8727,14.39,1.1943,0.7021,5,0,0.0001,8,0,37.0,0
ACC-17890,Enterprise,12,8,33780.75,450,357,0.7933,11.65,0.7113,0.6672,2,1,4.4995,0,0,30.0,0
ACC-17891,Mid-Market,24,10,9962.91,67,48,0.7164,8.97,0.8018,0.7975,1,0,0.0003,3,0,52.0,0
ACC-17892,SMB,36,17,1844.38,17,9,0.5294,15.84,0.7783,0.425,1,0,0.0003,5,0,51.0,0
ACC-17893,Mid-Market,24,24,7876.77,36,31,0.8611,14.07,1.3691,0.5214,3,0,0.0001,4,0,70.0,0
ACC-17894,Mid-Market,12,8,2725.67,69,42,0.6087,6.35,0.9884,0.6436,5,0,0.0001,3,0,-2.0,0
ACC-17895,SMB,24,12,1803.34,5,2,0.4,3.78,1.0675,0.5173,0,0,1.0,2,0,,0
ACC-17896,SMB,12,39,552.72,5,4,0.8,11.69,1.0753,0.551,2,0,0.0001,5,0,37.0,0
ACC-17897,Mid-Market,24,18,5059.44,71,60,0.8451,13.27,0.6534,0.777,1,0,0.0003,5,0,65.0,0
ACC-17898,Mid-Market,12,23,2705.57,132,104,0.7879,3.76,0.9535,0.8662,6,0,0.0,5,0,85.0,0
ACC-17899,SMB,12,30,1248.56,10,8,0.8,13.1,0.9185,0.7573,6,0,0.0,4,0,44.0,0
ACC-17900,Mid-Market,12,18,6345.41,82,54,0.6585,13.17,0.761,0.4582,4,1,2.2499,6,0,35.0,0
ACC-17901,Mid-Market,12,8,6401.94,62,34,0.5484,33.5,0.8305,0.7531,6,0,0.0,6,0,,0
ACC-17902,Mid-Market,36,15,3601.29,61,41,0.6721,17.57,0.9087,0.3306,1,0,0.0003,10,0,17.0,0
ACC-17903,SMB,12,24,1599.22,27,16,0.5926,12.71,0.7681,0.4633,3,1,2.9998,5,0,100.0,0
ACC-17904,Enterprise,12,26,41508.52,484,309,0.6384,26.37,0.831,0.699,3,0,0.0001,3,0,9.0,0
ACC-17905,SMB,36,12,2117.34,20,17,0.85,13.24,0.8605,0.5124,0,0,1.0,4,0,88.0,0
ACC-17906,Enterprise,12,11,27921.73,866,527,0.6085,8.92,1.0688,0.6654,5,2,3.5998,3,0,78.0,0
ACC-17907,SMB,12,11,1422.88,22,17,0.7727,10.85,1.1249,0.6183,3,1,2.9998,1,0,,0
ACC-17908,Mid-Market,24,26,2589.35,129,55,0.4264,7.81,0.9416,0.4353,4,0,0.0001,4,0,,0
ACC-17909,Mid-Market,12,13,5410.22,128,116,0.9062,9.12,0.9921,0.5631,7,0,0.0,6,0,,0
ACC-17910,SMB,12,5,2373.23,10,9,0.9,24.97,0.7407,0.8067,4,0,0.0001,2,0,69.0,0
ACC-17911,Mid-Market,12,14,9640.27,69,43,0.6232,23.98,0.8921,0.6857,1,0,0.0003,5,0,43.0,0
ACC-17912,Mid-Market,24,24,2652.58,113,95,0.8407,11.86,0.6074,0.8167,4,0,0.0001,6,0,100.0,0
ACC-17913,Enterprise,36,29,30105.51,443,287,0.6479,14.61,1.2154,0.8369,4,1,2.2499,3,0,69.0,0
ACC-17914,Enterprise,12,12,30110.71,412,229,0.5558,24.62,1.0317,0.7455,0,0,1.0,3,0,,0
ACC-17915,Mid-Market,12,17,5770.28,105,68,0.6476,9.98,1.1256,0.8123,3,0,0.0001,5,0,,0
ACC-17916,SMB,12,16,1307.25,33,28,0.8485,19.13,1.123,0.8074,2,0,0.0001,5,0,51.0,0
ACC-17917,Enterprise,24,15,14411.78,528,384,0.7273,16.58,1.0879,0.5231,3,1,2.9998,2,0,28.0,0
ACC-17918,Enterprise,12,15,36414.83,606,351,0.5792,12.05,0.7404,0.7058,4,1,2.2499,2,8,-11.0,0
ACC-17919,Mid-Market,24,5,4530.6,84,81,0.9643,5.48,0.7406,0.5862,5,0,0.0001,3,0,68.0,0
ACC-17920,Mid-Market,12,22,5447.49,125,117,0.936,8.68,0.6385,0.6467,3,0,0.0001,8,0,36.0,0
ACC-17921,SMB,36,29,2202.56,13,10,0.7692,12.05,1.032,0.7909,0,1,30001.0,9,0,27.0,0
ACC-17922,Enterprise,24,15,38611.34,557,463,0.8312,9.39,0.9776,0.9152,5,0,0.0001,7,0,42.0,0
ACC-17923,Enterprise,24,9,16424.8,882,829,0.9399,3.79,0.7677,0.5526,1,0,0.0003,2,0,71.0,0
ACC-17924,SMB,12,21,645.78,33,27,0.8182,7.81,1.4315,0.8579,0,1,30001.0,4,0,28.0,0
ACC-17925,Mid-Market,24,45,6837.54,138,84,0.6087,14.78,0.8814,0.7622,4,0,0.0001,5,0,49.0,0
ACC-17926,SMB,12,21,874.4,13,6,0.4615,15.31,0.6438,0.6522,3,0,0.0001,4,0,,0
ACC-17927,SMB,12,19,1352.25,30,16,0.5333,9.17,0.8072,0.4283,4,0,0.0001,2,0,68.0,0
ACC-17928,SMB,12,9,1880.98,9,8,0.8889,7.59,0.9302,0.6669,4,0,0.0001,3,0,36.0,0
ACC-17929,Enterprise,24,5,35977.18,664,602,0.9066,4.02,1.2575,0.6508,6,0,0.0,4,0,,0
ACC-17930,SMB,24,16,1419.54,24,20,0.8333,11.84,0.831,0.8785,1,0,0.0003,6,0,43.0,0
ACC-17931,SMB,12,21,620.14,32,13,0.4062,2.98,1.1586,0.687,6,0,0.0,4,0,-20.0,0
ACC-17932,Mid-Market,24,35,3151.56,113,99,0.8761,14.48,0.94,0.8797,3,0,0.0001,4,0,30.0,0
ACC-17933,Mid-Market,12,18,8890.64,147,93,0.6327,11.99,1.083,0.4964,2,0,0.0001,3,0,55.0,0
ACC-17934,Mid-Market,24,6,7606.09,55,36,0.6545,7.33,0.7699,0.8061,4,0,0.0001,4,0,71.0,0
ACC-17935,Enterprise,24,10,13401.15,270,205,0.7593,10.66,0.9095,0.5896,7,1,1.2857,3,0,19.0,0
ACC-17936,Mid-Market,24,19,7527.44,122,73,0.5984,15.93,1.236,0.5385,6,0,0.0,8,0,67.0,0
ACC-17937,Mid-Market,12,19,2924.41,124,93,0.75,16.21,0.9148,0.5288,5,0,0.0001,4,0,13.0,0
ACC-17938,Mid-Market,36,25,3589.18,137,79,0.5766,9.63,1.2602,0.8245,6,0,0.0,0,0,53.0,0
ACC-17939,Mid-Market,24,10,7474.61,109,90,0.8257,17.58,0.7006,0.6664,5,2,3.5998,5,0,,1
ACC-17940,Mid-Market,24,36,5192.31,104,47,0.4519,18.54,0.6924,0.6684,2,1,4.4995,6,0,17.0,0
ACC-17941,Mid-Market,12,22,5802.57,42,36,0.8571,13.77,0.97,0.276,1,0,0.0003,1,0,2.0,0
ACC-17942,SMB,24,10,1468.42,15,12,0.8,13.41,0.909,0.6552,0,0,1.0,1,0,-19.0,0
ACC-17943,Enterprise,24,15,24995.62,614,534,0.8697,9.5,0.7132,0.7228,3,0,0.0001,6,0,,0
ACC-17944,Mid-Market,12,8,2745.02,65,32,0.4923,14.98,1.4146,0.6746,2,1,4.4995,5,0,81.0,0
ACC-17945,Enterprise,12,25,9788.66,530,313,0.5906,11.55,0.8921,0.5747,5,0,0.0001,4,0,,0
ACC-17946,Mid-Market,12,31,7098.23,37,29,0.7838,5.01,1.164,0.86,3,1,2.9998,5,0,,0
ACC-17947,SMB,24,42,1960.51,9,7,0.7778,7.12,1.4619,0.6887,3,1,2.9998,4,0,1.0,0
ACC-17948,SMB,12,16,422.44,31,25,0.8065,5.24,0.8934,0.7431,0,0,1.0,3,0,56.0,0
ACC-17949,Mid-Market,12,20,4087.66,68,66,0.9706,12.92,0.7362,0.6765,4,0,0.0001,4,0,33.0,0
ACC-17950,SMB,24,19,780.38,14,9,0.6429,12.86,1.2191,0.9136,3,0,0.0001,2,0,57.0,0
ACC-17951,Enterprise,12,30,10956.33,640,353,0.5516,15.13,0.703,0.676,2,0,0.0001,4,0,-21.0,0
ACC-17952,Mid-Market,12,11,6628.1,95,66,0.6947,3.09,0.9593,0.644,1,0,0.0003,4,0,57.0,0
ACC-17953,Enterprise,12,15,38382.34,624,526,0.8429,9.9,0.9072,0.8761,6,0,0.0,5,0,19.0,0
ACC-17954,SMB,24,20,2420.67,11,6,0.5455,23.05,1.0786,0.8656,5,0,0.0001,4,0,30.0,0
ACC-17955,Mid-Market,24,29,6829.78,74,47,0.6351,15.46,0.7823,0.4425,5,1,1.8,5,0,41.0,0
ACC-17956,SMB,12,34,1803.46,20,15,0.75,4.16,1.0185,0.6645,3,0,0.0001,6,0,48.0,0
ACC-17957,SMB,36,28,2068.31,15,8,0.5333,17.37,0.9125,0.4433,5,0,0.0001,5,0,-23.0,0
ACC-17958,Enterprise,12,15,24226.01,620,494,0.7968,8.14,1.1835,0.6797,0,1,30001.0,3,0,80.0,0
ACC-17959,Enterprise,36,23,13304.93,773,711,0.9198,18.34,1.2481,0.3058,4,1,2.2499,7,0,32.0,0
ACC-17960,SMB,12,17,1338.38,30,24,0.8,14.44,1.2597,0.8137,4,0,0.0001,6,0,,0
ACC-17961,Mid-Market,12,13,9232.76,138,78,0.5652,14.52,1.5596,0.6081,3,2,5.9995,2,0,22.0,1
ACC-17962,Enterprise,12,18,37108.08,336,207,0.6161,4.02,1.2457,0.7492,5,1,1.8,2,0,-47.0,0
ACC-17963,Mid-Market,12,60,6413.72,131,126,0.9618,8.08,1.0728,0.885,3,0,0.0001,3,8,,0
ACC-17964,Mid-Market,12,11,5074.8,72,40,0.5556,26.28,1.028,0.6305,4,0,0.0001,1,0,-48.0,0
ACC-17965,Enterprise,24,12,36173.85,777,684,0.8803,18.27,0.8191,0.4348,3,1,2.9998,2,0,24.0,0
ACC-17966,Mid-Market,24,16,4549.43,36,29,0.8056,21.99,1.439,0.7561,5,0,0.0001,2,0,13.0,0
ACC-17967,Enterprise,12,29,33963.14,919,837,0.9108,7.07,1.3701,0.7001,3,2,5.9995,4,0,,1
ACC-17968,Mid-Market,12,6,8980.74,118,111,0.9407,15.47,1.1498,0.7464,2,0,0.0001,3,0,40.0,0
ACC-17969,SMB,12,26,580.06,20,12,0.6,16.08,0.8699,0.7788,3,2,5.9995,2,0,20.0,1
ACC-17970,SMB,12,12,2181.96,27,13,0.4815,13.16,1.1727,0.809,2,0,0.0001,4,0,21.0,0
ACC-17971,Mid-Market,24,25,8221.52,101,76,0.7525,8.73,1.2348,0.6087,7,1,1.2857,8,0,,0
ACC-17972,Enterprise,12,20,17706.46,649,387,0.5963,18.37,0.9776,0.5768,4,0,0.0001,1,0,28.0,0
ACC-17973,SMB,24,14,586.2,25,23,0.92,10.85,0.6318,0.4343,6,0,0.0,2,8,37.0,0
ACC-17974,Mid-Market,12,7,3243.05,76,66,0.8684,12.8,0.9441,0.5811,3,0,0.0001,2,0,-9.0,0
ACC-17975,Enterprise,12,29,33559.51,736,486,0.6603,28.06,1.2409,0.6707,4,1,2.2499,3,0,-0.0,0
ACC-17976,SMB,12,16,1404.03,18,13,0.7222,17.87,0.8852,0.6807,4,0,0.0001,3,0,16.0,0
ACC-17977,SMB,12,14,2275.21,21,18,0.8571,20.08,1.3836,0.9141,5,2,3.5998,8,0,,1
ACC-17978,SMB,12,11,541.08,16,15,0.9375,10.41,0.6429,0.8025,4,0,0.0001,3,0,27.0,0
ACC-17979,SMB,24,21,725.41,33,20,0.6061,20.64,0.7282,0.7793,10,0,0.0,6,0,6.0,0
ACC-17980,Mid-Market,12,29,4760.6,96,89,0.9271,5.68,0.9365,0.5093,2,0,0.0001,5,0,36.0,0
ACC-17981,Mid-Market,12,17,9253.71,143,110,0.7692,22.37,0.8548,0.5623,3,0,0.0001,2,0,62.0,0
ACC-17982,SMB,24,11,2242.03,16,11,0.6875,8.1,0.736,0.6141,1,0,0.0003,3,0,29.0,0
ACC-17983,Mid-Market,12,33,3765.85,80,45,0.5625,7.61,1.0144,0.9272,6,1,1.5,1,0,78.0,0
ACC-17984,Mid-Market,24,9,5133.25,115,94,0.8174,13.56,0.8761,0.5924,4,0,0.0001,3,0,-9.0,0
ACC-17985,SMB,12,16,1130.2,27,14,0.5185,15.39,1.0167,0.7437,7,0,0.0,2,0,19.0,0
ACC-17986,SMB,12,31,618.32,31,18,0.5806,7.41,0.993,0.7,3,0,0.0001,4,0,45.0,0
ACC-17987,Mid-Market,24,15,9738.3,48,34,0.7083,12.25,2.4204,0.7895,0,0,1.0,3,8,1.0,0
ACC-17988,SMB,24,7,2273.92,16,11,0.6875,7.32,0.6409,0.732,7,0,0.0,2,0,,0
ACC-17989,SMB,12,19,1506.66,17,11,0.6471,12.43,0.8941,0.7523,3,0,0.0001,7,0,20.0,0
ACC-17990,SMB,12,33,1267.71,10,7,0.7,12.28,0.7158,0.6408,3,0,0.0001,0,0,75.0,0
ACC-17991,Mid-Market,24,12,5805.73,109,78,0.7156,14.79,1.3725,0.5129,8,0,0.0,5,0,25.0,0
ACC-17992,Mid-Market,12,13,6396.31,37,33,0.8919,13.86,0.9981,0.6868,3,0,0.0001,2,0,19.0,0
ACC-17993,Mid-Market,12,29,5016.51,81,44,0.5432,13.26,0.7995,0.4738,8,0,0.0,3,0,,0
ACC-17994,Enterprise,24,2,19775.89,701,636,0.9073,10.75,0.9782,0.5709,2,0,0.0001,5,0,,0
ACC-17995,Mid-Market,24,34,8200.84,149,120,0.8054,15.6,0.6195,0.7824,3,0,0.0001,1,0,35.0,0
ACC-17996,Mid-Market,24,12,3469.05,63,52,0.8254,14.61,0.8736,0.7567,3,0,0.0001,9,0,61.0,0
ACC-17997,Mid-Market,24,6,5379.3,87,62,0.7126,13.64,0.8172,0.5885,3,0,0.0001,0,0,-9.0,0
ACC-17998,SMB,24,15,2183.06,9,6,0.6667,12.25,1.0892,0.8113,3,1,2.9998,1,0,-50.0,0
ACC-17999,Enterprise,24,24,33106.07,170,121,0.7118,4.23,1.0819,0.6803,4,0,0.0001,0,0,42.0,0
ACC-18000,SMB,24,14,698.95,31,26,0.8387,6.34,1.0884,0.8295,5,0,0.0001,3,0,60.0,0
ACC-18001,SMB,12,8,1441.19,20,16,0.8,13.36,0.6919,0.7972,2,0,0.0001,6,0,75.0,0
ACC-18002,Enterprise,12,29,17468.45,133,116,0.8722,11.72,0.8128,0.8653,0,0,1.0,7,0,13.0,0
ACC-18003,SMB,24,16,1618.81,25,12,0.48,5.01,0.9349,0.5735,4,0,0.0001,7,4,-12.0,0
ACC-18004,Mid-Market,24,5,5391.49,136,110,0.8088,7.38,0.8354,0.8529,5,0,0.0001,1,0,12.0,0
ACC-18005,Mid-Market,12,6,3336.7,81,53,0.6543,9.07,1.1053,0.5294,3,1,2.9998,6,0,,0
ACC-18006,SMB,12,21,1488.58,30,21,0.7,21.74,1.8498,0.4831,4,0,0.0001,4,0,45.0,0
ACC-18007,Mid-Market,36,7,2376.67,32,23,0.7188,15.06,0.8226,0.6526,2,0,0.0001,4,0,41.0,0
ACC-18008,SMB,24,43,1754.43,16,12,0.75,15.37,1.9461,0.6495,3,0,0.0001,5,0,,0
ACC-18009,Enterprise,12,18,30237.55,771,512,0.6641,10.21,0.8934,0.8211,2,0,0.0001,5,0,,0
ACC-18010,SMB,24,10,946.35,14,13,0.9286,12.65,0.935,0.8895,0,0,1.0,0,0,-5.0,0
ACC-18011,Mid-Market,36,10,2617.37,99,77,0.7778,15.58,1.0746,0.8129,4,0,0.0001,6,0,18.0,0
ACC-18012,Mid-Market,24,18,6102.33,119,112,0.9412,9.26,1.5088,0.8417,2,1,4.4995,5,0,10.0,0
ACC-18013,Mid-Market,24,37,6013.41,77,66,0.8571,13.33,0.7437,0.5382,5,0,0.0001,3,0,,0
ACC-18014,SMB,12,12,911.57,23,11,0.4783,13.95,1.223,0.4495,6,0,0.0,4,0,,0
ACC-18015,SMB,24,15,816.91,33,25,0.7576,16.27,1.1722,0.6263,4,1,2.2499,3,0,33.0,0
ACC-18016,Mid-Market,12,21,3759.9,138,125,0.9058,16.87,0.8324,0.5493,1,1,8.9976,5,0,,0
ACC-18017,Mid-Market,24,15,5776.25,127,109,0.8583,16.27,1.0366,0.6282,8,5,5.6248,3,8,41.0,0
ACC-18018,Mid-Market,12,7,2286.83,110,65,0.5909,17.88,0.8476,0.6389,5,0,0.0001,5,0,,0
ACC-18019,SMB,12,18,2254.12,13,7,0.5385,21.19,1.2063,0.7438,3,0,0.0001,4,0,-15.0,0
ACC-18020,Mid-Market,12,12,8168.74,110,56,0.5091,11.42,0.7269,0.8219,8,2,2.25,2,0,40.0,1
ACC-18021,SMB,12,14,2490.59,21,17,0.8095,7.74,1.22,0.4926,3,0,0.0001,1,0,57.0,0
ACC-18022,SMB,24,40,1482.84,30,26,0.8667,8.19,0.8636,0.5681,2,0,0.0001,5,0,,0
ACC-18023,Mid-Market,36,15,8759.77,104,49,0.4712,20.75,1.1826,0.83,2,0,0.0001,3,4,20.0,0
ACC-18024,Mid-Market,24,4,4842.67,130,111,0.8538,8.17,0.8631,0.8018,5,0,0.0001,1,0,29.0,0
ACC-18025,Mid-Market,24,14,5379.73,43,39,0.907,17.94,0.9395,0.3578,3,0,0.0001,4,0,,0
ACC-18026,SMB,12,16,2288.81,16,11,0.6875,25.56,1.1495,0.5378,3,2,5.9995,7,0,,1
ACC-18027,Mid-Market,24,24,4185.63,55,33,0.6,11.04,1.1499,0.6804,1,1,8.9976,3,0,46.0,0
ACC-18028,Mid-Market,24,19,7959.7,33,21,0.6364,13.82,0.9048,0.8108,2,0,0.0001,5,0,62.0,0
ACC-18029,SMB,24,19,1652.04,18,11,0.6111,4.94,0.7791,0.8574,3,0,0.0001,3,0,77.0,0
ACC-18030,Mid-Market,12,20,9145.1,42,32,0.7619,15.39,1.3416,0.5307,2,0,0.0001,4,0,-38.0,0
ACC-18031,Mid-Market,24,26,6194.1,131,107,0.8168,8.45,0.7259,0.8831,2,0,0.0001,3,0,,0
ACC-18032,Mid-Market,24,7,9762.4,145,124,0.8552,11.32,0.927,0.7903,7,0,0.0,4,0,85.0,0
ACC-18033,Enterprise,12,48,40771.18,190,136,0.7158,3.45,1.2635,0.6751,3,0,0.0001,4,0,32.0,0
ACC-18034,SMB,24,13,680.86,34,25,0.7353,22.17,0.7317,0.5717,2,0,0.0001,3,0,28.0,0
ACC-18035,Enterprise,36,9,19781.07,676,456,0.6746,8.9,0.9093,0.3452,5,1,1.8,2,0,,0
ACC-18036,Mid-Market,12,21,8404.56,73,32,0.4384,12.63,0.961,0.272,2,2,8.9988,3,0,59.0,1
ACC-18037,SMB,24,14,2231.67,16,11,0.6875,16.91,0.7626,0.8301,2,0,0.0001,4,0,67.0,0
ACC-18038,Mid-Market,24,28,9077.15,62,53,0.8548,6.69,0.8076,0.5619,3,0,0.0001,7,0,,0
ACC-18039,SMB,24,12,954.08,9,7,0.7778,10.58,1.278,0.538,1,0,0.0003,5,0,84.0,0
ACC-18040,SMB,12,30,1863.0,30,23,0.7667,11.8,0.8117,0.4373,3,1,2.9998,2,0,,1
ACC-18041,Mid-Market,24,9,5406.88,131,121,0.9237,9.17,0.6464,0.6499,3,0,0.0001,7,0,53.0,0
ACC-18042,Enterprise,12,43,26975.81,329,236,0.7173,10.8,1.4157,0.5848,1,0,0.0003,3,0,9.0,0
ACC-18043,SMB,12,17,891.75,33,30,0.9091,14.07,0.9589,0.8677,4,0,0.0001,3,0,,0
ACC-18044,Mid-Market,24,36,9463.49,102,97,0.951,7.51,0.7264,0.8532,5,1,1.8,7,0,-2.0,0
ACC-18045,Enterprise,24,8,8714.97,681,509,0.7474,18.39,1.0698,0.5764,3,0,0.0001,5,0,,0
ACC-18046,SMB,24,25,452.83,12,10,0.8333,24.04,2.3843,0.8701,5,0,0.0001,5,0,24.0,0
ACC-18047,Enterprise,12,25,18397.98,389,353,0.9075,19.74,0.8202,0.9035,6,0,0.0,2,12,70.0,0
ACC-18048,SMB,12,15,2442.47,20,13,0.65,24.53,0.7847,0.7845,3,1,2.9998,3,0,-12.0,0
ACC-18049,Enterprise,36,4,25266.22,823,780,0.9478,20.23,0.9762,0.5406,5,2,3.5998,1,0,23.0,1
ACC-18050,Enterprise,12,25,41325.88,256,197,0.7695,17.32,1.4289,0.6596,6,1,1.5,4,0,,0
ACC-18051,Enterprise,24,14,28117.17,209,154,0.7368,6.39,0.7627,0.6636,3,1,2.9998,3,0,1.0,0
ACC-18052,SMB,24,33,770.57,5,4,0.8,14.71,0.8425,0.3713,1,0,0.0003,6,0,13.0,0
ACC-18053,SMB,24,28,1760.95,17,10,0.5882,10.36,1.1257,0.9121,6,0,0.0,2,0,66.0,0
ACC-18054,SMB,12,33,1111.6,34,26,0.7647,18.18,0.9644,0.5725,2,0,0.0001,5,0,,0
ACC-18055,Mid-Market,24,23,7555.26,48,33,0.6875,14.71,0.6533,0.6023,1,0,0.0003,2,16,29.0,0
ACC-18056,Mid-Market,24,18,5138.29,117,99,0.8462,16.26,1.634,0.9042,4,0,0.0001,4,0,52.0,0
ACC-18057,Mid-Market,12,37,3405.85,89,37,0.4157,29.01,0.7939,0.8105,3,3,8.9992,2,0,54.0,1
ACC-18058,Mid-Market,12,58,9143.35,46,33,0.7174,10.53,1.0576,0.2534,4,1,2.2499,5,0,-51.0,1
ACC-18059,Mid-Market,12,17,2717.33,36,28,0.7778,14.8,1.0277,0.7112,1,1,8.9976,5,0,,0
ACC-18060,Mid-Market,12,33,6040.56,91,55,0.6044,19.88,1.1971,0.8358,3,0,0.0001,5,8,59.0,0
ACC-18061,Mid-Market,24,11,3788.8,58,43,0.7414,8.45,1.0936,0.854,1,0,0.0003,5,0,,0
ACC-18062,SMB,24,9,1500.29,8,5,0.625,16.95,0.8673,0.5107,8,0,0.0,7,0,,0
ACC-18063,Enterprise,36,11,10315.22,883,770,0.872,2.83,0.9563,0.9483,3,0,0.0001,3,0,,0
ACC-18064,SMB,24,11,2492.56,15,11,0.7333,17.53,0.9719,0.5504,4,2,4.4997,7,0,43.0,1
ACC-18065,Enterprise,24,26,35630.5,345,173,0.5014,20.17,0.9539,0.7986,2,1,4.4995,7,0,58.0,0
ACC-18066,Mid-Market,12,13,5176.19,98,51,0.5204,6.76,0.9959,0.4535,4,0,0.0001,1,0,,0
ACC-18067,Mid-Market,24,9,9766.55,131,105,0.8015,9.39,0.8049,0.7579,2,1,4.4995,8,8,,0
ACC-18068,Mid-Market,24,9,5472.6,69,65,0.942,18.78,0.9863,0.5046,2,0,0.0001,5,0,100.0,0
ACC-18069,Mid-Market,36,23,9838.79,90,78,0.8667,10.07,1.2427,0.681,4,0,0.0001,4,0,40.0,0
ACC-18070,Mid-Market,24,26,6360.97,77,42,0.5455,16.43,1.23,0.6848,3,1,2.9998,0,0,58.0,0
ACC-18071,Mid-Market,36,24,7227.59,85,68,0.8,22.84,0.7374,0.4551,3,0,0.0001,5,0,65.0,0
ACC-18072,SMB,24,25,1757.49,17,15,0.8824,8.61,1.2538,0.3703,5,2,3.5998,3,0,19.0,1
ACC-18073,SMB,24,14,1404.83,24,15,0.625,10.86,0.8939,0.6138,1,1,8.9976,8,0,38.0,0
ACC-18074,SMB,12,47,694.86,8,5,0.625,6.79,0.9488,0.8472,0,1,30001.0,1,0,67.0,0
ACC-18075,Mid-Market,24,14,5001.73,144,98,0.6806,19.43,0.8986,0.5131,5,0,0.0001,6,0,14.0,0
ACC-18076,Mid-Market,24,12,5098.97,142,128,0.9014,4.68,1.063,0.5729,4,0,0.0001,1,0,53.0,0
ACC-18077,Mid-Market,12,25,2589.82,101,58,0.5743,28.33,0.9327,0.6652,3,1,2.9998,6,0,49.0,0
ACC-18078,Mid-Market,12,14,3442.97,95,49,0.5158,18.63,0.9001,0.6703,3,1,2.9998,3,0,-12.0,0
ACC-18079,Mid-Market,24,12,7316.03,95,81,0.8526,13.36,1.2928,0.8873,4,1,2.2499,4,0,-8.0,0
ACC-18080,Mid-Market,12,14,9589.36,130,105,0.8077,12.9,1.22,0.5267,2,0,0.0001,2,0,86.0,0
ACC-18081,Enterprise,12,19,18471.45,972,901,0.927,14.21,1.007,0.7967,5,0,0.0001,4,0,,0
ACC-18082,Mid-Market,24,30,7172.36,45,38,0.8444,7.66,0.8347,0.8914,3,0,0.0001,0,4,32.0,0
ACC-18083,Enterprise,36,6,38358.95,712,497,0.698,9.89,1.2293,0.9318,2,0,0.0001,3,0,,0
ACC-18084,SMB,24,30,832.69,28,17,0.6071,29.6,1.057,0.7016,4,0,0.0001,5,0,26.0,0
ACC-18085,SMB,12,7,1509.56,17,6,0.3529,18.26,0.8934,0.7263,4,0,0.0001,6,0,85.0,0
ACC-18086,SMB,12,7,1453.14,16,11,0.6875,14.06,0.8755,0.7348,1,1,8.9976,8,0,65.0,0
ACC-18087,SMB,12,20,1217.03,33,20,0.6061,25.91,1.2939,0.7702,2,0,0.0001,5,0,35.0,0
ACC-18088,Enterprise,12,6,9388.06,463,411,0.8877,12.03,1.1653,0.4258,4,0,0.0001,0,4,9.0,0
ACC-18089,SMB,12,12,479.14,12,9,0.75,5.31,1.0182,0.7399,1,0,0.0003,5,0,63.0,0
ACC-18090,SMB,36,28,829.63,16,13,0.8125,15.66,0.6823,0.5758,1,0,0.0003,5,0,2.0,0
ACC-18091,Mid-Market,24,25,3371.02,132,72,0.5455,19.14,0.769,0.558,4,0,0.0001,5,0,42.0,0
ACC-18092,Mid-Market,12,30,5738.72,127,93,0.7323,7.85,1.1244,0.6741,7,0,0.0,2,4,,0
ACC-18093,SMB,12,11,1042.92,6,5,0.8333,6.18,0.651,0.8105,8,0,0.0,7,0,46.0,0
ACC-18094,Mid-Market,12,14,6695.96,69,43,0.6232,17.39,0.9957,0.631,2,0,0.0001,6,0,,0
ACC-18095,SMB,12,7,737.5,22,16,0.7273,8.23,0.7991,0.6021,3,0,0.0001,2,0,50.0,0
ACC-18096,Enterprise,12,14,10308.52,464,416,0.8966,5.2,1.2296,0.8755,4,3,6.7496,5,0,,1
ACC-18097,Enterprise,36,7,34163.76,775,698,0.9006,11.17,1.5554,0.5561,5,3,5.3997,3,0,50.0,1
ACC-18098,Mid-Market,12,59,3964.71,76,34,0.4474,21.01,0.8332,0.668,2,0,0.0001,2,0,56.0,0
ACC-18099,Mid-Market,12,22,3441.46,145,119,0.8207,5.85,0.6996,0.5802,3,0,0.0001,3,0,,0
ACC-18100,SMB,12,19,1237.62,31,18,0.5806,7.03,0.9129,0.6719,3,0,0.0001,3,0,-24.0,0
ACC-18101,SMB,24,11,622.41,9,6,0.6667,13.39,1.8724,0.7322,0,0,1.0,3,0,55.0,0
ACC-18102,Mid-Market,12,10,8885.23,62,59,0.9516,26.18,0.8748,0.4134,3,0,0.0001,2,0,49.0,0
ACC-18103,Enterprise,12,13,22161.18,634,470,0.7413,10.15,0.9703,0.7366,5,0,0.0001,7,0,,0
ACC-18104,SMB,12,20,652.57,8,6,0.75,6.32,1.3207,0.7157,5,0,0.0001,3,0,,0
ACC-18105,Mid-Market,24,9,6276.14,50,31,0.62,15.87,0.936,0.544,3,0,0.0001,3,0,23.0,0
ACC-18106,Enterprise,12,7,22412.91,190,160,0.8421,8.12,1.5217,0.5474,2,1,4.4995,4,0,91.0,0
ACC-18107,Mid-Market,12,2,2070.75,54,40,0.7407,13.27,1.0333,0.5337,4,2,4.4997,2,0,80.0,1
ACC-18108,SMB,12,22,616.11,15,9,0.6,20.62,1.3895,0.8759,1,1,8.9976,5,0,37.0,0
ACC-18109,SMB,12,15,533.75,6,4,0.6667,3.38,1.0393,0.8382,4,1,2.2499,4,0,22.0,0
ACC-18110,Mid-Market,12,13,5147.89,124,110,0.8871,10.6,0.7888,0.3192,2,0,0.0001,7,0,27.0,0
ACC-18111,Mid-Market,12,8,7403.57,76,70,0.9211,6.3,1.0389,0.6324,5,1,1.8,5,0,40.0,0
ACC-18112,SMB,12,13,1671.61,27,20,0.7407,30.42,0.8135,0.7291,2,0,0.0001,2,0,85.0,0
ACC-18113,SMB,12,33,1256.53,30,21,0.7,15.0,1.344,0.7774,1,0,0.0003,4,0,4.0,0
ACC-18114,Mid-Market,12,10,5788.84,71,48,0.6761,11.86,0.8643,0.6407,2,0,0.0001,5,0,19.0,0
ACC-18115,Mid-Market,12,23,6036.33,82,54,0.6585,14.05,0.9594,0.6325,3,2,5.9995,3,16,65.0,1
ACC-18116,SMB,12,25,1039.74,5,2,0.4,27.36,0.9676,0.7428,3,0,0.0001,5,0,64.0,0
ACC-18117,Mid-Market,36,8,4409.18,141,103,0.7305,9.84,1.0342,0.913,2,0,0.0001,5,0,8.0,0
ACC-18118,Enterprise,24,9,20799.91,602,450,0.7475,6.25,1.7215,0.6362,2,0,0.0001,3,0,11.0,0
ACC-18119,Mid-Market,24,16,3981.64,137,84,0.6131,8.91,0.8764,0.4446,2,0,0.0001,5,0,65.0,0
ACC-18120,Mid-Market,24,46,9041.34,101,88,0.8713,19.1,1.204,0.7926,4,1,2.2499,5,0,,0
ACC-18121,Mid-Market,36,28,4095.14,96,88,0.9167,19.08,1.1338,0.7493,5,0,0.0001,2,0,,0
ACC-18122,Enterprise,24,16,24812.28,288,222,0.7708,10.33,0.8204,0.8736,3,0,0.0001,4,0,,0
ACC-18123,SMB,24,29,2254.03,27,24,0.8889,31.1,1.3385,0.8397,5,0,0.0001,6,8,26.0,0
ACC-18124,Mid-Market,12,4,4410.31,69,54,0.7826,7.53,1.1117,0.7078,4,1,2.2499,1,0,65.0,0
ACC-18125,Enterprise,12,15,10283.06,750,503,0.6707,9.13,0.9638,0.4326,2,0,0.0001,5,0,55.0,0
ACC-18126,Enterprise,24,4,25612.52,898,688,0.7661,8.69,1.054,0.3683,6,1,1.5,6,0,,0
ACC-18127,SMB,36,18,2401.55,28,27,0.9643,18.3,1.106,0.8193,6,0,0.0,7,0,,0
ACC-18128,SMB,12,25,1051.4,25,22,0.88,13.3,0.9481,0.587,7,0,0.0,4,0,67.0,0
ACC-18129,Mid-Market,24,12,5694.55,131,127,0.9695,22.59,0.8762,0.8824,6,1,1.5,6,0,,0
ACC-18130,SMB,12,12,2360.7,7,4,0.5714,19.59,0.6814,0.8938,4,1,2.2499,4,0,98.0,0
ACC-18131,Mid-Market,12,16,9807.86,44,37,0.8409,10.09,0.7615,0.6194,3,1,2.9998,1,0,67.0,0
ACC-18132,SMB,12,13,529.79,34,22,0.6471,42.75,0.7104,0.5784,1,0,0.0003,4,0,67.0,0
ACC-18133,Mid-Market,12,14,2141.94,102,95,0.9314,19.78,0.9738,0.679,4,0,0.0001,7,0,,0
ACC-18134,SMB,12,30,960.67,16,12,0.75,8.8,1.0217,0.3399,5,1,1.8,2,0,30.0,0
ACC-18135,Enterprise,24,25,32275.78,795,637,0.8013,9.62,0.9029,0.5693,3,0,0.0001,6,0,50.0,0
ACC-18136,Mid-Market,24,20,8580.42,134,56,0.4179,15.31,0.8626,0.5702,1,0,0.0003,5,0,-17.0,0
ACC-18137,SMB,24,6,690.84,9,9,1.0,10.18,1.0725,0.7745,1,0,0.0003,6,0,,0
ACC-18138,Mid-Market,12,22,3979.39,97,58,0.5979,3.97,1.1931,0.8208,3,0,0.0001,7,0,,0
ACC-18139,Mid-Market,24,16,3425.68,137,70,0.5109,12.68,1.5564,0.8708,3,1,2.9998,2,0,,0
ACC-18140,Enterprise,12,2,11034.57,748,683,0.9131,19.33,0.7546,0.795,2,1,4.4995,3,0,61.0,0
ACC-18141,SMB,12,13,2270.85,25,16,0.64,11.04,0.8593,0.613,1,0,0.0003,5,0,,0
ACC-18142,Mid-Market,24,14,6664.69,92,59,0.6413,6.4,0.695,0.6411,4,1,2.2499,3,0,,0
ACC-18143,Mid-Market,12,34,2810.68,148,134,0.9054,20.08,0.9102,0.3837,4,0,0.0001,3,0,,0
ACC-18144,SMB,12,28,1098.88,33,31,0.9394,12.09,1.8338,0.6589,2,0,0.0001,3,0,86.0,0
ACC-18145,Enterprise,12,14,14180.18,770,467,0.6065,7.55,0.7858,0.4501,3,1,2.9998,1,0,50.0,1
ACC-18146,Mid-Market,24,38,6946.47,36,23,0.6389,15.49,0.8487,0.5782,1,0,0.0003,6,0,65.0,0
ACC-18147,SMB,12,26,2149.12,17,14,0.8235,35.61,0.8979,0.8531,4,0,0.0001,5,0,50.0,0
ACC-18148,Mid-Market,24,10,5985.4,66,53,0.803,11.43,0.8578,0.7659,2,2,8.9988,5,0,74.0,0
ACC-18149,Mid-Market,24,10,6768.56,95,90,0.9474,7.66,1.4541,0.7454,5,1,1.8,2,0,,0
ACC-18150,Mid-Market,24,18,6129.85,105,78,0.7429,10.66,0.7714,0.3966,5,0,0.0001,6,0,99.0,0
ACC-18151,SMB,24,9,787.02,19,15,0.7895,8.09,1.4797,0.842,2,0,0.0001,7,0,-8.0,0
ACC-18152,Enterprise,12,41,21960.86,148,110,0.7432,15.43,0.829,0.5986,4,0,0.0001,5,0,,0
ACC-18153,SMB,12,18,2461.25,26,17,0.6538,8.06,0.903,0.7889,4,0,0.0001,3,0,,0
ACC-18154,SMB,12,9,1072.62,7,2,0.2857,14.7,2.0177,0.3658,1,1,8.9976,5,0,,1
ACC-18155,Enterprise,12,35,19407.44,979,795,0.8121,9.42,1.7831,0.3786,4,0,0.0001,4,0,29.0,0
ACC-18156,SMB,24,3,434.73,26,18,0.6923,4.27,0.897,0.7007,5,1,1.8,2,12,-7.0,0
ACC-18157,Mid-Market,12,18,4011.46,46,38,0.8261,11.05,1.7704,0.4609,5,0,0.0001,7,0,46.0,0
ACC-18158,Mid-Market,12,15,6525.68,100,86,0.86,13.02,0.8098,0.6267,3,0,0.0001,3,0,43.0,0
ACC-18159,SMB,24,7,1093.51,12,10,0.8333,11.16,1.6568,0.8144,0,1,30001.0,4,0,,0
ACC-18160,SMB,24,37,1986.6,5,3,0.6,2.55,1.1354,0.8216,4,0,0.0001,7,0,70.0,0
ACC-18161,Enterprise,24,12,11749.18,604,488,0.8079,17.52,0.8155,0.7703,2,1,4.4995,4,0,10.0,0
ACC-18162,Mid-Market,24,11,8027.03,124,90,0.7258,12.22,1.2121,0.6211,0,0,1.0,4,0,49.0,0
ACC-18163,Mid-Market,24,25,5854.49,103,71,0.6893,10.58,1.1429,0.4325,1,1,8.9976,4,0,49.0,0
ACC-18164,Mid-Market,24,18,7704.77,43,40,0.9302,3.25,1.1912,0.6989,3,0,0.0001,4,0,92.0,0
ACC-18165,Mid-Market,12,10,6562.74,84,32,0.381,29.09,0.9102,0.7029,3,0,0.0001,6,0,-0.0,0
ACC-18166,Enterprise,36,12,12665.57,143,107,0.7483,19.11,0.7101,0.6918,6,1,1.5,4,0,53.0,0
ACC-18167,SMB,24,34,2066.42,20,15,0.75,19.19,0.8067,0.7399,5,1,1.8,6,4,22.0,0
ACC-18168,Mid-Market,12,14,2700.15,145,125,0.8621,26.59,1.3065,0.5592,3,1,2.9998,6,0,29.0,0
ACC-18169,Enterprise,12,45,9501.89,372,169,0.4543,10.32,0.9072,0.5345,8,1,1.125,0,0,,0
ACC-18170,SMB,24,9,971.59,28,26,0.9286,11.0,1.1851,0.947,9,2,2.0,3,0,56.0,0
ACC-18171,SMB,36,13,2113.03,8,6,0.75,8.72,0.6282,0.7484,8,1,1.125,3,0,37.0,0
ACC-18172,Mid-Market,12,11,2946.44,99,61,0.6162,6.38,0.7737,0.535,3,1,2.9998,3,0,31.0,0
ACC-18173,Mid-Market,12,24,2747.75,100,69,0.69,27.69,1.3098,0.4915,5,1,1.8,4,0,,0
ACC-18174,Mid-Market,24,47,2500.45,140,92,0.6571,14.18,0.8625,0.6847,5,0,0.0001,2,12,7.0,0
ACC-18175,Mid-Market,36,17,9332.37,145,90,0.6207,14.61,0.6803,0.4298,7,0,0.0,2,0,53.0,0
ACC-18176,Mid-Market,12,19,8949.44,93,82,0.8817,10.79,0.7382,0.643,2,1,4.4995,4,0,-2.0,0
ACC-18177,SMB,12,13,1059.18,19,8,0.4211,17.34,0.6557,0.6802,5,2,3.5998,1,0,55.0,1
ACC-18178,Enterprise,24,6,34931.23,480,309,0.6438,6.93,0.7073,0.6085,1,0,0.0003,2,0,26.0,0
ACC-18179,Enterprise,12,14,12902.08,129,100,0.7752,38.94,0.7999,0.7249,1,1,8.9976,2,0,,0
ACC-18180,Enterprise,24,21,23319.64,952,556,0.584,10.36,0.9053,0.8108,2,0,0.0001,10,0,42.0,0
ACC-18181,Enterprise,12,12,41258.42,290,239,0.8241,9.09,1.1165,0.6877,0,0,1.0,1,0,12.0,0
ACC-18182,Enterprise,12,7,32138.12,355,204,0.5746,14.63,0.8013,0.4184,4,0,0.0001,3,0,71.0,0
ACC-18183,SMB,12,3,2354.1,30,25,0.8333,19.32,0.8405,0.8321,3,1,2.9998,2,0,32.0,0
ACC-18184,Mid-Market,12,38,7173.12,68,53,0.7794,21.56,1.2833,0.8173,2,0,0.0001,3,0,,0
ACC-18185,Enterprise,12,13,30702.19,999,625,0.6256,11.63,0.7067,0.5665,2,1,4.4995,2,0,,0
ACC-18186,Mid-Market,12,21,9738.93,75,62,0.8267,15.04,1.1731,0.5207,3,0,0.0001,3,0,20.0,0
ACC-18187,SMB,24,29,1830.91,17,12,0.7059,9.89,0.8105,0.6922,3,1,2.9998,8,0,,0
ACC-18188,Mid-Market,12,33,8847.75,63,57,0.9048,12.78,0.9611,0.7023,2,0,0.0001,5,4,,0
ACC-18189,Mid-Market,36,12,9278.07,127,109,0.8583,20.89,1.2628,0.4723,9,0,0.0,4,0,-6.0,0
ACC-18190,SMB,12,20,723.33,19,13,0.6842,11.49,0.654,0.6794,4,1,2.2499,2,0,23.0,1
ACC-18191,Mid-Market,24,22,4752.63,124,85,0.6855,20.32,1.2279,0.9782,2,1,4.4995,3,0,,0
ACC-18192,Mid-Market,12,27,2909.51,131,98,0.7481,16.88,1.1202,0.8423,3,0,0.0001,3,8,47.0,0
ACC-18193,Mid-Market,12,21,7307.44,76,47,0.6184,7.49,0.9165,0.6085,4,0,0.0001,5,8,41.0,0
ACC-18194,Mid-Market,24,19,5715.75,116,92,0.7931,11.65,1.4288,0.8578,3,2,5.9995,4,0,,1
ACC-18195,Mid-Market,24,9,9056.43,110,72,0.6545,15.01,0.7794,0.8932,2,2,8.9988,4,0,,0
ACC-18196,SMB,24,24,1759.12,34,30,0.8824,7.03,0.9928,0.6364,3,1,2.9998,2,0,84.0,0
ACC-18197,Mid-Market,24,16,2061.28,72,51,0.7083,22.81,0.6765,0.7765,1,0,0.0003,3,0,100.0,0
ACC-18198,Mid-Market,24,35,4450.55,77,43,0.5584,6.52,0.6934,0.7312,3,1,2.9998,2,4,,0
ACC-18199,Enterprise,12,24,39848.73,531,468,0.8814,2.25,0.7008,0.6461,3,0,0.0001,2,0,,0
ACC-18200,Enterprise,24,4,32669.48,249,150,0.6024,6.18,0.905,0.8356,1,0,0.0003,2,0,41.0,0
ACC-18201,Mid-Market,24,9,3168.63,92,77,0.837,12.31,2.2331,0.7338,6,0,0.0,3,0,,0
ACC-18202,SMB,36,13,443.11,11,5,0.4545,3.77,0.6755,0.9402,8,1,1.125,3,0,-22.0,0
ACC-18203,Mid-Market,24,16,8642.39,32,20,0.625,13.61,0.938,0.966,4,0,0.0001,4,0,54.0,0
ACC-18204,SMB,12,50,2213.94,12,10,0.8333,29.05,0.7417,0.66,7,0,0.0,4,0,-13.0,0
ACC-18205,Mid-Market,12,26,6890.81,111,91,0.8198,10.33,1.9081,0.5834,3,1,2.9998,3,0,37.0,0
ACC-18206,Enterprise,24,11,31329.59,984,684,0.6951,18.22,1.7139,0.6881,4,0,0.0001,2,0,-13.0,0
ACC-18207,Enterprise,24,26,41316.33,765,643,0.8405,21.93,0.8811,0.8188,4,1,2.2499,2,0,28.0,0
ACC-18208,Mid-Market,24,18,2777.64,109,100,0.9174,5.08,0.8811,0.5615,6,0,0.0,5,0,45.0,0
ACC-18209,Enterprise,24,26,27398.34,273,243,0.8901,7.38,0.9764,0.5694,1,0,0.0003,7,8,,0
ACC-18210,Enterprise,12,14,19118.25,798,672,0.8421,20.37,1.2627,0.8772,8,0,0.0,4,0,27.0,0
ACC-18211,SMB,12,52,1991.66,17,15,0.8824,8.28,0.8687,0.6029,2,1,4.4995,6,0,6.0,0
ACC-18212,Enterprise,12,38,19943.17,193,121,0.6269,14.52,1.0045,0.4309,3,2,5.9995,2,0,7.0,1
ACC-18213,Mid-Market,24,24,8022.93,66,54,0.8182,20.7,1.1453,0.889,3,0,0.0001,5,0,15.0,0
ACC-18214,Mid-Market,24,13,5793.93,114,77,0.6754,21.33,0.8815,0.1833,5,0,0.0001,1,0,75.0,0
ACC-18215,Mid-Market,12,26,5602.95,133,92,0.6917,9.86,1.2735,0.9334,1,1,8.9976,3,0,,0
ACC-18216,Mid-Market,24,6,4844.07,51,21,0.4118,18.19,0.8696,0.7314,2,0,0.0001,5,0,17.0,0
ACC-18217,Mid-Market,12,39,7427.91,146,93,0.637,22.22,0.9109,0.8283,4,0,0.0001,4,0,,0
ACC-18218,Mid-Market,12,35,7991.38,56,41,0.7321,17.49,1.404,0.7049,3,0,0.0001,2,0,39.0,0
ACC-18219,SMB,24,22,2067.55,7,4,0.5714,4.95,0.8216,0.6809,4,0,0.0001,4,0,-35.0,0
ACC-18220,SMB,12,9,539.99,12,8,0.6667,8.64,1.2552,0.8808,4,1,2.2499,2,4,48.0,0
ACC-18221,Enterprise,24,14,26529.59,300,271,0.9033,11.72,1.0764,0.3982,2,0,0.0001,7,0,47.0,0
ACC-18222,Enterprise,24,4,43442.68,311,284,0.9132,9.87,1.4064,0.5639,4,0,0.0001,3,0,5.0,0
ACC-18223,SMB,24,4,1542.71,9,5,0.5556,21.07,1.2058,0.6828,3,0,0.0001,2,4,29.0,0
ACC-18224,Mid-Market,12,15,4754.12,135,108,0.8,5.39,1.0142,0.2956,4,0,0.0001,9,0,,0
ACC-18225,Mid-Market,12,9,5817.59,105,88,0.8381,8.02,0.9006,0.6445,2,0,0.0001,3,0,61.0,0
ACC-18226,Mid-Market,24,5,2117.19,129,113,0.876,9.3,1.7179,0.5026,3,1,2.9998,6,0,-9.0,0
ACC-18227,Enterprise,24,13,42630.47,477,248,0.5199,7.02,1.2658,0.513,4,0,0.0001,6,0,97.0,0
ACC-18228,Mid-Market,24,13,4569.57,120,78,0.65,9.31,1.1075,0.5011,0,1,30001.0,5,0,37.0,0
ACC-18229,Mid-Market,12,7,8286.89,38,26,0.6842,12.79,1.2472,0.7472,1,0,0.0003,5,0,22.0,0
ACC-18230,Mid-Market,12,20,3031.82,32,27,0.8438,10.89,0.8029,0.7736,1,0,0.0003,4,0,48.0,0
ACC-18231,Mid-Market,24,29,8536.25,42,36,0.8571,9.55,0.8311,0.5765,5,1,1.8,8,0,,0
ACC-18232,SMB,24,20,929.92,18,14,0.7778,3.04,1.3462,0.5703,5,0,0.0001,4,0,72.0,0
ACC-18233,Mid-Market,12,16,3444.46,33,29,0.8788,28.7,1.5092,0.6818,5,0,0.0001,5,0,,0
ACC-18234,Enterprise,12,17,20281.62,845,518,0.613,8.28,0.8282,0.5512,2,0,0.0001,8,0,10.0,0
ACC-18235,Mid-Market,24,14,7945.2,74,64,0.8649,6.4,0.6404,0.8074,2,0,0.0001,8,8,,0
ACC-18236,SMB,12,13,1692.31,10,9,0.9,17.0,0.7067,0.2383,0,0,1.0,3,0,51.0,0
ACC-18237,SMB,12,20,660.37,21,16,0.7619,13.75,0.958,0.7682,3,1,2.9998,10,0,,0
ACC-18238,Mid-Market,12,21,4438.88,90,72,0.8,11.88,1.0193,0.8988,3,1,2.9998,5,0,94.0,0
ACC-18239,Enterprise,12,17,9610.95,966,831,0.8602,32.98,0.8159,0.5578,2,1,4.4995,3,0,46.0,0
ACC-18240,SMB,24,13,2142.42,16,14,0.875,20.12,0.9733,0.821,3,0,0.0001,4,0,-5.0,0
ACC-18241,SMB,12,9,631.66,5,5,1.0,9.25,1.0378,0.5762,0,1,30001.0,8,0,48.0,0
ACC-18242,Enterprise,12,6,42609.52,680,535,0.7868,12.7,0.7568,0.7488,4,1,2.2499,5,0,48.0,0
ACC-18243,Mid-Market,12,9,6174.8,105,70,0.6667,6.36,1.3712,0.4272,3,1,2.9998,3,0,,0
ACC-18244,Mid-Market,12,13,4708.73,50,40,0.8,15.6,1.1221,0.8949,4,1,2.2499,7,0,66.0,0
ACC-18245,SMB,24,13,1679.24,7,6,0.8571,18.71,0.7675,0.7104,6,0,0.0,4,0,32.0,0
ACC-18246,Mid-Market,12,59,9363.04,83,61,0.7349,27.37,1.0036,0.6212,3,0,0.0001,5,0,,0
ACC-18247,Mid-Market,24,27,2204.13,145,123,0.8483,4.94,1.1386,0.8019,4,0,0.0001,3,0,,0
ACC-18248,SMB,12,20,693.5,26,18,0.6923,3.23,1.6552,0.5165,2,0,0.0001,4,0,100.0,0
ACC-18249,SMB,12,24,1397.76,15,11,0.7333,10.88,0.977,0.7564,4,1,2.2499,5,20,15.0,1
ACC-18250,SMB,12,52,852.53,8,5,0.625,6.67,0.8148,0.859,7,0,0.0,4,0,48.0,0
ACC-18251,SMB,12,11,1000.04,12,10,0.8333,14.47,1.8346,0.6287,4,0,0.0001,3,8,,0
ACC-18252,Enterprise,24,41,15976.84,533,421,0.7899,42.45,0.8764,0.5335,7,0,0.0,7,0,-10.0,0
ACC-18253,Mid-Market,12,3,7049.74,91,79,0.8681,10.75,0.6822,0.7209,1,0,0.0003,2,4,59.0,0
ACC-18254,Mid-Market,24,15,8283.84,49,41,0.8367,11.35,0.7807,0.7852,3,1,2.9998,6,0,,0
ACC-18255,SMB,12,8,1497.23,31,18,0.5806,11.78,1.0057,0.3706,2,0,0.0001,3,0,16.0,0
ACC-18256,Mid-Market,12,5,6483.5,55,41,0.7455,20.65,0.8178,0.3739,2,2,8.9988,2,0,22.0,1
ACC-18257,SMB,12,35,1574.23,32,23,0.7188,8.67,0.8626,0.7256,5,0,0.0001,3,0,28.0,0
ACC-18258,Mid-Market,24,14,2217.24,148,79,0.5338,16.41,1.2715,0.4914,2,1,4.4995,6,0,-10.0,0
ACC-18259,SMB,12,13,637.92,10,8,0.8,2.94,0.7268,0.726,4,1,2.2499,2,0,,0
ACC-18260,Enterprise,12,15,34421.19,541,379,0.7006,16.64,0.6813,0.163,2,0,0.0001,11,4,,0
ACC-18261,Enterprise,12,18,15476.37,308,147,0.4773,18.56,0.9313,0.7176,4,0,0.0001,4,0,,0
ACC-18262,SMB,12,10,1127.36,29,25,0.8621,14.51,0.9048,0.7653,3,1,2.9998,2,0,,0
ACC-18263,Enterprise,36,5,44272.24,972,632,0.6502,11.5,0.7842,0.5951,3,1,2.9998,7,0,26.0,0
ACC-18264,SMB,12,16,422.34,23,19,0.8261,9.18,0.7814,0.7034,2,0,0.0001,4,0,12.0,0
ACC-18265,Enterprise,24,18,15660.72,435,312,0.7172,7.77,0.8667,0.6374,8,0,0.0,4,0,38.0,0
ACC-18266,SMB,24,36,1358.72,23,15,0.6522,26.43,1.5538,0.6867,2,0,0.0001,4,0,41.0,0
ACC-18267,Mid-Market,12,16,8885.13,124,50,0.4032,7.86,1.7209,0.4473,2,0,0.0001,7,0,2.0,0
ACC-18268,Mid-Market,12,17,3796.12,110,61,0.5545,6.38,0.8825,0.5092,6,0,0.0,7,0,43.0,0
ACC-18269,SMB,24,9,1792.84,8,5,0.625,5.73,0.9418,0.4803,4,0,0.0001,1,0,64.0,0
ACC-18270,Mid-Market,12,9,2072.03,85,58,0.6824,7.59,0.9322,0.6822,5,1,1.8,0,8,,0
ACC-18271,Enterprise,12,20,36479.91,650,585,0.9,6.34,0.868,0.6802,4,1,2.2499,5,0,-36.0,0
ACC-18272,Enterprise,24,25,14227.51,811,677,0.8348,6.69,1.2144,0.483,4,0,0.0001,5,0,,0
ACC-18273,Mid-Market,24,30,9106.85,80,42,0.525,17.19,1.0727,0.4307,4,0,0.0001,8,0,69.0,0
ACC-18274,Mid-Market,24,20,5416.27,111,61,0.5495,10.62,0.7064,0.7419,2,0,0.0001,4,0,39.0,0
ACC-18275,SMB,24,10,2138.7,9,7,0.7778,20.83,1.0368,0.7817,6,0,0.0,2,0,88.0,0
ACC-18276,Mid-Market,12,6,6728.54,126,74,0.5873,9.97,1.4113,0.5715,0,0,1.0,1,0,18.0,0
ACC-18277,Mid-Market,12,8,7094.52,89,86,0.9663,12.76,1.2201,0.7203,6,0,0.0,3,0,81.0,0
ACC-18278,Mid-Market,12,20,4027.26,120,68,0.5667,7.53,0.7813,0.6339,3,0,0.0001,6,0,24.0,0
ACC-18279,Enterprise,24,6,36919.2,260,149,0.5731,19.28,0.6884,0.8885,1,0,0.0003,1,8,56.0,0
ACC-18280,Mid-Market,36,8,6435.02,130,104,0.8,14.51,1.071,0.7642,4,0,0.0001,1,0,,0
ACC-18281,SMB,12,11,430.23,19,17,0.8947,16.16,0.9198,0.719,2,0,0.0001,3,0,25.0,0
ACC-18282,SMB,12,22,1094.34,23,17,0.7391,8.62,0.7224,0.8148,2,0,0.0001,4,0,21.0,0
ACC-18283,Mid-Market,12,33,2081.64,32,30,0.9375,7.63,1.007,0.4822,2,0,0.0001,7,0,34.0,0
ACC-18284,Mid-Market,24,17,9209.74,133,96,0.7218,17.03,1.215,0.629,6,1,1.5,6,0,12.0,0
ACC-18285,SMB,24,19,423.45,10,5,0.5,12.72,0.7342,0.4443,1,0,0.0003,5,0,54.0,0
ACC-18286,Mid-Market,12,16,6319.52,144,119,0.8264,23.59,0.7105,0.866,4,0,0.0001,5,0,38.0,0
ACC-18287,Enterprise,36,15,33474.58,537,366,0.6816,4.83,1.7057,0.6694,2,0,0.0001,2,4,,0
ACC-18288,Enterprise,24,21,41881.38,112,87,0.7768,10.89,0.9904,0.6715,8,0,0.0,3,0,15.0,0
ACC-18289,Mid-Market,12,15,6588.97,102,83,0.8137,10.46,0.9838,0.2463,1,0,0.0003,9,0,38.0,0
ACC-18290,SMB,36,39,740.77,25,24,0.96,17.93,0.9581,0.8022,2,1,4.4995,3,0,53.0,0
ACC-18291,SMB,12,18,2106.1,18,11,0.6111,5.36,0.876,0.3709,2,1,4.4995,6,0,38.0,0
ACC-18292,Enterprise,12,19,16007.22,196,178,0.9082,12.78,0.883,0.4261,4,0,0.0001,8,4,50.0,0
ACC-18293,Enterprise,12,16,35419.02,226,150,0.6637,9.14,0.9236,0.6308,3,1,2.9998,4,28,7.0,1
ACC-18294,SMB,24,26,1202.11,27,26,0.963,11.37,0.9504,0.467,6,0,0.0,8,0,,0
ACC-18295,SMB,24,10,1075.79,22,15,0.6818,7.98,0.7696,0.4304,2,0,0.0001,3,0,8.0,0
ACC-18296,Mid-Market,12,9,2633.83,145,86,0.5931,12.11,1.0197,0.8127,2,0,0.0001,2,0,50.0,0
ACC-18297,Mid-Market,36,24,3530.11,127,95,0.748,19.91,1.5216,0.4989,2,0,0.0001,4,0,,0
ACC-18298,Enterprise,12,18,38117.01,210,156,0.7429,9.81,0.9375,0.5102,1,0,0.0003,3,4,21.0,0
ACC-18299,SMB,24,24,613.25,8,6,0.75,29.55,1.0985,0.6901,6,0,0.0,2,0,,0
ACC-18300,SMB,24,13,1284.79,32,29,0.9062,6.77,0.8055,0.8067,1,0,0.0003,4,0,11.0,0
ACC-18301,Mid-Market,12,18,9409.74,69,57,0.8261,15.25,1.0991,0.5222,4,0,0.0001,5,0,79.0,0
ACC-18302,SMB,12,12,2195.64,6,4,0.6667,23.96,0.9227,0.6347,4,1,2.2499,2,0,,0
ACC-18303,Mid-Market,24,16,6884.06,121,86,0.7107,9.19,1.0411,0.3592,5,0,0.0001,1,0,,0
ACC-18304,Enterprise,12,6,37119.87,773,732,0.947,21.86,0.8428,0.3759,1,0,0.0003,3,4,,0
ACC-18305,Mid-Market,24,4,6778.16,58,47,0.8103,15.04,0.8745,0.7985,3,0,0.0001,3,4,22.0,0
ACC-18306,Enterprise,12,6,11160.91,735,609,0.8286,25.85,1.9396,0.7768,3,0,0.0001,4,4,60.0,0
ACC-18307,Mid-Market,24,26,8631.91,112,70,0.625,8.58,1.0076,0.8786,7,1,1.2857,4,16,-3.0,0
ACC-18308,Mid-Market,12,25,6536.61,136,100,0.7353,13.39,1.4642,0.9132,5,0,0.0001,2,0,92.0,0
ACC-18309,Mid-Market,12,40,9050.9,121,102,0.843,9.75,0.8526,0.6025,2,0,0.0001,1,0,3.0,0
ACC-18310,Mid-Market,12,24,8147.17,122,81,0.6639,24.48,0.766,0.8628,3,1,2.9998,2,0,-1.0,0
ACC-18311,Mid-Market,24,13,4464.04,55,40,0.7273,11.09,0.9175,0.7545,1,1,8.9976,5,0,,0
ACC-18312,Enterprise,12,16,41926.79,138,114,0.8261,8.32,0.9456,0.779,2,0,0.0001,2,0,100.0,0
ACC-18313,Mid-Market,12,4,3179.7,107,90,0.8411,6.58,0.7831,0.6915,4,0,0.0001,3,0,,0
ACC-18314,Mid-Market,36,13,3724.45,50,46,0.92,18.96,1.188,0.5658,7,0,0.0,7,0,39.0,0
ACC-18315,Mid-Market,24,18,8274.84,112,80,0.7143,19.11,0.9409,0.6914,5,0,0.0001,8,0,41.0,0
ACC-18316,SMB,12,28,1089.96,27,26,0.963,12.55,0.7718,0.7944,0,0,1.0,5,0,8.0,0
ACC-18317,SMB,36,17,1238.64,17,12,0.7059,5.55,1.3307,0.8296,0,0,1.0,3,0,44.0,0
ACC-18318,SMB,24,8,928.0,19,15,0.7895,19.93,0.9871,0.7336,4,0,0.0001,7,0,,0
ACC-18319,Mid-Market,12,27,4381.76,132,100,0.7576,19.68,0.8277,0.8763,5,0,0.0001,5,0,8.0,0
ACC-18320,Enterprise,12,12,24313.29,528,417,0.7898,7.93,0.7548,0.7141,4,0,0.0001,4,0,-11.0,0
ACC-18321,SMB,24,10,484.53,21,18,0.8571,32.11,0.9341,0.8992,1,0,0.0003,2,0,76.0,0
ACC-18322,Mid-Market,24,15,9119.29,111,91,0.8198,9.15,1.5249,0.6248,4,0,0.0001,1,0,2.0,0
ACC-18323,Mid-Market,12,12,2017.38,118,78,0.661,13.76,0.9485,0.3733,3,1,2.9998,3,4,-18.0,1
ACC-18324,Enterprise,12,18,37102.24,498,492,0.988,11.1,1.0433,0.7664,4,0,0.0001,5,0,34.0,0
ACC-18325,SMB,12,23,2104.22,28,14,0.5,11.46,0.8556,0.8089,2,0,0.0001,3,0,,0
ACC-18326,Enterprise,24,13,36133.8,188,138,0.734,14.67,0.7963,0.925,4,0,0.0001,2,16,62.0,0
ACC-18327,SMB,12,13,2053.55,21,18,0.8571,21.88,1.2619,0.8884,2,0,0.0001,9,0,,0
ACC-18328,SMB,12,23,2101.31,9,3,0.3333,19.45,0.7457,0.5706,2,1,4.4995,5,0,56.0,0
ACC-18329,Mid-Market,24,23,6388.24,86,71,0.8256,9.09,1.258,0.7747,6,0,0.0,4,0,29.0,0
ACC-18330,SMB,24,19,480.95,12,10,0.8333,32.37,0.8758,0.9119,3,1,2.9998,0,4,,0
ACC-18331,Mid-Market,12,15,9272.31,72,68,0.9444,6.45,2.6959,0.7541,1,1,8.9976,3,0,,0
ACC-18332,SMB,12,31,1964.59,31,27,0.871,3.32,0.6612,0.5898,3,0,0.0001,7,0,4.0,0
ACC-18333,Mid-Market,12,11,3938.37,30,19,0.6333,14.09,1.1053,0.676,1,0,0.0003,3,0,65.0,0
ACC-18334,SMB,12,24,1696.43,13,9,0.6923,18.76,0.71,0.714,4,1,2.2499,4,0,47.0,0
ACC-18335,Mid-Market,36,10,5505.75,53,35,0.6604,23.85,0.9528,0.5462,4,0,0.0001,4,0,25.0,0
ACC-18336,SMB,24,17,1019.87,31,25,0.8065,9.94,0.7362,0.8338,1,0,0.0003,4,0,37.0,0
ACC-18337,Mid-Market,12,7,9652.78,63,42,0.6667,9.69,0.8864,0.509,5,0,0.0001,1,0,50.0,0
ACC-18338,Mid-Market,12,18,6505.29,143,104,0.7273,5.24,0.8375,0.5753,2,0,0.0001,1,0,28.0,0
ACC-18339,SMB,12,32,2049.19,32,26,0.8125,6.02,0.5937,0.8496,2,0,0.0001,1,8,17.0,0
ACC-18340,SMB,24,27,735.02,8,7,0.875,13.2,0.7512,0.7928,2,0,0.0001,4,0,,0
ACC-18341,Mid-Market,12,4,7630.5,84,63,0.75,12.88,1.5764,0.6703,2,0,0.0001,3,0,-31.0,0
ACC-18342,Enterprise,24,32,17068.17,273,126,0.4615,16.46,1.227,0.6376,4,0,0.0001,5,0,,0
ACC-18343,Mid-Market,24,12,3607.44,127,115,0.9055,16.37,0.8958,0.5959,2,0,0.0001,6,0,88.0,0
ACC-18344,SMB,12,21,1129.52,28,22,0.7857,15.87,0.7838,0.5123,2,1,4.4995,4,4,,1
ACC-18345,SMB,24,16,1928.78,13,10,0.7692,9.49,1.0111,0.7793,5,0,0.0001,2,0,80.0,0
ACC-18346,SMB,24,11,590.68,27,24,0.8889,42.27,1.0173,0.53,3,1,2.9998,2,0,,0
ACC-18347,Enterprise,24,20,21071.39,385,331,0.8597,11.96,0.8103,0.7932,9,0,0.0,2,0,8.0,0
ACC-18348,Mid-Market,36,11,8087.1,117,81,0.6923,13.68,1.1422,0.8111,2,0,0.0001,2,0,14.0,0
ACC-18349,Mid-Market,12,24,2912.01,68,32,0.4706,6.2,1.3564,0.706,3,0,0.0001,4,0,80.0,0
ACC-18350,SMB,12,11,814.97,14,11,0.7857,9.75,0.9144,0.3945,3,1,2.9998,5,0,57.0,0
ACC-18351,Enterprise,24,10,16253.35,684,546,0.7982,8.2,0.7156,0.5488,1,2,17.9949,6,0,,0
ACC-18352,SMB,24,24,568.98,23,15,0.6522,10.83,1.387,0.6157,5,2,3.5998,8,16,,1
ACC-18353,Mid-Market,36,49,4844.88,105,83,0.7905,16.92,0.6387,0.862,1,0,0.0003,9,4,12.0,0
ACC-18354,Enterprise,12,28,32369.82,753,639,0.8486,20.79,0.812,0.719,8,0,0.0,2,0,,0
ACC-18355,Mid-Market,24,26,7346.8,73,47,0.6438,10.33,0.7091,0.8686,1,0,0.0003,5,0,,0
ACC-18356,Mid-Market,12,16,3383.17,145,68,0.469,9.65,0.7732,0.2407,4,1,2.2499,3,0,52.0,0
ACC-18357,Mid-Market,12,23,4862.15,139,98,0.705,13.15,1.123,0.2388,3,0,0.0001,2,0,67.0,0
ACC-18358,Enterprise,12,13,10715.99,332,228,0.6867,12.49,0.9336,0.7833,3,1,2.9998,5,12,33.0,0
ACC-18359,Enterprise,12,35,43713.87,127,116,0.9134,4.9,0.7565,0.5009,3,4,11.9989,6,0,34.0,1
ACC-18360,SMB,12,5,582.35,25,7,0.28,17.17,0.8542,0.4271,3,1,2.9998,2,0,,1
ACC-18361,Enterprise,24,16,16229.78,991,836,0.8436,5.95,1.0891,0.8419,4,0,0.0001,8,0,36.0,0
ACC-18362,Mid-Market,12,14,9744.86,41,31,0.7561,6.92,0.655,0.5786,5,1,1.8,6,0,,0
ACC-18363,Mid-Market,12,16,9800.96,40,28,0.7,8.95,0.911,0.4405,6,0,0.0,1,0,-15.0,0
ACC-18364,Mid-Market,12,11,7363.61,89,49,0.5506,11.35,1.769,0.8917,2,1,4.4995,4,0,63.0,0
ACC-18365,SMB,12,18,597.55,29,25,0.8621,19.33,1.4346,0.7234,1,0,0.0003,2,0,,0
ACC-18366,Mid-Market,36,11,8357.51,56,45,0.8036,27.33,0.8521,0.4488,5,0,0.0001,2,0,,0
ACC-18367,SMB,12,12,1889.51,33,25,0.7576,16.53,0.8356,0.2788,2,2,8.9988,5,12,15.0,1
ACC-18368,Mid-Market,12,22,7332.99,121,78,0.6446,6.42,1.1286,0.9019,7,0,0.0,5,0,,0
ACC-18369,Enterprise,24,58,19110.19,997,588,0.5898,8.04,1.452,0.6904,1,0,0.0003,4,0,76.0,0
ACC-18370,Enterprise,24,12,12819.81,367,275,0.7493,8.35,1.0213,0.7027,6,2,2.9999,3,0,18.0,0
ACC-18371,Mid-Market,24,20,9179.24,87,67,0.7701,6.54,0.6523,0.5505,1,0,0.0003,8,0,20.0,0
ACC-18372,Mid-Market,24,30,5841.41,123,103,0.8374,26.36,0.9744,0.7176,4,0,0.0001,6,0,39.0,0
ACC-18373,SMB,36,21,887.83,26,14,0.5385,4.53,1.5272,0.9568,2,1,4.4995,4,0,3.0,0
ACC-18374,Mid-Market,12,15,7054.66,42,22,0.5238,25.28,1.3722,0.9066,4,1,2.2499,6,0,57.0,0
ACC-18375,Mid-Market,36,15,6027.1,94,76,0.8085,5.62,1.2675,0.8626,5,1,1.8,0,0,6.0,0
ACC-18376,Enterprise,24,32,18346.02,547,394,0.7203,11.17,0.9414,0.7354,3,1,2.9998,3,0,37.0,0
ACC-18377,Mid-Market,24,4,7781.0,140,111,0.7929,13.6,0.9838,0.901,3,0,0.0001,8,0,26.0,0
ACC-18378,Mid-Market,24,18,8118.69,109,68,0.6239,5.18,1.2151,0.6542,2,0,0.0001,5,0,21.0,0
ACC-18379,Mid-Market,24,13,7707.95,113,84,0.7434,17.77,0.7879,0.4358,6,0,0.0,4,4,,0
ACC-18380,Mid-Market,12,6,4886.13,61,35,0.5738,13.5,1.0346,0.8282,3,1,2.9998,6,0,,0
ACC-18381,Enterprise,12,17,12795.17,197,184,0.934,15.04,0.807,0.7675,5,1,1.8,4,0,74.0,0
ACC-18382,SMB,36,11,2155.38,26,20,0.7692,6.89,0.895,0.7423,3,1,2.9998,3,0,-39.0,0
ACC-18383,SMB,12,8,1842.8,21,18,0.8571,11.55,1.3054,0.3969,4,1,2.2499,2,0,-5.0,1
ACC-18384,Mid-Market,12,34,7730.55,120,101,0.8417,24.54,1.0167,0.7123,5,0,0.0001,4,0,,0
ACC-18385,Mid-Market,24,9,2401.07,139,121,0.8705,8.4,1.1978,0.5332,2,0,0.0001,2,24,21.0,0
ACC-18386,SMB,12,8,1125.6,33,31,0.9394,23.76,0.9087,0.5124,1,1,8.9976,1,0,32.0,0
ACC-18387,Mid-Market,12,6,7711.79,87,65,0.7471,12.28,1.5311,0.8628,5,0,0.0001,7,0,,0
ACC-18388,Mid-Market,24,19,9598.63,59,52,0.8814,24.16,0.6613,0.7657,1,1,8.9976,3,0,57.0,0
ACC-18389,Enterprise,24,21,39338.32,950,520,0.5474,5.53,0.7683,0.3204,0,0,1.0,4,0,32.0,0
ACC-18390,Mid-Market,12,49,7491.38,57,49,0.8596,4.75,1.9255,0.8496,9,0,0.0,7,4,,0
ACC-18391,Enterprise,36,14,8460.27,243,182,0.749,14.44,1.2046,0.7941,1,1,8.9976,1,0,86.0,0
ACC-18392,SMB,12,12,1590.25,14,10,0.7143,13.24,2.3846,0.6088,1,0,0.0003,5,0,45.0,0
ACC-18393,SMB,12,8,1986.33,5,4,0.8,14.91,0.9294,0.7053,5,0,0.0001,4,0,38.0,0
ACC-18394,SMB,12,21,717.98,24,22,0.9167,21.49,1.9108,0.7913,3,0,0.0001,9,0,,0
ACC-18395,SMB,24,6,2016.58,15,6,0.4,21.26,0.7038,0.7061,6,2,2.9999,3,0,45.0,1
ACC-18396,Mid-Market,12,11,9975.24,43,41,0.9535,11.17,0.8947,0.633,1,0,0.0003,2,0,100.0,0
ACC-18397,Mid-Market,12,19,6008.82,129,103,0.7984,4.53,0.9578,0.7422,4,1,2.2499,5,0,63.0,0
ACC-18398,SMB,24,11,2125.19,13,11,0.8462,14.21,1.0576,0.7249,3,0,0.0001,7,0,23.0,0
ACC-18399,SMB,12,11,2017.25,12,7,0.5833,16.09,1.726,0.6915,2,0,0.0001,9,0,63.0,0
ACC-18400,Mid-Market,24,10,6605.54,53,43,0.8113,23.18,1.1802,0.6331,2,0,0.0001,3,0,100.0,0
ACC-18401,SMB,24,35,2442.19,10,7,0.7,11.89,0.9209,0.7321,1,0,0.0003,6,0,,0
ACC-18402,Mid-Market,36,11,7611.33,89,75,0.8427,13.02,1.4621,0.7379,3,1,2.9998,5,0,83.0,0
ACC-18403,Mid-Market,24,22,5351.3,45,22,0.4889,11.0,1.115,0.3904,3,0,0.0001,1,0,26.0,0
ACC-18404,Mid-Market,12,10,2723.87,93,62,0.6667,19.92,1.5897,0.5724,5,2,3.5998,8,0,77.0,0
ACC-18405,Mid-Market,12,12,4837.07,58,47,0.8103,8.61,0.8522,0.6154,3,0,0.0001,5,4,,0
ACC-18406,Enterprise,24,17,43244.52,287,207,0.7213,11.55,0.7358,0.8281,5,1,1.8,11,0,58.0,0
ACC-18407,Mid-Market,24,33,3724.56,38,36,0.9474,9.9,3.2016,0.6367,5,0,0.0001,4,0,59.0,0
ACC-18408,Mid-Market,12,4,8291.31,58,43,0.7414,10.52,0.7632,0.5215,5,0,0.0001,5,0,2.0,0
ACC-18409,Mid-Market,24,31,4404.75,80,55,0.6875,13.68,1.1865,0.9504,1,1,8.9976,6,0,-25.0,0
ACC-18410,Mid-Market,12,9,9118.86,50,32,0.64,7.11,1.118,0.7705,3,1,2.9998,4,0,,0
ACC-18411,SMB,36,18,2074.2,27,24,0.8889,2.57,1.0366,0.9098,1,0,0.0003,7,0,31.0,0
ACC-18412,Mid-Market,36,15,5251.02,104,41,0.3942,15.18,1.5449,0.5745,3,0,0.0001,3,0,8.0,0
ACC-18413,Mid-Market,36,7,3382.31,83,65,0.7831,6.72,1.0569,0.6671,2,1,4.4995,5,0,75.0,0
ACC-18414,Enterprise,24,11,16599.52,825,754,0.9139,7.66,0.6308,0.7514,4,1,2.2499,2,4,,0
ACC-18415,Enterprise,36,16,23846.41,762,554,0.727,8.04,0.8747,0.6997,4,0,0.0001,2,0,48.0,0
ACC-18416,SMB,12,7,702.75,25,21,0.84,10.6,0.7778,0.6832,0,1,30001.0,2,0,,1
ACC-18417,Mid-Market,24,27,3497.22,38,25,0.6579,25.28,0.7331,0.6094,7,2,2.5714,1,0,,1
ACC-18418,SMB,24,17,1287.85,16,15,0.9375,12.92,0.6447,0.9396,5,0,0.0001,5,0,43.0,0
ACC-18419,Enterprise,36,12,24899.29,350,205,0.5857,16.35,1.007,0.4945,5,0,0.0001,7,0,,0
ACC-18420,Mid-Market,24,13,3214.68,90,58,0.6444,6.83,0.8272,0.6524,1,0,0.0003,6,0,,0
ACC-18421,Mid-Market,12,27,2476.47,93,67,0.7204,4.32,0.8342,0.9318,6,1,1.5,3,0,,0
ACC-18422,Mid-Market,24,31,4908.17,132,87,0.6591,19.07,0.8634,0.6486,2,0,0.0001,5,0,42.0,0
ACC-18423,Enterprise,24,10,21078.28,754,481,0.6379,23.58,1.0299,0.7826,2,0,0.0001,3,0,,0
ACC-18424,Enterprise,12,8,8650.33,845,565,0.6686,25.48,1.1618,0.6286,3,0,0.0001,5,0,62.0,0
ACC-18425,Mid-Market,12,23,7017.24,92,73,0.7935,14.25,0.7419,0.6421,1,0,0.0003,1,0,59.0,0
ACC-18426,Enterprise,24,8,18337.56,629,537,0.8537,10.99,1.0552,0.8829,3,1,2.9998,3,0,54.0,0
ACC-18427,SMB,12,21,2016.26,26,23,0.8846,4.78,1.0905,0.4778,4,0,0.0001,4,0,,0
ACC-18428,Mid-Market,12,9,8422.52,135,106,0.7852,27.36,1.0082,0.8264,4,1,2.2499,5,0,36.0,0
ACC-18429,Enterprise,12,9,11137.05,581,498,0.8571,7.93,1.236,0.9419,7,2,2.5714,4,0,90.0,0
ACC-18430,Enterprise,36,6,27663.27,466,365,0.7833,18.34,1.1148,0.5739,2,0,0.0001,3,0,-12.0,0
ACC-18431,Mid-Market,24,42,7671.33,117,94,0.8034,3.64,0.9522,0.8934,2,1,4.4995,6,0,28.0,0
ACC-18432,Enterprise,12,31,36927.31,508,231,0.4547,9.44,2.5381,0.7613,5,0,0.0001,6,0,49.0,0
ACC-18433,SMB,24,14,1388.89,22,13,0.5909,18.55,1.001,0.7142,3,0,0.0001,6,0,,0
ACC-18434,SMB,24,18,807.29,34,21,0.6176,9.12,1.3878,0.7344,4,2,4.4997,4,0,,1
ACC-18435,Mid-Market,12,18,8766.79,87,71,0.8161,7.78,0.7411,0.8714,3,0,0.0001,4,0,27.0,0
ACC-18436,Mid-Market,12,42,5385.82,148,126,0.8514,5.32,1.1246,0.8653,3,0,0.0001,3,0,34.0,0
ACC-18437,Enterprise,24,20,35089.59,721,465,0.6449,13.99,0.7178,0.7214,3,1,2.9998,3,4,,0
ACC-18438,Mid-Market,12,26,7398.5,85,56,0.6588,16.11,1.0347,0.685,3,0,0.0001,9,8,14.0,0
ACC-18439,Mid-Market,24,34,6939.65,45,36,0.8,14.74,1.139,0.4508,9,1,1.0,2,0,,0
ACC-18440,Mid-Market,12,9,6337.53,82,53,0.6463,16.68,0.8748,0.4805,4,0,0.0001,5,0,15.0,0
ACC-18441,Mid-Market,12,10,6545.71,112,90,0.8036,10.78,0.7282,0.7,1,0,0.0003,3,0,-3.0,0
ACC-18442,SMB,36,31,2433.4,28,22,0.7857,15.23,0.9681,0.8387,1,0,0.0003,1,0,83.0,0
ACC-18443,Mid-Market,12,13,6359.17,103,73,0.7087,12.68,0.9603,0.7038,4,0,0.0001,3,0,86.0,0
ACC-18444,Enterprise,24,9,26597.62,502,375,0.747,15.89,1.0519,0.4386,4,0,0.0001,4,0,,0
ACC-18445,SMB,12,17,2362.98,17,15,0.8824,16.03,0.8313,0.7648,2,1,4.4995,3,0,,0
ACC-18446,Mid-Market,12,30,7348.7,83,66,0.7952,23.5,1.7321,0.8858,6,0,0.0,3,0,,0
ACC-18447,SMB,12,45,834.77,17,15,0.8824,17.9,1.3515,0.8367,3,1,2.9998,3,0,35.0,0
ACC-18448,Enterprise,12,38,33469.19,342,180,0.5263,6.24,1.5933,0.806,3,0,0.0001,2,0,-9.0,0
ACC-18449,SMB,12,3,1144.89,23,19,0.8261,26.7,0.6776,0.5571,3,2,5.9995,4,0,12.0,1
ACC-18450,SMB,12,14,2050.93,15,9,0.6,11.44,1.0572,0.8253,4,0,0.0001,4,0,,0
ACC-18451,Enterprise,24,7,18675.24,322,205,0.6366,3.44,0.7801,0.69,3,1,2.9998,4,0,33.0,0
ACC-18452,SMB,24,10,2146.97,6,5,0.8333,6.4,1.0885,0.6142,6,1,1.5,1,0,59.0,0
ACC-18453,Mid-Market,12,18,4960.73,120,94,0.7833,10.1,0.8945,0.6219,5,1,1.8,2,0,,0
ACC-18454,SMB,24,18,1129.79,16,10,0.625,19.44,0.8882,0.7526,4,0,0.0001,3,4,,0
ACC-18455,Enterprise,12,3,26301.83,297,272,0.9158,18.23,1.3625,0.8941,2,0,0.0001,2,0,-2.0,0
ACC-18456,Mid-Market,12,10,3505.85,100,81,0.81,21.21,1.0116,0.4174,5,0,0.0001,5,0,,0
ACC-18457,Mid-Market,24,39,7194.04,112,103,0.9196,23.21,1.1817,0.7748,3,0,0.0001,4,0,20.0,0
ACC-18458,SMB,12,6,1794.71,25,13,0.52,9.01,1.0187,0.8582,4,0,0.0001,1,0,-1.0,0
ACC-18459,Mid-Market,12,30,6315.83,43,35,0.814,13.9,0.8535,0.8767,4,0,0.0001,5,0,14.0,0
ACC-18460,SMB,12,12,2149.25,30,25,0.8333,8.0,1.46,0.8867,2,0,0.0001,1,0,86.0,0
ACC-18461,SMB,24,16,2331.42,19,18,0.9474,9.61,1.2575,0.3494,2,0,0.0001,5,0,61.0,0
ACC-18462,Mid-Market,24,33,8287.78,77,53,0.6883,10.73,0.7961,0.4522,4,0,0.0001,4,0,9.0,0
ACC-18463,SMB,12,14,1891.35,18,14,0.7778,12.12,0.9971,0.3805,0,0,1.0,6,0,41.0,0
ACC-18464,SMB,12,40,1591.6,11,8,0.7273,16.28,0.8105,0.6636,4,1,2.2499,4,0,70.0,0
ACC-18465,Mid-Market,24,6,3142.87,77,70,0.9091,35.13,0.7696,0.8733,4,0,0.0001,6,0,49.0,0
ACC-18466,Mid-Market,24,27,8642.89,51,42,0.8235,20.05,1.0942,0.548,3,0,0.0001,4,0,7.0,0
ACC-18467,Mid-Market,12,25,3095.84,137,119,0.8686,10.05,0.8766,0.6116,3,0,0.0001,1,0,56.0,0
ACC-18468,Mid-Market,12,38,5649.72,90,67,0.7444,14.67,1.2538,0.7049,4,0,0.0001,6,0,,0
ACC-18469,Enterprise,12,23,26093.57,436,266,0.6101,21.61,1.5137,0.8584,5,0,0.0001,4,0,9.0,0
ACC-18470,Mid-Market,12,15,6149.94,141,73,0.5177,16.51,1.1573,0.6046,9,0,0.0,1,0,-5.0,0
ACC-18471,Mid-Market,24,9,3246.87,130,69,0.5308,19.11,0.9663,0.5908,7,0,0.0,3,4,10.0,0
ACC-18472,Mid-Market,12,13,2857.53,138,99,0.7174,18.2,1.3017,0.9467,5,0,0.0001,4,0,43.0,0
ACC-18473,Enterprise,12,6,19490.53,644,527,0.8183,18.12,1.3145,0.681,1,3,26.9922,2,0,,1
ACC-18474,SMB,36,26,1992.78,25,19,0.76,18.57,1.1199,0.4802,2,0,0.0001,0,0,56.0,0
ACC-18475,SMB,24,16,1290.7,12,9,0.75,15.65,0.7662,0.6378,3,0,0.0001,3,0,22.0,0
ACC-18476,Enterprise,24,15,36463.68,161,108,0.6708,7.53,1.1086,0.8107,0,0,1.0,4,0,42.0,0
ACC-18477,SMB,12,13,2173.54,32,24,0.75,7.26,0.6007,0.6495,3,1,2.9998,4,0,62.0,0
ACC-18478,SMB,24,24,1487.11,29,20,0.6897,21.49,1.0481,0.449,6,0,0.0,7,0,9.0,0
ACC-18479,SMB,24,15,1521.53,10,5,0.5,11.23,0.9431,0.8491,4,0,0.0001,6,0,,0
ACC-18480,Enterprise,12,17,26998.17,237,226,0.9536,7.27,1.1541,0.6748,3,0,0.0001,4,0,,0
ACC-18481,Mid-Market,36,17,2029.12,102,66,0.6471,16.24,0.7878,0.8937,8,0,0.0,2,0,78.0,0
ACC-18482,SMB,24,22,817.37,23,21,0.913,13.83,0.7555,0.8243,3,1,2.9998,4,0,76.0,0
ACC-18483,SMB,24,21,1610.7,10,8,0.8,19.78,0.9469,0.8478,2,0,0.0001,2,0,54.0,0
ACC-18484,SMB,12,32,2016.06,5,5,1.0,10.66,0.8783,0.5711,4,0,0.0001,3,0,,0
ACC-18485,SMB,12,30,901.82,25,22,0.88,11.04,0.8523,0.5064,2,0,0.0001,3,0,35.0,0
ACC-18486,Enterprise,12,13,41293.5,849,643,0.7574,12.52,1.2481,0.6155,4,1,2.2499,5,4,,0
ACC-18487,Mid-Market,12,44,6331.4,106,96,0.9057,7.44,0.9415,0.6364,5,1,1.8,5,0,28.0,0
ACC-18488,Mid-Market,24,21,3633.85,115,114,0.9913,13.91,1.0536,0.4977,7,0,0.0,7,0,-22.0,0
ACC-18489,Enterprise,12,49,13767.89,984,820,0.8333,5.77,1.6198,0.6087,3,0,0.0001,6,0,88.0,0
ACC-18490,SMB,24,20,1888.91,25,24,0.96,6.73,0.9559,0.3992,5,1,1.8,4,0,,0
ACC-18491,Enterprise,12,13,39149.42,241,172,0.7137,15.48,0.8983,0.6189,1,1,8.9976,1,0,37.0,0
ACC-18492,Mid-Market,12,12,7039.83,62,43,0.6935,4.98,0.6976,0.4856,2,1,4.4995,4,0,,0
ACC-18493,SMB,24,5,2324.0,30,27,0.9,8.67,1.3722,0.6097,5,1,1.8,1,0,47.0,0
ACC-18494,Enterprise,12,19,13663.51,975,730,0.7487,10.73,1.1084,0.5403,4,0,0.0001,6,0,,0
ACC-18495,SMB,24,19,539.37,25,18,0.72,11.39,0.9174,0.9149,1,0,0.0003,5,0,-11.0,0
ACC-18496,SMB,36,16,723.42,17,13,0.7647,9.27,1.1743,0.6591,1,1,8.9976,7,0,17.0,0
ACC-18497,Mid-Market,12,20,3399.54,83,47,0.5663,15.61,1.2647,0.673,3,0,0.0001,2,0,-7.0,0
ACC-18498,Enterprise,12,7,31059.24,784,313,0.3992,11.8,0.8367,0.5791,1,1,8.9976,3,0,27.0,0
ACC-18499,Mid-Market,12,15,9366.01,70,43,0.6143,3.43,0.9378,0.6462,2,1,4.4995,7,0,36.0,0
ACC-18500,Mid-Market,24,8,3937.93,30,24,0.8,28.74,0.8344,0.7998,7,1,1.2857,8,0,,0
ACC-18501,Mid-Market,12,21,2867.33,101,66,0.6535,14.13,0.9065,0.4501,3,2,5.9995,4,0,,1
ACC-18502,Mid-Market,24,18,7507.54,131,99,0.7557,7.82,1.8789,0.3662,4,1,2.2499,3,0,2.0,0
ACC-18503,SMB,12,30,2475.29,23,22,0.9565,4.65,0.8852,0.7915,6,1,1.5,4,0,48.0,0
ACC-18504,Enterprise,24,14,17705.38,604,313,0.5182,11.55,1.2958,0.5199,6,0,0.0,3,0,,0
ACC-18505,SMB,24,30,1066.15,14,12,0.8571,21.23,1.2185,0.5238,0,0,1.0,6,0,,0
ACC-18506,Enterprise,12,15,35466.0,473,400,0.8457,14.26,0.9176,0.7616,1,1,8.9976,4,0,,0
ACC-18507,Mid-Market,12,24,9890.4,94,71,0.7553,25.27,1.5893,0.719,4,0,0.0001,2,0,88.0,0
ACC-18508,SMB,12,10,1597.71,14,14,1.0,9.93,0.9543,0.7271,1,0,0.0003,7,24,14.0,0
ACC-18509,Mid-Market,12,17,2726.24,59,53,0.8983,13.1,0.887,0.4121,1,0,0.0003,9,0,52.0,0
ACC-18510,Enterprise,12,16,27785.53,662,565,0.8535,11.27,0.873,0.828,7,1,1.2857,5,0,38.0,0
ACC-18511,SMB,12,31,670.43,33,15,0.4545,15.95,0.6375,0.826,2,0,0.0001,2,0,73.0,0
ACC-18512,SMB,36,16,1374.39,30,20,0.6667,21.78,1.0001,0.499,3,0,0.0001,5,0,22.0,0
ACC-18513,SMB,36,16,2087.23,28,23,0.8214,6.64,0.8934,0.6484,7,1,1.2857,2,0,59.0,0
ACC-18514,Mid-Market,24,47,5657.55,139,118,0.8489,15.84,0.9846,0.7396,7,1,1.2857,8,0,-18.0,0
ACC-18515,Mid-Market,12,26,6276.96,139,112,0.8058,13.26,1.2219,0.3809,0,0,1.0,2,12,,0
ACC-18516,SMB,24,14,785.06,21,17,0.8095,10.68,1.3087,0.4701,3,0,0.0001,2,32,48.0,0
ACC-18517,SMB,12,23,758.23,24,19,0.7917,15.96,0.895,0.4634,4,0,0.0001,7,44,76.0,0
ACC-18518,Mid-Market,12,28,8030.5,77,47,0.6104,17.16,1.4139,0.7221,4,0,0.0001,11,0,,0
ACC-18519,SMB,12,18,1205.89,10,7,0.7,23.59,0.8133,0.8993,4,0,0.0001,2,0,,0
ACC-18520,Mid-Market,12,26,6654.19,83,57,0.6867,17.32,1.3894,0.7989,4,0,0.0001,2,0,16.0,0
ACC-18521,Mid-Market,12,17,2747.36,119,98,0.8235,9.08,0.8908,0.702,3,0,0.0001,9,0,,0
ACC-18522,Enterprise,12,31,11211.04,431,410,0.9513,3.39,1.1626,0.6377,4,0,0.0001,3,0,81.0,0
ACC-18523,Mid-Market,36,5,9922.25,64,37,0.5781,7.08,0.9807,0.7095,1,0,0.0003,3,0,25.0,0
ACC-18524,Mid-Market,12,9,8435.11,104,54,0.5192,11.53,1.0768,0.8187,3,0,0.0001,5,0,47.0,0
ACC-18525,Enterprise,36,13,43683.91,129,112,0.8682,7.55,1.3621,0.613,2,0,0.0001,4,0,49.0,0
ACC-18526,Mid-Market,12,26,4128.78,104,95,0.9135,14.11,0.8542,0.7569,5,0,0.0001,5,0,29.0,0
ACC-18527,SMB,12,20,1731.35,8,6,0.75,14.97,0.594,0.622,5,1,1.8,2,0,65.0,0
ACC-18528,SMB,12,10,1210.47,14,9,0.6429,14.37,0.9677,0.8552,1,0,0.0003,7,0,85.0,0
ACC-18529,Mid-Market,24,18,9948.7,63,45,0.7143,18.55,0.9568,0.4669,5,0,0.0001,3,0,25.0,0
ACC-18530,SMB,12,5,1986.29,22,18,0.8182,13.11,0.819,0.4094,3,0,0.0001,7,0,97.0,0
ACC-18531,Enterprise,12,6,15089.78,648,501,0.7731,8.0,0.9515,0.4458,3,0,0.0001,0,12,51.0,0
ACC-18532,Mid-Market,12,6,5324.45,110,73,0.6636,19.35,0.7865,0.7516,4,1,2.2499,0,0,,0
ACC-18533,SMB,12,8,1444.22,29,24,0.8276,9.11,0.7723,0.7515,4,0,0.0001,5,0,,0
ACC-18534,Mid-Market,24,25,8541.01,90,71,0.7889,23.69,0.6973,0.7879,8,1,1.125,4,0,55.0,0
ACC-18535,Mid-Market,12,21,6342.46,127,120,0.9449,8.9,0.9604,0.8493,6,0,0.0,5,0,47.0,0
ACC-18536,Enterprise,12,14,27708.24,634,456,0.7192,24.38,0.8999,0.4812,7,2,2.5714,5,0,,1
ACC-18537,SMB,24,25,1914.46,33,24,0.7273,1.93,0.9579,0.887,3,1,2.9998,2,0,51.0,0
ACC-18538,Mid-Market,12,32,9879.39,83,59,0.7108,11.45,0.6566,0.6981,3,0,0.0001,2,0,90.0,0
ACC-18539,SMB,24,8,967.51,21,14,0.6667,8.97,1.1836,0.5188,1,0,0.0003,5,0,62.0,0
ACC-18540,Mid-Market,24,30,2734.95,102,98,0.9608,9.17,1.9287,0.4521,1,0,0.0003,9,12,,0
ACC-18541,SMB,36,10,771.73,7,6,0.8571,11.91,1.2253,0.6466,5,0,0.0001,4,24,60.0,0
ACC-18542,SMB,12,11,1908.95,5,2,0.4,4.03,1.1316,0.675,5,1,1.8,3,0,9.0,0
ACC-18543,SMB,24,42,630.39,30,25,0.8333,12.64,0.8446,0.8278,3,0,0.0001,2,0,64.0,0
ACC-18544,Mid-Market,12,18,8424.82,48,35,0.7292,10.57,1.0093,0.7397,4,0,0.0001,3,0,76.0,0
ACC-18545,Mid-Market,24,12,6501.08,71,59,0.831,29.07,0.7673,0.6984,5,1,1.8,3,0,56.0,0
ACC-18546,SMB,12,23,508.84,25,19,0.76,13.24,1.6363,0.8156,5,0,0.0001,1,0,43.0,0
ACC-18547,Mid-Market,12,27,9500.34,82,60,0.7317,21.88,1.1087,0.621,4,0,0.0001,3,0,80.0,0
ACC-18548,Mid-Market,24,18,3449.54,132,99,0.75,9.13,1.1574,0.7255,4,0,0.0001,6,0,67.0,0
ACC-18549,Enterprise,12,12,17364.97,872,831,0.953,18.52,1.3711,0.8213,2,0,0.0001,7,0,45.0,0
ACC-18550,SMB,24,20,2004.66,22,17,0.7727,13.99,0.8357,0.8006,5,0,0.0001,4,0,,0
ACC-18551,Enterprise,24,24,17788.59,284,240,0.8451,33.08,0.7701,0.7987,4,1,2.2499,3,0,,0
ACC-18552,Mid-Market,12,15,3514.44,98,89,0.9082,31.14,0.955,0.6127,3,2,5.9995,7,0,54.0,0
ACC-18553,Mid-Market,12,40,7828.43,38,32,0.8421,11.48,0.8,0.5327,7,0,0.0,3,0,,0
ACC-18554,Mid-Market,12,20,9225.71,49,39,0.7959,13.08,1.0952,0.5022,2,1,4.4995,3,0,22.0,0
ACC-18555,SMB,36,26,2201.95,16,14,0.875,9.99,0.8406,0.6487,5,0,0.0001,8,0,13.0,0
ACC-18556,Enterprise,12,27,38999.39,494,442,0.8947,22.11,0.9676,0.7982,4,1,2.2499,4,0,79.0,0
ACC-18557,Mid-Market,24,6,4933.16,72,59,0.8194,30.58,0.98,0.7785,4,0,0.0001,3,0,,0
ACC-18558,SMB,24,23,1643.54,18,14,0.7778,1.7,1.1435,0.8452,4,0,0.0001,0,0,28.0,0
ACC-18559,SMB,36,24,1374.53,8,6,0.75,27.39,0.6848,0.633,3,1,2.9998,5,0,69.0,0
ACC-18560,Enterprise,24,12,22308.52,238,75,0.3151,10.42,0.8519,0.6707,7,0,0.0,2,0,,0
ACC-18561,SMB,24,11,755.38,22,14,0.6364,19.1,0.7553,0.612,3,1,2.9998,6,0,19.0,0
ACC-18562,SMB,12,6,1932.76,26,13,0.5,19.62,0.9843,0.8645,4,0,0.0001,3,0,40.0,0
ACC-18563,SMB,12,34,2272.17,34,29,0.8529,9.51,1.3007,0.6044,3,0,0.0001,5,0,,0
ACC-18564,Mid-Market,12,10,5356.07,110,86,0.7818,12.11,0.864,0.3844,4,0,0.0001,6,8,62.0,0
ACC-18565,Mid-Market,24,7,9046.44,97,73,0.7526,6.01,1.1694,0.6745,3,0,0.0001,2,0,11.0,0
ACC-18566,SMB,24,14,1426.97,34,23,0.6765,4.27,0.8089,0.5163,3,1,2.9998,3,0,68.0,0
ACC-18567,SMB,24,9,1031.35,25,8,0.32,23.25,1.8255,0.6864,5,0,0.0001,6,0,30.0,0
ACC-18568,Mid-Market,24,7,4724.38,110,80,0.7273,14.65,1.2655,0.4569,2,0,0.0001,3,0,-18.0,0
ACC-18569,Mid-Market,12,52,2069.08,98,66,0.6735,28.47,0.9492,0.798,2,1,4.4995,2,0,-32.0,0
ACC-18570,Mid-Market,12,9,4365.75,119,67,0.563,14.12,0.7435,0.865,4,0,0.0001,3,0,39.0,0
ACC-18571,Mid-Market,12,10,2924.03,129,102,0.7907,9.58,0.9236,0.8323,5,0,0.0001,5,0,19.0,0
ACC-18572,Mid-Market,12,18,5773.33,56,14,0.25,7.62,1.2408,0.4054,6,0,0.0,4,0,8.0,0
ACC-18573,Mid-Market,24,6,7737.17,45,37,0.8222,11.73,0.8352,0.7398,1,1,8.9976,2,0,7.0,0
ACC-18574,SMB,12,16,668.7,14,12,0.8571,17.24,1.0688,0.3755,7,0,0.0,3,0,,0
ACC-18575,Enterprise,24,23,42013.93,116,51,0.4397,23.44,0.643,0.6755,1,0,0.0003,5,0,-14.0,0
ACC-18576,SMB,24,19,1573.25,13,8,0.6154,11.75,1.312,0.6595,3,0,0.0001,4,0,34.0,0
ACC-18577,Enterprise,12,21,28617.42,610,487,0.7984,9.38,1.0809,0.3113,1,0,0.0003,5,0,92.0,0
ACC-18578,Mid-Market,12,15,4120.93,30,17,0.5667,15.72,1.0302,0.283,1,1,8.9976,5,0,,0
ACC-18579,Enterprise,12,13,15037.11,288,191,0.6632,11.51,0.822,0.6022,3,0,0.0001,5,0,38.0,0
ACC-18580,Mid-Market,12,22,2428.48,127,95,0.748,14.83,0.8089,0.9695,1,1,8.9976,1,0,,0
ACC-18581,SMB,24,21,1398.6,17,11,0.6471,7.56,0.6838,0.4711,4,1,2.2499,5,0,,0
ACC-18582,SMB,12,8,802.09,15,14,0.9333,11.47,0.8181,0.41,4,0,0.0001,4,0,57.0,0
ACC-18583,Mid-Market,24,18,9567.94,124,88,0.7097,20.36,0.9113,0.6779,5,0,0.0001,7,0,12.0,0
ACC-18584,Mid-Market,24,16,8936.06,77,69,0.8961,29.98,0.9027,0.8005,8,1,1.125,4,0,,0
ACC-18585,Mid-Market,12,24,4069.63,30,27,0.9,11.78,0.8813,0.7891,3,0,0.0001,6,0,85.0,0
ACC-18586,SMB,24,20,2472.49,34,18,0.5294,10.88,0.805,0.7221,2,0,0.0001,1,0,66.0,0
ACC-18587,SMB,24,1,2005.78,32,22,0.6875,15.2,1.3162,0.6386,1,1,8.9976,6,0,45.0,0
ACC-18588,Mid-Market,24,32,9895.03,106,89,0.8396,9.93,1.0207,0.7127,3,0,0.0001,3,0,41.0,0
ACC-18589,SMB,12,27,1944.58,24,13,0.5417,23.26,0.8028,0.8383,5,1,1.8,5,16,86.0,0
ACC-18590,SMB,12,29,1627.28,32,25,0.7812,17.27,1.2853,0.6096,4,0,0.0001,6,0,,0
ACC-18591,Enterprise,12,24,18706.15,825,559,0.6776,10.91,0.668,0.818,3,0,0.0001,3,0,,0
ACC-18592,Mid-Market,12,29,4401.85,110,73,0.6636,17.92,1.003,0.9226,5,0,0.0001,3,0,45.0,0
ACC-18593,SMB,24,13,2014.03,29,17,0.5862,10.64,0.8841,0.6594,10,0,0.0,1,0,79.0,0
ACC-18594,SMB,24,27,1081.04,5,4,0.8,11.77,0.7754,0.6041,3,0,0.0001,10,0,,0
ACC-18595,Mid-Market,36,16,3917.1,73,52,0.7123,18.16,1.3155,0.6881,3,1,2.9998,3,0,61.0,0
ACC-18596,Mid-Market,12,7,5329.64,61,41,0.6721,10.47,0.7676,0.8519,5,0,0.0001,6,4,53.0,0
ACC-18597,Mid-Market,12,27,2618.14,55,43,0.7818,14.32,1.277,0.6808,2,0,0.0001,2,0,51.0,0
ACC-18598,Mid-Market,24,19,5577.89,71,55,0.7746,3.88,1.1499,0.7097,2,0,0.0001,5,0,48.0,0
ACC-18599,SMB,12,35,1579.16,25,23,0.92,4.7,0.9497,0.682,5,1,1.8,3,0,36.0,0
ACC-18600,Mid-Market,12,18,5509.96,59,38,0.6441,18.08,0.9158,0.6981,4,0,0.0001,3,0,45.0,0
ACC-18601,SMB,12,10,633.91,11,9,0.8182,4.93,0.9579,0.6141,1,0,0.0003,3,0,21.0,0
ACC-18602,SMB,12,12,2024.8,17,14,0.8235,10.72,1.227,0.6397,3,0,0.0001,2,0,65.0,0
ACC-18603,Enterprise,24,15,10059.71,719,567,0.7886,21.9,0.8886,0.789,6,0,0.0,4,0,47.0,0
ACC-18604,Mid-Market,12,19,5380.29,35,23,0.6571,5.16,1.0181,0.8972,6,0,0.0,1,0,57.0,0
ACC-18605,Mid-Market,24,29,8992.33,125,100,0.8,9.41,0.8046,0.7716,6,2,2.9999,5,0,43.0,0
ACC-18606,SMB,24,19,1134.78,15,12,0.8,15.93,1.003,0.4964,4,0,0.0001,5,0,34.0,0
ACC-18607,Mid-Market,12,8,6668.55,101,84,0.8317,14.39,0.9982,0.61,4,0,0.0001,4,0,23.0,0
ACC-18608,Mid-Market,36,20,5915.09,103,50,0.4854,11.79,0.871,0.7858,5,0,0.0001,2,0,,0
ACC-18609,SMB,12,31,455.47,5,4,0.8,14.91,0.7675,0.8976,6,1,1.5,2,0,24.0,0
ACC-18610,Mid-Market,36,18,2623.32,116,56,0.4828,13.58,0.8339,0.522,1,1,8.9976,4,0,-13.0,0
ACC-18611,SMB,12,21,2257.67,9,6,0.6667,3.21,1.4732,0.9121,5,1,1.8,2,0,17.0,0
ACC-18612,SMB,24,16,1388.66,10,9,0.9,2.18,0.7514,0.6119,5,0,0.0001,6,0,5.0,0
ACC-18613,Enterprise,12,16,10906.56,472,380,0.8051,19.45,0.8131,0.7536,3,0,0.0001,2,0,,0
ACC-18614,Mid-Market,24,29,8068.72,113,78,0.6903,15.67,2.1487,0.591,2,0,0.0001,4,0,-16.0,0
ACC-18615,SMB,24,25,1415.53,5,3,0.6,8.56,0.7729,0.7246,4,2,4.4997,5,0,11.0,1
ACC-18616,SMB,12,54,453.73,29,23,0.7931,7.62,0.7195,0.5202,4,2,4.4997,3,0,,1
ACC-18617,Enterprise,36,13,17415.77,476,300,0.6303,2.8,0.6476,0.6491,1,0,0.0003,5,0,1.0,0
ACC-18618,Enterprise,12,11,39037.97,421,354,0.8409,19.24,0.9233,0.887,2,0,0.0001,2,0,-16.0,0
ACC-18619,Enterprise,12,7,43413.93,807,659,0.8166,10.04,0.5945,0.6474,5,2,3.5998,1,0,26.0,1
ACC-18620,SMB,24,15,569.82,27,17,0.6296,5.75,0.9891,0.6116,5,0,0.0001,8,0,32.0,0
ACC-18621,Enterprise,24,16,20419.15,442,267,0.6041,4.6,0.8577,0.2527,1,1,8.9976,5,0,51.0,0
ACC-18622,Mid-Market,12,11,5460.18,57,50,0.8772,2.76,1.2505,0.7355,6,1,1.5,1,0,10.0,0
ACC-18623,SMB,12,22,2437.11,34,30,0.8824,5.28,1.4364,0.5296,6,0,0.0,4,12,,0
ACC-18624,Enterprise,36,26,37971.05,795,630,0.7925,12.17,0.8219,0.8201,4,2,4.4997,0,0,,1
ACC-18625,Mid-Market,24,21,6722.99,66,49,0.7424,25.62,1.2046,0.6839,2,0,0.0001,5,0,43.0,0
ACC-18626,Mid-Market,12,9,7133.25,136,100,0.7353,10.64,1.0855,0.5785,4,0,0.0001,5,4,,0
ACC-18627,SMB,12,11,1911.39,28,12,0.4286,10.78,0.9952,0.7769,5,1,1.8,3,0,30.0,0
ACC-18628,Mid-Market,36,17,6159.22,64,23,0.3594,16.03,0.8901,0.8969,4,2,4.4997,4,0,45.0,0
ACC-18629,SMB,24,30,1073.79,32,24,0.75,7.07,1.0576,0.6522,1,2,17.9949,4,8,50.0,0
ACC-18630,SMB,36,15,585.12,25,13,0.52,30.19,0.978,0.4975,1,1,8.9976,1,0,100.0,0
ACC-18631,Mid-Market,12,4,2540.81,57,55,0.9649,16.37,0.9888,0.6247,3,0,0.0001,2,0,32.0,0
ACC-18632,Enterprise,24,14,12603.7,174,144,0.8276,12.44,0.7361,0.7504,6,0,0.0,3,0,,0
ACC-18633,Mid-Market,24,17,2514.31,84,37,0.4405,16.62,1.088,0.8232,3,1,2.9998,4,0,,0
ACC-18634,Mid-Market,12,37,9723.36,106,89,0.8396,5.39,0.9907,0.7816,1,0,0.0003,5,0,-21.0,0
ACC-18635,SMB,24,4,414.49,30,20,0.6667,2.31,1.4316,0.7967,2,1,4.4995,3,0,78.0,0
ACC-18636,SMB,24,26,2022.25,21,19,0.9048,12.51,0.7312,0.5022,3,2,5.9995,2,0,,1
ACC-18637,Mid-Market,12,7,4896.78,45,12,0.2667,27.83,1.0538,0.6566,4,0,0.0001,1,0,70.0,0
ACC-18638,Mid-Market,24,13,9219.07,50,32,0.64,12.89,1.1227,0.7363,2,0,0.0001,6,16,,0
ACC-18639,Mid-Market,24,21,7440.12,87,39,0.4483,13.07,1.0473,0.3577,4,0,0.0001,3,0,82.0,0
ACC-18640,SMB,24,28,1500.17,20,15,0.75,9.72,1.1662,0.5438,1,2,17.9949,1,0,32.0,1
ACC-18641,Mid-Market,24,11,9113.21,88,74,0.8409,10.02,1.2854,0.7865,4,0,0.0001,3,0,52.0,0
ACC-18642,Mid-Market,12,13,4247.23,138,125,0.9058,15.99,1.6443,0.7818,3,0,0.0001,4,0,21.0,0
ACC-18643,Mid-Market,12,15,2154.76,105,92,0.8762,3.92,0.7184,0.7445,3,1,2.9998,3,0,28.0,0
ACC-18644,Mid-Market,24,11,2257.58,55,42,0.7636,18.1,1.0327,0.7413,1,0,0.0003,2,0,25.0,0
ACC-18645,Mid-Market,12,35,5758.35,118,54,0.4576,6.32,1.0082,0.4,6,0,0.0,5,0,24.0,0
ACC-18646,Mid-Market,12,19,5560.79,120,98,0.8167,26.59,0.8228,0.6909,2,0,0.0001,5,0,67.0,0
ACC-18647,Enterprise,12,25,42810.03,796,575,0.7224,9.19,0.9233,0.5227,5,1,1.8,3,0,,0
ACC-18648,SMB,12,15,2313.55,22,19,0.8636,6.16,1.0416,0.7879,5,0,0.0001,5,8,2.0,0
ACC-18649,Mid-Market,24,4,2582.46,73,65,0.8904,3.26,1.0206,0.4803,4,0,0.0001,3,0,36.0,0
ACC-18650,Enterprise,12,15,41774.4,400,275,0.6875,7.66,0.9107,0.6945,4,1,2.2499,4,0,26.0,0
ACC-18651,Mid-Market,12,29,4279.99,149,70,0.4698,18.27,0.7968,0.2571,1,0,0.0003,4,0,10.0,0
ACC-18652,Mid-Market,36,5,4566.22,127,95,0.748,21.0,1.0922,0.9541,6,0,0.0,5,0,-32.0,0
ACC-18653,Mid-Market,24,17,2726.85,111,73,0.6577,18.94,0.9925,0.5752,3,0,0.0001,6,0,85.0,0
ACC-18654,Mid-Market,24,22,6768.43,130,119,0.9154,16.97,0.7984,0.3802,6,0,0.0,5,0,41.0,0
ACC-18655,Mid-Market,24,14,8017.95,145,110,0.7586,7.75,0.7756,0.5671,2,2,8.9988,7,0,92.0,0
ACC-18656,Mid-Market,24,11,3297.32,69,53,0.7681,25.51,0.9181,0.5019,3,1,2.9998,4,0,74.0,0
ACC-18657,Mid-Market,24,19,5414.8,95,38,0.4,4.43,0.7822,0.7967,4,0,0.0001,0,0,,0
ACC-18658,Enterprise,24,10,41847.47,280,169,0.6036,16.71,1.2214,0.7801,1,1,8.9976,2,0,54.0,0
ACC-18659,SMB,36,6,1900.5,25,19,0.76,18.26,1.0831,0.3607,4,1,2.2499,5,0,28.0,0
ACC-18660,Mid-Market,12,14,4197.77,91,85,0.9341,7.12,0.9369,0.8288,1,0,0.0003,6,0,32.0,0
ACC-18661,Mid-Market,36,40,4212.88,143,119,0.8322,22.85,1.495,0.6431,1,0,0.0003,5,0,49.0,0
ACC-18662,Enterprise,12,22,17356.72,284,164,0.5775,7.77,1.1016,0.6581,4,0,0.0001,4,0,93.0,0
ACC-18663,Mid-Market,12,12,3059.43,144,43,0.2986,28.82,0.9566,0.3504,3,0,0.0001,2,0,72.0,0
ACC-18664,Mid-Market,12,23,9997.74,142,123,0.8662,17.86,0.8259,0.6634,3,1,2.9998,5,0,9.0,0
ACC-18665,Mid-Market,12,31,6203.81,97,68,0.701,11.69,1.0947,0.7581,4,0,0.0001,4,0,13.0,0
ACC-18666,SMB,24,11,988.84,11,8,0.7273,10.29,1.7766,0.7449,8,0,0.0,4,0,33.0,0
ACC-18667,Enterprise,36,23,44034.31,970,785,0.8093,10.11,1.0593,0.9297,4,1,2.2499,9,0,48.0,0
ACC-18668,Mid-Market,36,13,5648.32,82,64,0.7805,29.77,0.8711,0.8295,5,0,0.0001,6,0,-17.0,0
ACC-18669,SMB,36,33,990.72,31,30,0.9677,15.81,2.0448,0.1766,3,2,5.9995,4,0,,1
ACC-18670,SMB,12,12,1118.29,26,23,0.8846,15.38,0.9569,0.5095,4,0,0.0001,5,12,35.0,0
ACC-18671,Enterprise,36,13,38057.33,401,314,0.783,24.57,0.8091,0.7143,1,1,8.9976,3,0,56.0,0
ACC-18672,Mid-Market,12,21,5750.65,125,102,0.816,23.08,0.653,0.5732,5,0,0.0001,4,0,49.0,0
ACC-18673,Mid-Market,24,10,5902.01,60,48,0.8,4.81,1.1724,0.8899,2,1,4.4995,3,0,26.0,0
ACC-18674,Enterprise,12,10,23982.76,577,526,0.9116,16.8,0.9663,0.8348,3,0,0.0001,4,0,45.0,0
ACC-18675,Mid-Market,12,33,8732.65,37,10,0.2703,29.61,1.3085,0.7308,6,0,0.0,5,0,71.0,0
ACC-18676,Enterprise,36,29,26653.96,407,363,0.8919,14.0,0.8239,0.5457,1,0,0.0003,3,0,-42.0,0
ACC-18677,SMB,36,25,781.32,25,22,0.88,16.48,0.6928,0.7147,5,2,3.5998,4,0,28.0,1
ACC-18678,Mid-Market,24,11,7193.36,38,29,0.7632,2.6,0.8549,0.7215,2,0,0.0001,4,0,43.0,0
ACC-18679,Enterprise,24,46,16212.18,616,408,0.6623,6.8,0.8864,0.5728,3,1,2.9998,2,0,,0
ACC-18680,Enterprise,12,17,32029.81,841,525,0.6243,22.92,0.6779,0.6393,4,0,0.0001,4,0,21.0,0
ACC-18681,SMB,24,18,1254.03,18,11,0.6111,19.7,1.0704,0.31,1,0,0.0003,2,0,89.0,0
ACC-18682,Enterprise,24,38,33464.44,723,565,0.7815,17.61,0.7675,0.7956,3,0,0.0001,3,0,14.0,0
ACC-18683,Mid-Market,12,16,2326.4,102,85,0.8333,16.18,1.0144,0.52,3,0,0.0001,3,4,49.0,0
ACC-18684,Mid-Market,12,11,9226.98,60,30,0.5,25.54,0.6609,0.3503,3,0,0.0001,5,0,48.0,0
ACC-18685,Mid-Market,12,24,8484.84,36,31,0.8611,9.07,1.1341,0.8675,5,1,1.8,6,0,,0
ACC-18686,Mid-Market,24,19,5561.03,121,84,0.6942,5.86,0.6384,0.9173,3,1,2.9998,8,0,47.0,0
ACC-18687,Enterprise,12,26,14787.76,754,572,0.7586,13.5,0.8095,0.7239,4,0,0.0001,2,4,16.0,0
ACC-18688,Mid-Market,12,35,3524.74,141,133,0.9433,32.75,0.8582,0.4638,0,1,30001.0,7,0,,0
ACC-18689,Enterprise,12,36,18780.06,491,384,0.7821,9.85,1.2906,0.2834,2,0,0.0001,7,0,-13.0,0
ACC-18690,Mid-Market,24,12,2158.55,131,99,0.7557,29.73,1.1944,0.5245,4,1,2.2499,6,8,,0
ACC-18691,SMB,24,14,405.53,5,3,0.6,21.12,0.7753,0.6756,1,0,0.0003,2,0,,0
ACC-18692,Mid-Market,24,4,9053.22,48,37,0.7708,17.44,0.8164,0.6548,0,1,30001.0,3,0,17.0,0
ACC-18693,Enterprise,12,11,36062.1,291,252,0.866,15.99,1.0127,0.4936,3,0,0.0001,3,0,-9.0,0
ACC-18694,Mid-Market,12,16,7152.79,105,58,0.5524,11.17,1.1114,0.5584,3,0,0.0001,2,0,9.0,0
ACC-18695,Mid-Market,12,33,5502.55,136,101,0.7426,4.44,1.3593,0.9159,1,0,0.0003,4,0,26.0,0
ACC-18696,SMB,24,16,1297.82,23,17,0.7391,10.15,1.1977,0.805,6,1,1.5,6,0,,0
ACC-18697,Mid-Market,12,28,5430.89,87,66,0.7586,7.64,0.8292,0.616,4,0,0.0001,1,0,20.0,0
ACC-18698,Mid-Market,12,12,8624.29,119,92,0.7731,16.77,0.6798,0.9706,4,0,0.0001,5,0,23.0,0
ACC-18699,Mid-Market,24,8,3532.53,64,45,0.7031,11.05,0.944,0.5969,7,0,0.0,9,0,,0
ACC-18700,SMB,12,17,1836.0,32,19,0.5938,13.56,1.5299,0.5907,2,0,0.0001,7,0,84.0,0
ACC-18701,SMB,24,20,791.21,9,7,0.7778,5.96,0.8566,0.6528,2,0,0.0001,8,0,65.0,0
ACC-18702,Mid-Market,12,11,6032.25,107,79,0.7383,16.16,0.8423,0.8864,0,0,1.0,2,0,-30.0,0
ACC-18703,Mid-Market,24,8,5854.95,54,42,0.7778,11.33,0.7675,0.6558,3,0,0.0001,4,0,,0
ACC-18704,Mid-Market,12,12,8966.13,46,31,0.6739,6.2,1.3176,0.7373,1,0,0.0003,6,0,49.0,0
ACC-18705,Mid-Market,12,24,6167.62,113,79,0.6991,13.18,0.9338,0.7583,2,0,0.0001,3,0,79.0,0
ACC-18706,SMB,12,17,685.23,13,9,0.6923,23.21,1.227,0.5171,2,0,0.0001,4,0,59.0,0
ACC-18707,Mid-Market,24,9,2390.64,34,24,0.7059,8.99,0.8518,0.6431,1,0,0.0003,4,0,,0
ACC-18708,Enterprise,36,10,8091.29,854,712,0.8337,26.63,1.5256,0.9341,3,0,0.0001,4,0,,0
ACC-18709,SMB,12,25,1104.85,8,5,0.625,7.49,1.1447,0.6764,5,0,0.0001,2,0,78.0,0
ACC-18710,SMB,24,15,1433.09,31,22,0.7097,14.85,0.738,0.7477,2,0,0.0001,6,0,100.0,0
ACC-18711,Mid-Market,24,6,7433.52,63,55,0.873,10.24,0.7399,0.799,3,0,0.0001,4,0,13.0,0
ACC-18712,SMB,36,31,561.77,18,15,0.8333,7.44,0.8017,0.4889,4,1,2.2499,4,0,,0
ACC-18713,Mid-Market,24,7,2253.45,116,77,0.6638,22.8,0.8144,0.6102,1,1,8.9976,3,0,,0
ACC-18714,SMB,12,29,988.78,14,11,0.7857,12.76,0.8262,0.7706,5,1,1.8,3,4,72.0,0
ACC-18715,SMB,24,12,1757.51,20,16,0.8,19.86,1.354,0.3793,3,0,0.0001,2,0,24.0,0
ACC-18716,Mid-Market,12,9,3619.32,72,40,0.5556,9.69,0.8757,0.5065,6,0,0.0,6,0,59.0,0
ACC-18717,SMB,12,18,1234.63,19,13,0.6842,8.44,1.4578,0.5924,3,1,2.9998,5,0,41.0,0
ACC-18718,SMB,12,14,1519.37,23,20,0.8696,1.8,0.7057,0.7521,2,0,0.0001,2,0,26.0,0
ACC-18719,Mid-Market,36,12,4432.4,99,75,0.7576,15.32,0.979,0.6695,3,0,0.0001,3,0,44.0,0
ACC-18720,Mid-Market,36,19,7877.65,133,93,0.6992,12.81,0.9897,0.6704,5,0,0.0001,5,0,38.0,0
ACC-18721,SMB,24,7,2323.33,5,3,0.6,5.78,0.9664,0.4325,4,1,2.2499,2,0,,0
ACC-18722,Mid-Market,36,18,2299.15,143,74,0.5175,14.24,0.7633,0.4506,1,0,0.0003,8,0,87.0,0
ACC-18723,Mid-Market,24,18,8172.87,109,77,0.7064,36.53,1.0517,0.8078,3,1,2.9998,3,0,67.0,0
ACC-18724,SMB,12,12,726.44,7,5,0.7143,16.53,0.7263,0.5641,4,2,4.4997,2,4,,1
ACC-18725,SMB,12,2,1261.7,33,33,1.0,14.14,1.0034,0.6936,4,2,4.4997,4,0,54.0,1
ACC-18726,Mid-Market,12,15,5147.5,111,76,0.6847,20.72,1.1888,0.8202,1,0,0.0003,5,0,29.0,0
ACC-18727,Mid-Market,12,15,3000.76,130,88,0.6769,2.51,1.1815,0.5758,2,0,0.0001,7,0,,0
ACC-18728,Mid-Market,12,14,3027.07,122,105,0.8607,8.93,0.7839,0.73,4,0,0.0001,4,0,-44.0,0
ACC-18729,Mid-Market,12,5,5975.86,106,74,0.6981,7.59,1.2075,0.7004,8,0,0.0,6,0,22.0,0
ACC-18730,Enterprise,24,18,30813.89,790,568,0.719,14.7,0.6669,0.5957,2,1,4.4995,8,0,41.0,0
ACC-18731,SMB,24,27,2304.96,13,8,0.6154,10.31,0.8715,0.7618,3,0,0.0001,6,0,-12.0,0
ACC-18732,Mid-Market,24,14,2352.34,110,84,0.7636,17.06,1.2138,0.6871,2,0,0.0001,3,0,,0
ACC-18733,Mid-Market,36,7,7650.25,63,57,0.9048,11.7,1.9189,0.5525,4,0,0.0001,2,0,,0
ACC-18734,Mid-Market,12,21,8489.12,56,39,0.6964,30.54,1.0944,0.5553,9,1,1.0,3,0,,0
ACC-18735,SMB,24,35,1103.49,10,9,0.9,24.98,5.0117,0.5506,2,1,4.4995,3,0,,0
ACC-18736,Mid-Market,12,9,8422.81,83,44,0.5301,20.59,0.7683,0.3762,3,0,0.0001,4,0,35.0,0
ACC-18737,Enterprise,12,10,31469.28,775,643,0.8297,17.65,1.316,0.8597,2,1,4.4995,3,0,,0
ACC-18738,Enterprise,36,31,18056.1,995,808,0.8121,4.24,0.6267,0.5306,6,1,1.5,6,0,-16.0,0
ACC-18739,Mid-Market,12,15,6662.54,61,46,0.7541,14.81,0.8222,0.503,2,1,4.4995,4,0,,0
ACC-18740,Mid-Market,12,5,2757.91,94,86,0.9149,17.94,0.6857,0.4777,5,0,0.0001,9,0,28.0,0
ACC-18741,Mid-Market,12,41,3352.58,42,33,0.7857,28.83,1.4414,0.7602,5,0,0.0001,5,0,21.0,0
ACC-18742,Mid-Market,24,3,5570.4,59,35,0.5932,31.95,1.1244,0.6999,3,0,0.0001,2,0,36.0,0
ACC-18743,Enterprise,36,4,24282.4,991,677,0.6831,7.37,1.0408,0.5754,6,0,0.0,7,0,18.0,0
ACC-18744,Mid-Market,12,8,2576.24,116,68,0.5862,27.0,0.7891,0.8001,3,0,0.0001,2,0,51.0,0
ACC-18745,Mid-Market,24,24,3230.25,149,105,0.7047,19.23,0.8198,0.6846,4,0,0.0001,3,0,23.0,0
ACC-18746,Enterprise,12,25,38898.2,298,265,0.8893,6.32,1.4093,0.9355,3,0,0.0001,7,0,27.0,0
ACC-18747,Enterprise,12,7,25357.45,519,473,0.9114,11.23,0.7422,0.9348,2,0,0.0001,2,0,73.0,0
ACC-18748,Enterprise,12,10,37964.17,705,463,0.6567,8.44,1.599,0.4413,3,0,0.0001,3,0,,0
ACC-18749,Enterprise,24,19,28322.99,502,459,0.9143,10.29,0.8026,0.8233,8,0,0.0,6,0,,0
ACC-18750,Mid-Market,12,35,8918.44,142,74,0.5211,7.11,0.8711,0.8794,7,0,0.0,4,0,30.0,0
ACC-18751,Enterprise,24,3,38750.46,129,92,0.7132,17.08,1.0957,0.6353,5,0,0.0001,4,0,73.0,0
ACC-18752,Mid-Market,12,5,4381.71,136,92,0.6765,15.43,0.792,0.2877,2,0,0.0001,4,0,47.0,0
ACC-18753,Enterprise,12,12,11099.38,622,495,0.7958,17.67,0.7754,0.4466,2,0,0.0001,2,0,,0
ACC-18754,SMB,24,6,2151.38,23,15,0.6522,13.96,0.727,0.809,3,1,2.9998,4,0,34.0,0
ACC-18755,SMB,12,30,1780.28,7,5,0.7143,14.24,0.9582,0.9787,3,1,2.9998,5,0,17.0,0
ACC-18756,Mid-Market,12,16,5591.47,102,67,0.6569,5.35,1.1186,0.661,5,1,1.8,4,4,,0
ACC-18757,Mid-Market,12,29,3480.49,80,75,0.9375,13.69,0.9024,0.6408,2,0,0.0001,5,0,16.0,0
ACC-18758,Mid-Market,24,20,4534.96,133,75,0.5639,21.18,1.9552,0.6025,2,1,4.4995,6,0,27.0,0
ACC-18759,Mid-Market,24,24,5211.24,125,90,0.72,22.59,2.1249,0.687,4,0,0.0001,4,0,,0
ACC-18760,Enterprise,12,11,25755.84,975,569,0.5836,19.09,0.6888,0.7099,4,0,0.0001,6,8,61.0,0
ACC-18761,SMB,12,4,1374.03,22,19,0.8636,14.11,0.8389,0.6478,3,2,5.9995,5,0,57.0,1
ACC-18762,Mid-Market,12,14,6469.49,98,68,0.6939,16.83,0.7895,0.6612,5,1,1.8,6,0,29.0,0
ACC-18763,SMB,12,27,2397.34,24,14,0.5833,21.19,0.7237,0.905,3,1,2.9998,3,0,,0
ACC-18764,Enterprise,24,41,40123.36,150,119,0.7933,9.79,0.8758,0.818,2,0,0.0001,4,0,42.0,0
ACC-18765,SMB,24,14,1557.12,21,16,0.7619,17.39,1.6603,0.7821,4,1,2.2499,3,0,69.0,0
ACC-18766,SMB,24,24,1322.53,13,10,0.7692,11.07,1.1652,0.6908,3,1,2.9998,6,0,38.0,0
ACC-18767,Enterprise,12,11,36624.63,468,430,0.9188,8.54,0.5664,0.6466,3,0,0.0001,3,0,,0
ACC-18768,Mid-Market,24,13,6087.07,148,111,0.75,15.36,0.7585,0.5538,4,0,0.0001,3,0,,0
ACC-18769,Enterprise,24,15,10461.58,622,505,0.8119,34.77,1.4597,0.2639,3,0,0.0001,2,0,20.0,0
ACC-18770,Mid-Market,24,36,4421.45,61,55,0.9016,10.05,1.2158,0.8558,3,0,0.0001,4,4,,0
ACC-18771,Mid-Market,24,24,3620.56,87,73,0.8391,9.23,0.8862,0.7031,3,0,0.0001,5,0,70.0,0
ACC-18772,Mid-Market,24,22,9299.66,67,52,0.7761,13.08,1.0193,0.7443,3,0,0.0001,3,0,43.0,0
ACC-18773,Mid-Market,24,35,9382.51,106,80,0.7547,13.78,0.8015,0.4921,4,0,0.0001,6,0,,0
ACC-18774,SMB,12,10,497.49,31,20,0.6452,25.66,0.8156,0.8929,3,0,0.0001,2,0,25.0,0
ACC-18775,Enterprise,24,14,17551.72,114,98,0.8596,17.46,1.1935,0.8628,5,0,0.0001,5,0,30.0,0
ACC-18776,SMB,12,22,481.85,7,5,0.7143,10.16,1.2697,0.3281,4,1,2.2499,5,0,,1
ACC-18777,Mid-Market,24,11,4508.86,44,27,0.6136,10.32,0.7728,0.5889,3,1,2.9998,4,4,59.0,0
ACC-18778,SMB,24,13,1919.24,32,23,0.7188,10.65,0.8804,0.9462,0,0,1.0,9,8,,0
ACC-18779,Mid-Market,24,19,6883.84,82,39,0.4756,23.04,0.8864,0.5772,6,0,0.0,1,0,43.0,0
ACC-18780,Enterprise,12,16,15851.59,892,776,0.87,16.96,0.5866,0.4599,8,1,1.125,7,0,40.0,0
ACC-18781,SMB,12,8,1978.7,23,18,0.7826,12.35,0.673,0.8298,4,0,0.0001,3,0,21.0,0
ACC-18782,Mid-Market,12,10,3950.74,57,48,0.8421,10.34,0.7312,0.773,4,0,0.0001,2,0,,0
ACC-18783,SMB,24,8,1370.68,25,18,0.72,24.69,0.9098,0.6002,7,0,0.0,3,0,90.0,0
ACC-18784,Mid-Market,24,24,7117.02,62,51,0.8226,7.34,1.0194,0.5281,1,0,0.0003,8,4,3.0,0
ACC-18785,Mid-Market,24,10,7016.28,80,52,0.65,13.09,1.2253,0.8232,3,0,0.0001,5,0,47.0,0
ACC-18786,Mid-Market,12,22,2147.55,122,92,0.7541,15.15,0.8117,0.6703,3,1,2.9998,4,0,1.0,0
ACC-18787,SMB,36,18,1405.2,31,12,0.3871,7.47,1.1451,0.5353,6,1,1.5,3,0,,0
ACC-18788,Enterprise,36,16,15650.7,913,442,0.4841,10.42,1.0255,0.7863,2,1,4.4995,2,0,62.0,0
ACC-18789,SMB,12,7,2477.7,30,27,0.9,6.01,0.6008,0.5871,1,0,0.0003,5,0,-1.0,0
ACC-18790,SMB,24,18,1787.74,20,15,0.75,19.18,0.7375,0.6952,0,0,1.0,5,0,,0
ACC-18791,Enterprise,24,21,36973.64,822,710,0.8637,6.2,0.9988,0.7517,3,0,0.0001,2,0,,0
ACC-18792,Enterprise,24,24,22019.58,821,472,0.5749,14.38,1.0505,0.8303,6,1,1.5,9,0,54.0,0
ACC-18793,SMB,36,8,464.78,13,10,0.7692,5.38,1.3599,0.4984,5,0,0.0001,3,0,39.0,0
ACC-18794,Mid-Market,12,14,8124.57,49,29,0.5918,22.36,1.3437,0.4212,5,0,0.0001,7,0,-17.0,0
ACC-18795,Mid-Market,24,28,7954.0,131,87,0.6641,17.59,0.8796,0.3544,2,0,0.0001,1,4,31.0,0
ACC-18796,Enterprise,24,26,30029.3,422,269,0.6374,16.65,0.66,0.6647,3,0,0.0001,1,0,38.0,0
ACC-18797,Mid-Market,24,15,7791.04,85,60,0.7059,8.03,1.1379,0.5441,2,1,4.4995,5,0,29.0,0
ACC-18798,Enterprise,24,7,20962.89,491,396,0.8065,6.23,1.2248,0.8138,4,0,0.0001,2,0,62.0,0
ACC-18799,Mid-Market,36,25,4789.54,30,21,0.7,10.61,0.9856,0.7337,5,0,0.0001,5,0,52.0,0
ACC-18800,SMB,12,16,1930.54,20,16,0.8,13.72,1.3018,0.6102,5,1,1.8,3,0,8.0,0
ACC-18801,Mid-Market,24,9,9776.63,136,120,0.8824,9.56,0.8857,0.597,4,0,0.0001,3,0,93.0,0
ACC-18802,Mid-Market,12,14,8617.81,48,26,0.5417,22.59,1.0321,0.6548,3,1,2.9998,3,0,45.0,0
ACC-18803,SMB,12,7,1205.78,14,10,0.7143,5.9,0.9849,0.6577,6,1,1.5,4,0,13.0,0
ACC-18804,SMB,12,25,506.05,33,25,0.7576,10.63,2.7845,0.8984,5,0,0.0001,4,0,51.0,0
ACC-18805,SMB,24,5,2191.09,17,9,0.5294,28.63,0.9616,0.6692,6,0,0.0,4,0,69.0,0
ACC-18806,Mid-Market,36,29,9260.86,110,88,0.8,10.8,0.8206,0.5611,5,1,1.8,3,0,54.0,0
ACC-18807,SMB,12,19,1525.08,15,10,0.6667,10.55,0.8341,0.8065,3,0,0.0001,3,0,22.0,0
ACC-18808,Enterprise,12,7,26894.74,867,619,0.714,3.79,0.782,0.7471,2,0,0.0001,3,0,83.0,0
ACC-18809,Enterprise,24,14,42495.45,865,759,0.8775,29.19,1.4439,0.8734,3,0,0.0001,4,0,2.0,0
ACC-18810,Mid-Market,24,13,6579.47,124,89,0.7177,12.38,0.9627,0.8273,3,1,2.9998,5,0,47.0,0
ACC-18811,Mid-Market,36,9,3862.45,109,74,0.6789,6.51,0.8212,0.6761,3,2,5.9995,3,0,34.0,0
ACC-18812,SMB,12,18,2442.7,26,23,0.8846,9.78,2.5541,0.7342,4,0,0.0001,7,0,28.0,0
ACC-18813,Mid-Market,12,36,9985.89,52,40,0.7692,13.37,0.9189,0.9542,5,1,1.8,3,0,80.0,0
ACC-18814,SMB,12,10,1664.84,10,6,0.6,18.66,1.2641,0.7199,4,0,0.0001,2,4,16.0,0
ACC-18815,SMB,12,17,426.04,33,28,0.8485,11.87,1.2361,0.6634,3,0,0.0001,1,0,29.0,0
ACC-18816,Mid-Market,12,16,6023.53,35,26,0.7429,8.65,1.1729,0.5529,1,2,17.9949,3,0,-9.0,1
ACC-18817,Mid-Market,12,18,5011.01,48,36,0.75,7.0,1.5411,0.7309,3,2,5.9995,0,4,,1
ACC-18818,Mid-Market,12,3,8483.32,124,48,0.3871,9.0,1.1551,0.4319,3,0,0.0001,3,0,48.0,0
ACC-18819,Mid-Market,12,30,2599.79,41,32,0.7805,12.03,0.9642,0.4673,5,1,1.8,6,0,-20.0,0
ACC-18820,Enterprise,36,52,24071.1,806,694,0.861,8.61,1.052,0.5133,3,0,0.0001,8,4,28.0,0
ACC-18821,SMB,12,16,1378.53,17,12,0.7059,13.66,0.8983,0.4094,4,0,0.0001,4,0,,0
ACC-18822,Enterprise,12,24,11593.11,816,747,0.9154,20.48,0.6805,0.4066,4,1,2.2499,2,0,,0
ACC-18823,Enterprise,24,20,37089.44,339,135,0.3982,13.49,0.7366,0.724,4,2,4.4997,4,0,21.0,0
ACC-18824,SMB,24,8,1885.79,11,9,0.8182,5.31,0.9822,0.6913,4,0,0.0001,3,0,100.0,0
ACC-18825,Mid-Market,24,15,6379.69,124,80,0.6452,10.91,1.0493,0.704,5,0,0.0001,5,0,-22.0,0
ACC-18826,SMB,24,11,488.18,10,5,0.5,8.55,1.1888,0.7698,4,0,0.0001,4,0,,0
ACC-18827,Mid-Market,24,14,5931.97,127,119,0.937,10.69,0.7595,0.8962,4,0,0.0001,4,0,19.0,0
ACC-18828,Mid-Market,24,17,4309.53,143,104,0.7273,9.31,0.9088,0.8529,2,0,0.0001,5,0,74.0,0
ACC-18829,Mid-Market,24,17,2708.6,138,64,0.4638,20.17,0.7971,0.8683,3,1,2.9998,4,0,,0
ACC-18830,Mid-Market,24,10,7700.83,96,84,0.875,13.7,0.9582,0.7516,2,1,4.4995,3,0,-28.0,0
ACC-18831,Mid-Market,12,17,2126.14,62,57,0.9194,4.81,1.3427,0.7147,2,0,0.0001,7,0,,0
ACC-18832,SMB,12,15,647.15,20,17,0.85,10.5,1.4056,0.5823,2,0,0.0001,1,0,,0
ACC-18833,Mid-Market,24,29,9210.46,118,76,0.6441,4.44,1.1505,0.4283,5,0,0.0001,4,20,,0
ACC-18834,SMB,12,23,1902.79,10,9,0.9,10.41,0.9721,0.8512,2,2,8.9988,4,0,,1
ACC-18835,Enterprise,36,26,35725.65,776,616,0.7938,14.07,0.8114,0.7942,4,0,0.0001,3,0,14.0,0
ACC-18836,Mid-Market,12,27,6567.6,149,87,0.5839,12.98,0.9476,0.5817,2,0,0.0001,4,0,,0
ACC-18837,Mid-Market,12,9,6124.32,114,78,0.6842,13.98,0.9951,0.6336,3,1,2.9998,7,0,-30.0,0
ACC-18838,SMB,36,23,525.55,21,17,0.8095,8.58,0.7339,0.7407,8,1,1.125,4,0,13.0,0
ACC-18839,Enterprise,12,9,26171.97,101,69,0.6832,8.27,1.2047,0.7854,7,1,1.2857,5,0,-7.0,0
ACC-18840,Mid-Market,36,33,5696.98,112,100,0.8929,14.2,0.8658,0.635,6,0,0.0,6,0,57.0,0
ACC-18841,SMB,36,23,814.26,18,17,0.9444,5.67,1.1206,0.6715,1,0,0.0003,3,0,94.0,0
ACC-18842,Mid-Market,24,8,3690.77,127,119,0.937,16.18,1.9381,0.6651,2,2,8.9988,2,0,25.0,0
ACC-18843,SMB,24,18,2428.11,16,12,0.75,23.47,1.0165,0.9,2,1,4.4995,2,0,61.0,0
ACC-18844,Enterprise,24,10,19784.19,290,247,0.8517,11.67,1.0625,0.2527,5,0,0.0001,5,0,,0
ACC-18845,SMB,24,12,862.2,8,6,0.75,3.39,0.9895,0.7113,4,0,0.0001,4,0,,0
ACC-18846,SMB,24,19,1805.36,30,16,0.5333,24.99,0.9182,0.819,1,1,8.9976,5,0,35.0,0
ACC-18847,SMB,24,11,1018.81,18,8,0.4444,36.11,0.7329,0.3379,5,1,1.8,5,0,,0
ACC-18848,Mid-Market,36,14,5855.65,58,48,0.8276,7.96,0.9589,0.4931,8,1,1.125,5,0,36.0,0
ACC-18849,Enterprise,24,27,9520.58,137,116,0.8467,26.01,0.8111,0.5257,1,0,0.0003,2,0,,0
ACC-18850,SMB,36,15,428.07,6,5,0.8333,4.18,0.7739,0.6764,5,0,0.0001,2,0,-5.0,0
ACC-18851,Mid-Market,12,9,2426.43,46,39,0.8478,8.24,1.1753,0.6011,1,0,0.0003,5,0,55.0,0
ACC-18852,Enterprise,12,5,24756.39,581,332,0.5714,11.91,0.789,0.787,3,0,0.0001,8,0,95.0,0
ACC-18853,SMB,12,23,1766.6,24,14,0.5833,5.87,0.8358,0.6726,6,0,0.0,1,0,9.0,0
ACC-18854,Mid-Market,12,23,5211.4,33,22,0.6667,18.07,1.2828,0.3457,4,0,0.0001,2,0,25.0,0
ACC-18855,Enterprise,24,18,27175.13,148,89,0.6014,13.92,1.5006,0.6839,3,0,0.0001,5,0,43.0,0
ACC-18856,Mid-Market,12,49,9548.32,55,48,0.8727,5.9,0.8746,0.3125,3,1,2.9998,2,0,,0
ACC-18857,Enterprise,36,13,20539.54,639,559,0.8748,16.36,1.0084,0.7347,3,1,2.9998,6,12,7.0,0
ACC-18858,Mid-Market,12,29,8010.2,66,56,0.8485,13.9,0.7702,0.7221,0,0,1.0,8,0,-13.0,0
ACC-18859,Mid-Market,12,11,8441.06,80,64,0.8,14.56,0.9646,0.4061,4,0,0.0001,0,0,-17.0,0
ACC-18860,Mid-Market,12,24,3762.59,109,59,0.5413,9.66,5.1291,0.6728,2,1,4.4995,3,0,70.0,0
ACC-18861,SMB,24,8,619.52,7,4,0.5714,19.13,0.8691,0.6427,4,0,0.0001,6,0,42.0,0
ACC-18862,SMB,12,24,2145.82,16,12,0.75,12.46,0.9941,0.4307,3,0,0.0001,1,0,31.0,0
ACC-18863,Mid-Market,12,14,2467.51,120,106,0.8833,8.18,1.902,0.4268,2,0,0.0001,3,0,10.0,0
ACC-18864,Enterprise,24,21,43848.76,849,807,0.9505,22.17,0.8468,0.8373,3,0,0.0001,7,0,58.0,0
ACC-18865,SMB,12,18,2190.91,16,10,0.625,2.66,1.5874,0.7104,4,0,0.0001,12,0,39.0,0
ACC-18866,Mid-Market,12,23,2916.14,127,41,0.3228,10.17,0.8753,0.6614,5,0,0.0001,1,0,,0
ACC-18867,Mid-Market,24,4,5175.27,87,64,0.7356,15.7,1.0535,0.5259,4,0,0.0001,5,0,,0
ACC-18868,Mid-Market,12,15,4164.8,65,48,0.7385,10.1,0.9572,0.5429,4,0,0.0001,5,0,,0
ACC-18869,Mid-Market,12,28,4776.62,78,74,0.9487,14.78,1.3923,0.7513,1,0,0.0003,5,4,41.0,0
ACC-18870,SMB,12,30,2289.93,32,15,0.4688,11.18,0.8518,0.6809,3,0,0.0001,3,0,77.0,0
ACC-18871,Enterprise,12,21,15710.16,545,488,0.8954,21.2,1.0363,0.8511,9,1,1.0,9,0,25.0,0
ACC-18872,SMB,24,29,2150.4,15,8,0.5333,18.27,0.8371,0.5629,3,1,2.9998,3,0,,0
ACC-18873,Enterprise,12,14,8277.52,742,667,0.8989,11.9,1.0498,0.6781,2,0,0.0001,6,0,24.0,0
ACC-18874,SMB,24,1,1313.41,15,12,0.8,9.42,0.6052,0.7923,5,1,1.8,5,0,42.0,0
ACC-18875,Enterprise,36,11,42924.74,805,438,0.5441,37.0,0.7872,0.8821,1,1,8.9976,4,0,,0
ACC-18876,Enterprise,12,17,24012.47,144,116,0.8056,19.26,0.9911,0.745,4,0,0.0001,4,0,,0
ACC-18877,Mid-Market,36,18,7972.25,130,79,0.6077,18.51,0.9993,0.7885,1,1,8.9976,2,0,48.0,0
ACC-18878,Mid-Market,12,20,7204.81,90,78,0.8667,31.01,1.3384,0.4297,5,1,1.8,2,0,82.0,0
ACC-18879,Mid-Market,12,16,3830.8,55,43,0.7818,18.63,0.8601,0.7778,4,1,2.2499,3,0,,0
ACC-18880,Mid-Market,12,16,7539.3,48,46,0.9583,20.11,0.9028,0.5662,4,1,2.2499,3,0,0.0,0
ACC-18881,Mid-Market,12,25,8124.41,136,118,0.8676,15.73,0.9209,0.8337,3,1,2.9998,2,0,20.0,0
ACC-18882,Enterprise,24,9,16845.03,567,526,0.9277,15.05,0.7426,0.3751,3,0,0.0001,1,0,2.0,0
ACC-18883,Mid-Market,12,18,4515.27,41,37,0.9024,13.87,0.9293,0.7202,1,0,0.0003,5,0,44.0,0
ACC-18884,SMB,24,21,844.5,30,28,0.9333,12.55,0.9914,0.6016,7,0,0.0,1,0,21.0,0
ACC-18885,SMB,24,11,2180.58,12,9,0.75,10.57,0.7136,0.777,3,0,0.0001,1,0,,0
ACC-18886,SMB,12,14,1226.56,29,19,0.6552,9.36,0.8653,0.6148,4,0,0.0001,2,0,40.0,0
ACC-18887,SMB,24,36,2364.82,17,11,0.6471,20.61,0.9765,0.8725,5,0,0.0001,3,0,,0
ACC-18888,Mid-Market,36,18,5123.17,52,36,0.6923,9.97,0.8065,0.5756,5,0,0.0001,0,0,,0
ACC-18889,Enterprise,12,57,13274.68,368,309,0.8397,10.59,0.8318,0.6302,4,1,2.2499,3,0,31.0,0
ACC-18890,Mid-Market,12,17,6984.61,73,36,0.4932,7.88,1.0387,0.8793,5,1,1.8,3,0,55.0,0
ACC-18891,SMB,12,25,1930.94,7,5,0.7143,8.54,0.9958,0.6721,3,1,2.9998,2,0,-13.0,1
ACC-18892,SMB,12,6,1865.34,7,4,0.5714,11.09,0.8118,0.5624,3,0,0.0001,3,0,80.0,0
ACC-18893,Mid-Market,12,4,5820.27,116,84,0.7241,19.73,1.0538,0.8003,4,0,0.0001,6,0,,0
ACC-18894,Enterprise,12,9,28400.03,809,429,0.5303,17.36,0.8683,0.6397,3,1,2.9998,5,0,45.0,0
ACC-18895,Enterprise,24,27,24377.34,242,162,0.6694,32.28,0.8667,0.5314,2,0,0.0001,5,0,,0
ACC-18896,Mid-Market,24,14,5086.15,98,82,0.8367,18.2,1.6616,0.5431,3,0,0.0001,3,0,,0
ACC-18897,Mid-Market,24,6,6949.5,31,23,0.7419,31.27,1.0021,0.4693,2,0,0.0001,7,0,28.0,0
ACC-18898,Enterprise,12,17,23130.65,353,165,0.4674,24.59,0.6805,0.6258,3,1,2.9998,6,0,34.0,0
ACC-18899,SMB,12,26,1556.15,28,15,0.5357,15.55,1.1928,0.6984,7,1,1.2857,5,0,,0
ACC-18900,Mid-Market,12,9,8496.01,54,51,0.9444,3.82,1.0041,0.5877,1,0,0.0003,1,0,,0
ACC-18901,SMB,12,27,465.58,34,26,0.7647,16.75,0.8181,0.7671,6,1,1.5,5,0,50.0,0
ACC-18902,SMB,36,7,648.88,8,8,1.0,17.32,0.8178,0.7616,4,0,0.0001,5,0,29.0,0
ACC-18903,SMB,12,25,1618.3,13,9,0.6923,29.58,0.7016,0.7039,1,1,8.9976,4,0,24.0,0
ACC-18904,Mid-Market,12,29,7396.72,127,83,0.6535,9.44,0.9582,0.6588,6,1,1.5,4,0,82.0,0
ACC-18905,Mid-Market,12,11,5634.8,51,29,0.5686,16.04,1.1289,0.6166,5,1,1.8,3,16,-1.0,0
ACC-18906,Mid-Market,24,32,8405.48,57,44,0.7719,20.29,0.9167,0.5429,3,0,0.0001,5,0,22.0,0
ACC-18907,Mid-Market,24,35,3888.5,113,94,0.8319,12.86,0.9231,0.7083,5,0,0.0001,3,0,34.0,0
ACC-18908,Mid-Market,12,20,9936.43,31,26,0.8387,5.6,0.6582,0.682,3,0,0.0001,5,0,,0
ACC-18909,SMB,12,11,1662.25,6,5,0.8333,12.99,1.622,0.552,3,0,0.0001,4,4,22.0,0
ACC-18910,SMB,12,58,605.88,32,29,0.9062,14.13,0.9747,0.6626,1,0,0.0003,10,0,83.0,0
ACC-18911,SMB,24,10,1189.37,24,17,0.7083,16.66,0.7534,0.6085,7,0,0.0,4,0,79.0,0
ACC-18912,SMB,36,38,2333.64,13,11,0.8462,6.58,0.7569,0.5383,5,0,0.0001,2,0,,0
ACC-18913,Mid-Market,24,45,5048.35,118,47,0.3983,17.05,0.8854,0.7335,1,1,8.9976,3,0,-19.0,0
ACC-18914,Enterprise,24,21,41206.19,555,449,0.809,4.88,0.988,0.3398,2,0,0.0001,4,0,25.0,0
ACC-18915,Mid-Market,12,8,8367.91,67,56,0.8358,31.47,1.1622,0.5428,2,0,0.0001,2,0,26.0,0
ACC-18916,Mid-Market,12,20,7000.11,132,99,0.75,15.69,0.7926,0.8153,4,0,0.0001,4,0,31.0,0
ACC-18917,SMB,24,49,1060.43,15,10,0.6667,15.11,0.9499,0.7425,5,0,0.0001,2,0,32.0,0
ACC-18918,Mid-Market,12,11,7568.93,107,91,0.8505,13.07,1.056,0.6648,2,0,0.0001,5,0,35.0,0
ACC-18919,Mid-Market,36,16,6394.1,131,113,0.8626,7.23,0.6786,0.9363,7,0,0.0,3,0,34.0,0
ACC-18920,Mid-Market,12,4,2527.15,41,35,0.8537,12.48,0.9885,0.658,5,0,0.0001,7,0,1.0,0
ACC-18921,Enterprise,12,16,28954.54,128,82,0.6406,9.81,0.8153,0.676,4,0,0.0001,4,0,25.0,0
ACC-18922,Mid-Market,24,24,9563.37,70,42,0.6,11.63,0.7656,0.8331,1,0,0.0003,3,0,40.0,0
ACC-18923,SMB,12,9,823.76,6,4,0.6667,3.53,1.3053,0.6664,11,0,0.0,6,0,32.0,0
ACC-18924,Enterprise,12,37,33292.46,769,729,0.948,21.03,0.878,0.7592,1,1,8.9976,7,0,14.0,0
ACC-18925,Mid-Market,12,7,9778.62,140,105,0.75,6.53,0.7019,0.6058,5,1,1.8,3,0,-10.0,0
ACC-18926,Mid-Market,24,11,7021.18,80,71,0.8875,18.43,0.9989,0.8594,2,0,0.0001,4,0,,0
ACC-18927,Enterprise,12,33,34384.52,548,417,0.7609,9.29,1.0254,0.9478,5,1,1.8,6,16,11.0,0
ACC-18928,Enterprise,12,15,17275.86,219,202,0.9224,20.71,0.8168,0.618,4,1,2.2499,4,0,-16.0,0
ACC-18929,SMB,24,41,2381.5,11,10,0.9091,9.52,0.4675,0.9136,2,1,4.4995,3,0,,0
ACC-18930,Mid-Market,12,5,2780.72,112,87,0.7768,7.97,1.8713,0.7988,1,0,0.0003,5,0,60.0,0
ACC-18931,Mid-Market,36,13,8693.47,52,32,0.6154,10.46,1.0377,0.6121,4,0,0.0001,2,0,56.0,0
ACC-18932,Enterprise,12,20,39738.44,476,351,0.7374,9.36,0.8946,0.6839,3,1,2.9998,2,0,,0
ACC-18933,SMB,24,48,447.81,23,15,0.6522,13.04,0.9237,0.7265,3,0,0.0001,5,0,,0
ACC-18934,Mid-Market,12,18,2619.99,41,30,0.7317,8.42,0.7306,0.6908,2,1,4.4995,7,0,22.0,0
ACC-18935,Mid-Market,24,23,5285.74,55,40,0.7273,11.84,0.9153,0.7769,1,0,0.0003,3,0,74.0,0
ACC-18936,Enterprise,24,16,44737.61,701,486,0.6933,11.71,1.0405,0.7561,4,0,0.0001,3,0,26.0,0
ACC-18937,SMB,36,15,2063.27,20,14,0.7,3.94,0.9326,0.8394,6,1,1.5,8,0,25.0,0
ACC-18938,Mid-Market,12,11,7932.34,136,127,0.9338,12.15,0.6975,0.5335,3,0,0.0001,5,0,35.0,0
ACC-18939,Mid-Market,12,21,6424.19,40,28,0.7,16.96,0.9838,0.9021,6,1,1.5,2,0,61.0,0
ACC-18940,Mid-Market,24,14,5473.3,114,70,0.614,14.75,0.9172,0.7833,4,0,0.0001,6,0,,0
ACC-18941,Mid-Market,12,23,5502.8,146,71,0.4863,12.41,0.7351,0.4174,1,0,0.0003,3,0,78.0,0
ACC-18942,SMB,12,18,1457.94,34,32,0.9412,15.09,0.9426,0.7845,2,0,0.0001,2,0,,0
ACC-18943,SMB,36,13,1966.84,12,9,0.75,6.3,0.8438,0.5864,3,0,0.0001,4,0,29.0,0
ACC-18944,Mid-Market,12,37,9776.44,82,52,0.6341,9.78,1.0747,0.5648,2,0,0.0001,6,20,,0
ACC-18945,SMB,36,11,1027.28,10,9,0.9,20.34,0.7753,0.5706,1,1,8.9976,1,0,59.0,0
ACC-18946,SMB,12,12,1621.23,8,6,0.75,23.88,1.0556,0.6819,1,1,8.9976,3,0,76.0,0
ACC-18947,SMB,24,3,851.2,7,5,0.7143,28.43,1.1355,0.6166,4,0,0.0001,3,0,-39.0,0
ACC-18948,Mid-Market,24,14,3724.32,45,39,0.8667,11.67,0.7324,0.9686,2,0,0.0001,2,0,-4.0,0
ACC-18949,Mid-Market,12,36,3489.34,120,96,0.8,12.1,1.0112,0.64,5,0,0.0001,6,4,96.0,0
ACC-18950,Mid-Market,36,36,8016.76,50,39,0.78,3.2,1.3249,0.7877,1,0,0.0003,4,4,39.0,0
ACC-18951,SMB,12,12,1698.65,13,12,0.9231,13.92,0.8547,0.6746,5,0,0.0001,6,0,21.0,0
ACC-18952,Enterprise,24,22,29353.93,127,76,0.5984,11.78,0.8054,0.6517,1,0,0.0003,3,0,-13.0,0
ACC-18953,Mid-Market,24,25,8264.96,112,75,0.6696,28.69,1.1377,0.4385,2,0,0.0001,5,0,,0
ACC-18954,Mid-Market,12,6,7262.02,83,49,0.5904,16.17,1.2652,0.5043,3,0,0.0001,3,0,52.0,0
ACC-18955,Mid-Market,36,31,8063.89,142,89,0.6268,14.57,0.8432,0.5042,3,0,0.0001,5,0,,0
ACC-18956,Mid-Market,12,7,2586.53,137,126,0.9197,7.25,0.8188,0.7908,4,0,0.0001,1,0,46.0,0
ACC-18957,SMB,24,13,1403.46,20,15,0.75,16.04,0.9081,0.6931,7,0,0.0,7,0,65.0,0
ACC-18958,Mid-Market,12,8,4910.68,118,112,0.9492,17.95,1.187,0.8571,4,0,0.0001,4,8,28.0,0
ACC-18959,SMB,24,20,456.78,26,11,0.4231,22.07,0.9231,0.5944,3,1,2.9998,3,0,26.0,0
ACC-18960,Mid-Market,24,10,7265.28,47,40,0.8511,12.3,0.9128,0.6117,2,0,0.0001,5,0,,0
ACC-18961,Mid-Market,12,11,6568.89,143,98,0.6853,8.82,0.9306,0.7183,4,0,0.0001,4,0,,0
ACC-18962,Mid-Market,24,28,6103.84,69,49,0.7101,17.31,0.6475,0.7538,2,0,0.0001,0,0,-15.0,0
ACC-18963,Enterprise,12,12,10775.07,752,624,0.8298,11.09,0.671,0.6399,2,0,0.0001,2,0,69.0,0
ACC-18964,Mid-Market,12,16,4440.8,76,70,0.9211,7.24,1.0156,0.6233,1,0,0.0003,3,0,29.0,0
ACC-18965,SMB,12,7,423.21,7,3,0.4286,15.32,0.8531,0.3622,2,0,0.0001,5,0,54.0,0
ACC-18966,Mid-Market,12,6,8587.01,78,72,0.9231,7.61,1.3715,0.7262,6,0,0.0,2,0,44.0,0
ACC-18967,SMB,12,18,1831.65,28,24,0.8571,13.65,1.3824,0.7774,2,1,4.4995,3,0,,0
ACC-18968,Mid-Market,12,12,2293.08,103,82,0.7961,22.58,1.1619,0.9483,2,0,0.0001,3,0,79.0,0
ACC-18969,Enterprise,12,41,23502.41,529,425,0.8034,34.73,1.0573,0.2337,3,1,2.9998,5,0,,0
ACC-18970,Enterprise,12,51,23049.61,473,392,0.8288,16.69,1.1425,0.8253,2,0,0.0001,5,0,-24.0,0
ACC-18971,Mid-Market,12,7,6987.63,71,37,0.5211,10.78,0.6183,0.8362,1,0,0.0003,3,0,1.0,0
ACC-18972,Mid-Market,24,6,4542.26,121,69,0.5702,2.75,0.7473,0.7228,2,0,0.0001,6,0,20.0,0
ACC-18973,Enterprise,24,41,8590.58,165,118,0.7152,9.52,1.1064,0.8068,1,0,0.0003,3,0,-6.0,0
ACC-18974,Mid-Market,12,21,4244.37,33,23,0.697,6.29,1.0318,0.5843,4,1,2.2499,1,4,80.0,0
ACC-18975,Mid-Market,24,18,5637.17,32,26,0.8125,24.11,0.8312,0.4437,3,0,0.0001,5,0,,0
ACC-18976,Mid-Market,24,6,4462.93,76,27,0.3553,17.77,1.1199,0.77,2,1,4.4995,4,0,-41.0,0
ACC-18977,SMB,24,49,2478.92,20,16,0.8,16.61,1.3203,0.7929,0,0,1.0,8,0,63.0,0
ACC-18978,Mid-Market,12,10,2706.23,121,111,0.9174,8.06,1.2114,0.7033,8,1,1.125,2,0,,0
ACC-18979,Mid-Market,12,26,8124.4,136,116,0.8529,12.21,0.8812,0.9359,7,1,1.2857,6,0,35.0,0
ACC-18980,SMB,24,25,1288.03,20,12,0.6,5.22,1.0226,0.7733,4,1,2.2499,4,0,-3.0,0
ACC-18981,Mid-Market,24,5,6143.18,92,62,0.6739,21.92,0.9973,0.9451,3,0,0.0001,4,0,49.0,0
ACC-18982,Mid-Market,12,11,9649.91,127,100,0.7874,13.64,0.8792,0.9375,4,2,4.4997,4,0,46.0,1
ACC-18983,Mid-Market,12,6,2494.33,124,92,0.7419,4.15,0.8616,0.6673,3,1,2.9998,3,0,30.0,0
ACC-18984,Enterprise,24,4,35384.25,261,155,0.5939,15.94,0.7747,0.733,4,0,0.0001,3,0,35.0,0
ACC-18985,SMB,24,14,2170.82,5,4,0.8,13.79,1.068,0.7226,4,1,2.2499,3,0,-33.0,0
ACC-18986,Mid-Market,24,7,9947.14,91,63,0.6923,8.34,0.9513,0.5079,3,0,0.0001,3,0,67.0,0
ACC-18987,SMB,12,10,2304.76,23,18,0.7826,3.34,1.1059,0.4471,5,0,0.0001,4,0,,0
ACC-18988,SMB,12,6,1190.05,6,5,0.8333,21.65,1.5548,0.3312,7,0,0.0,4,0,33.0,0
ACC-18989,Mid-Market,12,13,7608.43,30,12,0.4,10.93,0.9841,0.7031,3,0,0.0001,4,0,83.0,0
ACC-18990,Mid-Market,12,41,4443.84,46,37,0.8043,9.3,1.8638,0.7776,3,0,0.0001,4,0,26.0,0
ACC-18991,Mid-Market,12,20,4286.63,46,32,0.6957,6.4,1.0209,0.5405,7,1,1.2857,2,0,3.0,0
ACC-18992,Mid-Market,24,12,9681.84,84,51,0.6071,7.72,1.2779,0.7081,6,0,0.0,2,0,21.0,0
ACC-18993,Mid-Market,12,16,4313.49,109,83,0.7615,26.78,0.9591,0.7458,4,0,0.0001,3,0,91.0,0
ACC-18994,Mid-Market,24,19,2096.01,143,92,0.6434,16.63,0.6726,0.7762,7,0,0.0,7,0,10.0,0
ACC-18995,Mid-Market,12,19,7013.69,50,43,0.86,9.56,1.0641,0.8109,8,0,0.0,5,0,65.0,0
ACC-18996,Enterprise,12,14,11070.33,785,489,0.6229,15.13,0.8971,0.7353,4,1,2.2499,3,12,,0
ACC-18997,SMB,12,10,1685.85,24,12,0.5,8.26,0.8362,0.6723,5,1,1.8,5,0,7.0,0
ACC-18998,Enterprise,12,25,32106.28,746,400,0.5362,9.57,1.1488,0.8283,3,0,0.0001,3,0,-1.0,0
ACC-18999,SMB,24,8,1777.34,27,25,0.9259,3.06,0.9079,0.6464,2,0,0.0001,5,0,2.0,0
ACC-19000,SMB,12,26,1572.33,25,22,0.88,20.1,0.7895,0.7146,3,1,2.9998,4,0,,0
ACC-19001,Mid-Market,12,12,3265.1,97,72,0.7423,2.69,1.0237,0.623,2,0,0.0001,3,0,,0
ACC-19002,SMB,12,31,676.12,19,17,0.8947,7.08,0.6598,0.5943,2,0,0.0001,4,0,,0
ACC-19003,Mid-Market,12,8,4225.11,130,97,0.7462,8.99,0.6341,0.7896,3,0,0.0001,4,0,-1.0,0
ACC-19004,Mid-Market,24,8,8763.03,97,59,0.6082,33.83,1.2153,0.5113,0,0,1.0,3,0,,0
ACC-19005,Mid-Market,12,17,9546.15,72,52,0.7222,14.75,1.299,0.6574,4,0,0.0001,5,0,49.0,0
ACC-19006,Mid-Market,24,10,4051.64,33,30,0.9091,6.98,1.0315,0.6135,4,0,0.0001,4,0,76.0,0
ACC-19007,Mid-Market,24,41,9578.18,127,60,0.4724,3.47,0.8321,0.7377,8,0,0.0,6,0,36.0,0
ACC-19008,Mid-Market,12,11,9242.3,74,66,0.8919,16.79,1.1237,0.3814,3,0,0.0001,2,4,,0
ACC-19009,Mid-Market,12,9,6426.62,115,67,0.5826,33.27,1.1946,0.905,4,0,0.0001,7,0,,0
ACC-19010,Mid-Market,24,21,9078.35,46,36,0.7826,17.96,0.7276,0.5839,5,0,0.0001,3,20,84.0,0
ACC-19011,Mid-Market,24,3,8470.95,75,52,0.6933,15.45,1.2341,0.3087,4,0,0.0001,2,0,,0
ACC-19012,Enterprise,12,43,38700.84,624,589,0.9439,15.61,1.0197,0.885,7,0,0.0,3,0,,0
ACC-19013,Enterprise,12,23,35400.91,426,374,0.8779,10.74,0.8144,0.5953,4,0,0.0001,7,0,9.0,0
ACC-19014,Mid-Market,12,19,2392.96,44,29,0.6591,17.26,0.9571,0.8238,1,0,0.0003,5,0,47.0,0
ACC-19015,Enterprise,12,10,37291.59,300,233,0.7767,7.71,1.1411,0.5586,5,0,0.0001,4,0,33.0,0
ACC-19016,Enterprise,12,15,21760.87,800,778,0.9725,7.08,0.7415,0.6047,1,2,17.9949,0,0,44.0,1
ACC-19017,SMB,12,11,1021.2,20,17,0.85,28.0,0.9561,0.7006,5,2,3.5998,3,0,36.0,1
ACC-19018,Enterprise,12,12,15536.0,555,496,0.8937,6.27,0.8919,0.4544,6,0,0.0,3,0,46.0,0
ACC-19019,SMB,12,27,929.43,33,19,0.5758,7.78,0.7975,0.5821,1,1,8.9976,3,0,55.0,0
ACC-19020,Mid-Market,12,20,2027.37,145,76,0.5241,24.14,0.8005,0.7075,1,0,0.0003,4,0,-9.0,0
ACC-19021,SMB,24,13,2027.72,27,21,0.7778,22.76,1.3632,0.8268,4,0,0.0001,2,16,56.0,0
ACC-19022,Mid-Market,24,5,2306.72,99,90,0.9091,28.52,0.9303,0.6831,5,0,0.0001,6,0,-4.0,0
ACC-19023,Mid-Market,36,53,5984.23,106,69,0.6509,7.2,0.8734,0.6709,3,1,2.9998,2,0,12.0,0
ACC-19024,Mid-Market,12,8,6309.49,102,88,0.8627,10.86,0.9755,0.735,6,1,1.5,5,0,,0
ACC-19025,Mid-Market,24,27,3232.36,56,53,0.9464,36.43,1.3754,0.8375,4,0,0.0001,4,0,,0
ACC-19026,Mid-Market,12,11,2805.39,139,102,0.7338,16.85,0.8262,0.5595,4,0,0.0001,0,0,,0
ACC-19027,Enterprise,24,18,14330.95,585,445,0.7607,9.08,2.0754,0.6485,4,0,0.0001,0,4,-3.0,0
ACC-19028,SMB,12,9,1783.43,17,11,0.6471,9.34,0.732,0.5991,4,0,0.0001,1,0,31.0,0
ACC-19029,Mid-Market,12,10,2313.37,147,101,0.6871,10.21,0.936,0.8248,3,1,2.9998,3,0,-21.0,0
ACC-19030,Mid-Market,36,10,3828.64,132,62,0.4697,20.84,1.0891,0.6246,2,0,0.0001,3,0,,0
ACC-19031,SMB,24,17,479.66,33,19,0.5758,15.41,0.7273,0.7554,5,1,1.8,4,0,,0
ACC-19032,Mid-Market,36,10,2494.27,77,55,0.7143,24.84,1.6864,0.7344,4,0,0.0001,1,0,27.0,0
ACC-19033,SMB,12,17,2048.68,21,14,0.6667,7.27,1.0022,0.8842,4,1,2.2499,7,0,42.0,0
ACC-19034,Mid-Market,12,33,2741.68,134,102,0.7612,11.56,0.59,0.6016,5,2,3.5998,0,0,74.0,1
ACC-19035,SMB,12,7,2056.39,29,22,0.7586,9.86,0.8123,0.6625,1,0,0.0003,6,0,19.0,0
ACC-19036,Enterprise,24,7,14643.66,785,680,0.8662,11.68,0.7832,0.735,5,0,0.0001,3,0,-11.0,0
ACC-19037,SMB,24,38,2436.09,11,8,0.7273,9.54,1.4817,0.7192,2,1,4.4995,5,4,36.0,0
ACC-19038,SMB,36,23,2037.44,18,15,0.8333,2.93,0.9449,0.7046,3,0,0.0001,7,0,,0
ACC-19039,Mid-Market,12,16,7376.86,38,36,0.9474,11.41,1.0027,0.6146,4,1,2.2499,5,0,79.0,0
ACC-19040,Enterprise,24,6,42946.84,485,414,0.8536,21.76,1.1256,0.8077,1,0,0.0003,6,0,-18.0,0
ACC-19041,Mid-Market,12,5,9200.07,45,24,0.5333,13.95,0.7867,0.7392,2,1,4.4995,8,0,10.0,0
ACC-19042,SMB,12,9,1578.5,10,9,0.9,5.64,0.7041,0.7257,3,0,0.0001,2,0,,0
ACC-19043,Mid-Market,12,17,7246.19,147,71,0.483,19.83,0.8728,0.9051,6,1,1.5,8,0,50.0,0
ACC-19044,Mid-Market,12,28,3160.48,72,22,0.3056,14.51,0.8039,0.6499,2,0,0.0001,5,0,,0
ACC-19045,Enterprise,12,17,10909.98,756,598,0.791,6.39,1.1512,0.7136,0,1,30001.0,4,0,,0
ACC-19046,Mid-Market,12,18,7462.02,34,12,0.3529,11.68,1.1823,0.7139,9,1,1.0,4,0,31.0,0
ACC-19047,Mid-Market,12,30,4488.22,48,29,0.6042,15.75,0.8377,0.7079,7,0,0.0,4,0,46.0,0
ACC-19048,SMB,12,21,1925.18,31,25,0.8065,18.5,0.7272,0.2872,1,0,0.0003,4,0,81.0,0
ACC-19049,Mid-Market,12,11,5149.86,83,59,0.7108,24.55,1.0967,0.7075,2,1,4.4995,3,0,38.0,0
ACC-19050,SMB,12,15,991.37,31,19,0.6129,10.38,0.9115,0.5227,4,0,0.0001,7,0,38.0,0
ACC-19051,Mid-Market,12,29,9743.51,54,30,0.5556,9.69,0.6176,0.8402,5,0,0.0001,3,0,,0
ACC-19052,Enterprise,36,19,44812.39,863,630,0.73,7.32,1.5367,0.7686,2,0,0.0001,4,0,13.0,0
ACC-19053,Mid-Market,36,39,8018.46,132,85,0.6439,7.74,1.2733,0.8522,4,1,2.2499,2,0,,0
ACC-19054,Mid-Market,12,10,3421.54,84,62,0.7381,4.3,2.1633,0.7359,4,0,0.0001,4,0,,0
ACC-19055,SMB,36,8,2151.61,28,7,0.25,15.56,1.2934,0.4114,4,1,2.2499,3,0,8.0,1
ACC-19056,SMB,24,20,1874.8,24,22,0.9167,7.22,0.8247,0.9178,2,0,0.0001,4,0,31.0,0
ACC-19057,Mid-Market,12,17,5581.6,129,113,0.876,40.95,1.1112,0.5489,2,1,4.4995,4,0,,0
ACC-19058,Mid-Market,12,7,2219.17,99,80,0.8081,10.17,0.9533,0.9188,4,0,0.0001,1,0,,0
ACC-19059,Mid-Market,36,11,9144.62,98,54,0.551,10.16,0.8623,0.7348,4,0,0.0001,3,0,30.0,0
ACC-19060,SMB,24,34,2059.37,6,5,0.8333,11.04,0.9645,0.8641,5,1,1.8,3,0,,0
ACC-19061,SMB,24,21,1484.99,9,7,0.7778,6.4,0.9119,0.7564,3,0,0.0001,1,16,46.0,0
ACC-19062,SMB,24,11,447.48,29,24,0.8276,10.67,0.8152,0.5318,1,0,0.0003,5,0,,0
ACC-19063,Mid-Market,12,9,6973.76,77,40,0.5195,19.55,1.0203,0.4137,6,1,1.5,4,0,,0
ACC-19064,Mid-Market,12,13,6809.4,96,61,0.6354,12.76,0.8068,0.5744,2,0,0.0001,4,0,,0
ACC-19065,Mid-Market,12,28,5035.15,140,109,0.7786,23.31,0.8813,0.5291,6,0,0.0,8,0,,0
ACC-19066,Mid-Market,12,17,2694.54,121,88,0.7273,3.79,1.2938,0.7717,2,0,0.0001,6,0,64.0,0
ACC-19067,Mid-Market,12,15,7171.69,40,33,0.825,6.78,1.0233,0.7098,5,0,0.0001,6,0,42.0,0
ACC-19068,Enterprise,12,29,25105.96,481,384,0.7983,12.46,0.9055,0.7503,6,0,0.0,3,0,,0
ACC-19069,Enterprise,12,8,13872.35,546,407,0.7454,8.15,0.8858,0.6831,5,1,1.8,6,0,1.0,0
ACC-19070,SMB,12,10,1551.19,17,12,0.7059,12.01,0.9771,0.8492,4,0,0.0001,5,8,,0
ACC-19071,SMB,12,17,1289.08,20,15,0.75,30.66,1.1382,0.7869,7,0,0.0,4,0,36.0,0
ACC-19072,Mid-Market,12,15,2332.16,102,74,0.7255,5.51,0.982,0.8326,7,0,0.0,4,0,63.0,0
ACC-19073,Mid-Market,12,13,6724.7,41,28,0.6829,4.73,0.6689,0.2287,2,1,4.4995,2,0,60.0,0
ACC-19074,Mid-Market,12,29,5604.55,85,42,0.4941,16.68,0.8878,0.5607,2,0,0.0001,4,0,20.0,0
ACC-19075,SMB,24,4,1710.86,29,28,0.9655,4.9,0.9194,0.4333,0,0,1.0,6,28,22.0,0
ACC-19076,SMB,36,8,1773.8,5,3,0.6,10.39,0.7961,0.9252,2,1,4.4995,6,0,,0
ACC-19077,SMB,12,8,2016.77,9,8,0.8889,12.54,1.1924,0.5411,2,0,0.0001,5,0,,0
ACC-19078,SMB,12,22,2132.31,10,9,0.9,11.26,1.4521,0.6806,4,2,4.4997,3,0,29.0,1
ACC-19079,Mid-Market,24,12,5199.34,46,32,0.6957,6.3,1.3186,0.8238,3,0,0.0001,6,0,,0
ACC-19080,Mid-Market,12,49,3162.39,66,42,0.6364,9.35,0.6164,0.842,6,2,2.9999,6,0,,1
ACC-19081,Mid-Market,24,30,8099.08,105,66,0.6286,12.72,0.8693,0.9054,3,0,0.0001,5,0,34.0,0
ACC-19082,Mid-Market,12,12,5995.61,40,30,0.75,11.77,1.0025,0.8831,5,3,5.3997,3,0,100.0,0
ACC-19083,SMB,24,22,1598.91,15,11,0.7333,10.05,0.6464,0.503,4,1,2.2499,4,0,,0
ACC-19084,Mid-Market,36,21,3970.76,55,35,0.6364,12.63,0.8977,0.9069,5,0,0.0001,2,8,23.0,0
ACC-19085,Enterprise,24,35,9211.83,748,609,0.8142,19.95,0.8967,0.8668,1,0,0.0003,6,8,36.0,0
ACC-19086,Mid-Market,12,14,8770.76,143,108,0.7552,11.11,1.0328,0.7228,7,1,1.2857,1,0,,0
ACC-19087,SMB,24,11,634.78,18,15,0.8333,15.24,1.2199,0.6255,1,1,8.9976,4,0,4.0,0
ACC-19088,Mid-Market,24,21,3837.67,102,84,0.8235,12.89,0.684,0.8274,4,0,0.0001,1,0,20.0,0
ACC-19089,Mid-Market,24,14,5720.07,52,50,0.9615,5.81,0.8694,0.69,5,0,0.0001,3,0,,0
ACC-19090,Mid-Market,12,24,6521.02,63,59,0.9365,28.37,0.7716,0.632,2,0,0.0001,3,0,,0
ACC-19091,Enterprise,24,33,26234.94,808,620,0.7673,26.06,1.2884,0.7567,0,0,1.0,6,0,18.0,0
ACC-19092,Mid-Market,12,9,5188.38,111,81,0.7297,16.86,1.0717,0.5456,5,0,0.0001,6,0,,0
ACC-19093,SMB,12,11,1021.12,19,13,0.6842,5.88,0.7094,0.8329,6,1,1.5,2,0,70.0,0
ACC-19094,Mid-Market,24,31,7122.26,108,99,0.9167,7.74,0.7999,0.5248,1,2,17.9949,5,0,19.0,1
ACC-19095,SMB,12,16,1993.12,17,14,0.8235,19.26,1.1941,0.7951,3,0,0.0001,3,0,,0
ACC-19096,Mid-Market,24,16,3413.41,71,61,0.8592,3.84,1.3604,0.6318,4,0,0.0001,3,0,4.0,0
ACC-19097,Enterprise,24,28,33383.34,260,246,0.9462,18.87,1.0483,0.6672,5,3,5.3997,5,0,22.0,0
ACC-19098,SMB,12,15,1713.0,29,22,0.7586,8.03,0.9623,0.62,3,0,0.0001,6,0,39.0,0
ACC-19099,Mid-Market,24,26,4460.75,146,127,0.8699,8.84,0.9929,0.706,1,2,17.9949,5,0,66.0,0
ACC-19100,Mid-Market,36,9,4819.54,42,22,0.5238,8.99,0.8415,0.4217,4,1,2.2499,5,0,62.0,0
ACC-19101,SMB,12,12,1988.85,18,15,0.8333,9.82,1.301,0.7495,1,0,0.0003,4,0,56.0,0
ACC-19102,Mid-Market,24,36,8600.54,45,35,0.7778,7.04,1.1418,0.8669,5,0,0.0001,2,0,,0
ACC-19103,SMB,12,16,1785.61,23,16,0.6957,8.87,0.8322,0.675,4,0,0.0001,5,8,15.0,0
ACC-19104,Enterprise,12,9,11548.64,685,258,0.3766,5.07,1.2023,0.968,3,0,0.0001,3,0,75.0,0
ACC-19105,Mid-Market,12,9,3383.31,107,85,0.7944,16.91,1.5413,0.665,1,1,8.9976,2,0,25.0,0
ACC-19106,Enterprise,12,15,36783.01,836,664,0.7943,5.95,0.8039,0.8579,2,0,0.0001,8,0,,0
ACC-19107,SMB,12,26,2299.3,11,7,0.6364,7.54,0.8521,0.5913,3,0,0.0001,8,0,,0
ACC-19108,Mid-Market,36,3,6731.1,149,129,0.8658,27.94,1.1785,0.3968,3,1,2.9998,0,0,23.0,0
ACC-19109,SMB,24,12,2328.81,9,6,0.6667,19.35,0.923,0.421,5,0,0.0001,3,0,,0
ACC-19110,SMB,12,21,639.32,19,12,0.6316,10.16,1.016,0.1741,2,0,0.0001,6,0,,0
ACC-19111,Mid-Market,12,18,5492.53,46,28,0.6087,13.34,0.8582,0.8464,6,0,0.0,6,0,45.0,0
ACC-19112,Mid-Market,12,20,6745.83,146,100,0.6849,7.91,0.7633,0.797,5,1,1.8,4,0,49.0,0
ACC-19113,Mid-Market,12,10,4516.48,95,70,0.7368,12.52,0.854,0.5944,3,0,0.0001,2,8,2.0,0
ACC-19114,Mid-Market,12,17,9084.62,121,93,0.7686,19.93,1.0134,0.7529,2,0,0.0001,2,0,,0
ACC-19115,Mid-Market,12,29,8115.15,108,96,0.8889,10.54,0.8907,0.5299,3,0,0.0001,8,0,27.0,0
ACC-19116,Mid-Market,12,12,4778.42,135,131,0.9704,13.73,0.7691,0.7085,6,0,0.0,6,0,,0
ACC-19117,SMB,12,17,1326.58,23,16,0.6957,7.7,1.6552,0.6258,3,0,0.0001,8,0,,0
ACC-19118,SMB,24,5,1706.11,33,22,0.6667,17.55,1.1172,0.6401,4,1,2.2499,4,0,,0
ACC-19119,SMB,24,21,2320.51,20,15,0.75,7.93,0.7759,0.3771,1,0,0.0003,9,0,51.0,0
ACC-19120,SMB,12,10,1312.14,21,13,0.619,13.32,1.3884,0.7363,6,1,1.5,4,0,55.0,0
ACC-19121,Mid-Market,12,7,4623.53,51,36,0.7059,15.02,1.1116,0.8719,2,0,0.0001,4,0,,0
ACC-19122,SMB,12,12,2206.6,16,10,0.625,23.91,1.0544,0.7818,2,0,0.0001,6,0,60.0,0
ACC-19123,SMB,36,22,1602.72,32,17,0.5312,10.01,1.2298,0.7375,2,0,0.0001,3,0,,0
ACC-19124,Mid-Market,24,10,3938.71,149,102,0.6846,13.05,0.7594,0.5877,4,0,0.0001,7,0,26.0,0
ACC-19125,SMB,24,8,2038.11,18,12,0.6667,12.07,1.0351,0.889,4,0,0.0001,5,0,32.0,0
ACC-19126,Mid-Market,36,24,2091.38,126,87,0.6905,10.28,0.7549,0.8294,3,0,0.0001,2,0,20.0,0
ACC-19127,Mid-Market,12,9,4065.59,115,92,0.8,8.68,0.7972,0.4275,3,0,0.0001,3,0,14.0,0
ACC-19128,SMB,36,48,941.7,5,3,0.6,20.4,0.7215,0.4965,0,0,1.0,2,0,,0
ACC-19129,SMB,12,28,1117.27,14,9,0.6429,17.47,0.7521,0.7481,4,1,2.2499,4,0,26.0,0
ACC-19130,Mid-Market,12,36,6517.15,31,25,0.8065,20.64,0.7983,0.668,3,0,0.0001,5,0,36.0,0
ACC-19131,SMB,24,18,1128.85,15,11,0.7333,10.87,1.2153,0.7732,0,0,1.0,2,0,,0
ACC-19132,Mid-Market,12,10,8241.73,144,86,0.5972,17.98,0.7111,0.5419,5,0,0.0001,3,0,31.0,0
ACC-19133,Mid-Market,24,30,8537.79,81,48,0.5926,8.39,0.8595,0.8268,4,0,0.0001,7,0,,0
ACC-19134,SMB,12,7,1045.44,33,29,0.8788,16.84,1.4821,0.6301,5,1,1.8,2,0,46.0,0
ACC-19135,Mid-Market,24,4,9064.93,58,47,0.8103,5.46,1.2883,0.7871,7,2,2.5714,5,0,5.0,1
ACC-19136,SMB,12,20,2437.55,19,17,0.8947,14.07,0.9041,0.5117,0,0,1.0,5,0,85.0,0
ACC-19137,Mid-Market,12,6,4657.79,141,116,0.8227,16.52,1.3226,0.7294,4,0,0.0001,2,0,59.0,0
ACC-19138,Mid-Market,36,15,6786.61,97,79,0.8144,18.43,0.742,0.7964,3,1,2.9998,3,0,14.0,0
ACC-19139,Mid-Market,24,15,7695.97,77,43,0.5584,14.89,1.2347,0.7751,6,2,2.9999,2,0,98.0,0
ACC-19140,Mid-Market,36,26,4777.11,141,93,0.6596,15.07,0.8495,0.8367,3,0,0.0001,6,0,,0
ACC-19141,Enterprise,24,7,25891.23,869,398,0.458,9.79,0.8391,0.8168,4,1,2.2499,3,0,50.0,0
ACC-19142,SMB,24,6,1511.15,31,24,0.7742,16.97,1.2599,0.845,4,0,0.0001,2,0,42.0,0
ACC-19143,Mid-Market,24,14,7753.27,131,88,0.6718,18.08,0.8833,0.7083,1,0,0.0003,0,0,29.0,0
ACC-19144,SMB,12,2,1391.05,20,18,0.9,7.57,0.7331,0.634,3,0,0.0001,4,4,16.0,0
ACC-19145,Mid-Market,12,19,3978.42,58,44,0.7586,10.63,0.998,0.3893,3,2,5.9995,7,0,,1
ACC-19146,Mid-Market,12,18,6049.25,117,108,0.9231,4.69,0.7207,0.72,0,0,1.0,5,0,54.0,0
ACC-19147,Mid-Market,24,19,2129.35,61,49,0.8033,17.02,0.7155,0.746,2,1,4.4995,3,0,-18.0,0
ACC-19148,Mid-Market,12,14,6214.91,34,22,0.6471,18.38,1.1041,0.5364,1,0,0.0003,4,0,-42.0,0
ACC-19149,Mid-Market,36,42,8411.01,53,27,0.5094,22.86,0.8736,0.4732,1,0,0.0003,2,0,45.0,0
ACC-19150,Mid-Market,12,21,4020.44,141,120,0.8511,17.61,1.3313,0.5635,5,2,3.5998,3,0,85.0,0
ACC-19151,Mid-Market,24,24,5264.9,35,30,0.8571,18.59,0.7857,0.6231,2,0,0.0001,1,0,-51.0,0
ACC-19152,Enterprise,12,11,41298.81,759,522,0.6877,10.65,0.6802,0.7122,1,1,8.9976,2,0,,0
ACC-19153,Mid-Market,12,14,6217.89,48,34,0.7083,20.66,0.6957,0.5767,1,1,8.9976,6,0,75.0,0
ACC-19154,Enterprise,36,9,29096.79,904,715,0.7909,23.58,0.844,0.5216,2,0,0.0001,7,0,46.0,0
ACC-19155,Enterprise,12,17,26650.4,610,449,0.7361,4.65,1.2494,0.8633,1,0,0.0003,4,0,63.0,0
ACC-19156,SMB,12,9,2059.01,10,7,0.7,12.61,1.1318,0.7462,7,0,0.0,4,0,-45.0,0
ACC-19157,Mid-Market,12,24,5872.83,125,102,0.816,20.59,0.6833,0.8896,5,0,0.0001,7,0,47.0,0
ACC-19158,SMB,12,16,1456.16,15,10,0.6667,9.89,1.7233,0.8376,5,1,1.8,4,0,,0
ACC-19159,Mid-Market,12,2,3798.09,122,67,0.5492,11.88,0.7551,0.415,4,0,0.0001,4,0,59.0,0
ACC-19160,SMB,24,9,797.2,22,18,0.8182,20.62,0.8698,0.7872,1,0,0.0003,1,0,,0
ACC-19161,Mid-Market,12,35,9051.67,142,87,0.6127,10.32,0.7756,0.5209,2,2,8.9988,3,0,10.0,1
ACC-19162,SMB,24,36,967.75,23,15,0.6522,20.91,0.8202,0.817,6,1,1.5,1,0,22.0,0
ACC-19163,Mid-Market,12,22,9733.42,116,106,0.9138,17.12,0.9376,0.7396,2,0,0.0001,3,0,31.0,0
ACC-19164,SMB,24,14,905.21,24,17,0.7083,8.63,1.1669,0.5069,5,0,0.0001,1,0,9.0,0
ACC-19165,SMB,24,32,1426.6,32,30,0.9375,6.92,0.7633,0.655,8,1,1.125,2,0,23.0,0
ACC-19166,SMB,12,15,1588.51,17,14,0.8235,11.92,1.4994,0.7385,3,0,0.0001,0,0,52.0,0
ACC-19167,Enterprise,12,31,39575.8,807,570,0.7063,11.86,0.8808,0.6782,3,0,0.0001,4,0,,0
ACC-19168,Mid-Market,12,17,7981.5,65,50,0.7692,11.41,1.0528,0.8488,3,0,0.0001,7,0,21.0,0
ACC-19169,Mid-Market,24,13,9913.89,131,106,0.8092,19.35,1.2688,0.5839,2,0,0.0001,2,0,33.0,0
ACC-19170,Mid-Market,24,24,2914.84,66,25,0.3788,10.06,0.8575,0.8265,7,0,0.0,3,0,27.0,0
ACC-19171,SMB,36,8,677.46,16,9,0.5625,21.26,0.6556,0.3363,2,1,4.4995,4,0,28.0,0
ACC-19172,Enterprise,12,9,36147.56,175,143,0.8171,17.74,1.3159,0.1473,7,0,0.0,6,0,,0
ACC-19173,Enterprise,12,6,26320.78,611,505,0.8265,16.02,1.1571,0.6427,3,1,2.9998,5,0,,0
ACC-19174,Mid-Market,12,21,8780.97,51,48,0.9412,20.03,0.8287,0.5713,5,1,1.8,4,0,29.0,0
ACC-19175,Enterprise,12,15,20876.72,459,397,0.8649,12.74,1.0869,0.8255,1,0,0.0003,2,0,37.0,0
ACC-19176,Mid-Market,12,60,3504.23,85,50,0.5882,6.57,0.8355,0.7677,1,0,0.0003,5,0,,0
ACC-19177,SMB,12,21,1697.27,17,11,0.6471,12.05,1.0206,0.6984,2,0,0.0001,3,0,30.0,0
ACC-19178,Mid-Market,24,13,5520.71,83,61,0.7349,15.97,0.8797,0.5279,3,0,0.0001,4,0,,0
ACC-19179,Enterprise,12,15,37604.31,939,854,0.9095,13.33,0.7985,0.7474,4,0,0.0001,3,0,10.0,0
ACC-19180,Mid-Market,24,18,5268.91,83,50,0.6024,13.58,0.8273,0.6716,4,1,2.2499,3,0,55.0,0
ACC-19181,Mid-Market,12,11,6234.18,76,60,0.7895,21.81,1.1336,0.749,6,1,1.5,5,12,,0
ACC-19182,Enterprise,36,3,22412.61,502,337,0.6713,14.42,0.8803,0.5965,3,0,0.0001,2,0,,0
ACC-19183,SMB,36,6,448.7,14,13,0.9286,27.42,2.2964,0.8633,3,0,0.0001,6,0,,0
ACC-19184,SMB,36,12,1795.29,22,17,0.7727,4.6,1.0064,0.8981,4,2,4.4997,4,0,51.0,0
ACC-19185,SMB,24,5,1325.0,5,4,0.8,5.96,0.813,0.6345,3,0,0.0001,4,0,64.0,0
ACC-19186,SMB,24,16,1065.86,6,5,0.8333,12.54,1.6669,0.7514,4,0,0.0001,2,0,77.0,0
ACC-19187,Enterprise,24,28,40081.66,537,249,0.4637,10.96,0.8921,0.7388,2,0,0.0001,2,0,,0
ACC-19188,SMB,12,9,2256.92,33,30,0.9091,11.22,1.4999,0.7288,5,0,0.0001,1,0,20.0,0
ACC-19189,SMB,24,12,1107.82,22,12,0.5455,11.37,1.0101,0.8192,1,0,0.0003,3,0,92.0,0
ACC-19190,SMB,24,15,1074.78,16,9,0.5625,6.77,1.0593,0.7989,3,1,2.9998,2,0,22.0,0
ACC-19191,Enterprise,36,13,32203.84,996,257,0.258,11.94,0.6379,0.635,2,0,0.0001,5,0,14.0,0
ACC-19192,SMB,12,16,855.85,28,23,0.8214,9.54,0.8424,0.6215,3,2,5.9995,6,0,,1
ACC-19193,SMB,12,4,878.85,6,4,0.6667,12.04,0.8737,0.7874,3,0,0.0001,2,0,98.0,0
ACC-19194,SMB,24,30,1201.15,13,10,0.7692,10.67,1.2553,0.8876,5,0,0.0001,5,0,48.0,0
ACC-19195,Enterprise,36,14,12616.08,284,167,0.588,15.65,0.8822,0.7227,6,1,1.5,6,0,41.0,0
ACC-19196,SMB,12,9,1055.03,30,10,0.3333,7.59,1.4264,0.4613,2,0,0.0001,1,0,60.0,0
ACC-19197,SMB,12,19,1865.94,27,15,0.5556,16.79,1.0799,0.7067,5,1,1.8,3,0,41.0,0
ACC-19198,SMB,12,27,919.09,20,12,0.6,10.78,0.9645,0.4988,3,0,0.0001,6,0,39.0,0
ACC-19199,Mid-Market,12,8,9569.43,75,45,0.6,7.72,0.7831,0.6391,4,0,0.0001,6,0,21.0,0
ACC-19200,SMB,12,19,2334.94,7,6,0.8571,18.48,0.7909,0.3852,3,0,0.0001,10,0,,0
ACC-19201,Mid-Market,12,33,8714.48,86,29,0.3372,3.78,1.033,0.5142,4,1,2.2499,3,8,-1.0,1
ACC-19202,Mid-Market,24,33,2520.64,128,110,0.8594,16.91,1.7981,0.6272,5,0,0.0001,4,0,,0
ACC-19203,Mid-Market,12,25,6048.19,94,39,0.4149,9.15,1.0432,0.7402,3,0,0.0001,3,0,32.0,0
ACC-19204,SMB,12,11,2311.72,5,4,0.8,5.98,0.6898,0.9551,3,0,0.0001,2,0,5.0,0
ACC-19205,Enterprise,24,8,13858.49,861,651,0.7561,7.6,1.1707,0.7201,7,0,0.0,1,0,60.0,0
ACC-19206,Mid-Market,36,9,7078.72,83,59,0.7108,16.91,0.9341,0.3101,1,0,0.0003,1,0,,0
ACC-19207,SMB,36,32,675.76,24,15,0.625,9.18,1.8881,0.6396,3,0,0.0001,3,8,-6.0,0
ACC-19208,SMB,12,22,1296.98,27,10,0.3704,10.53,1.4325,0.5235,2,2,8.9988,0,0,-0.0,1
ACC-19209,Mid-Market,36,25,5273.23,120,62,0.5167,16.0,0.8755,0.5927,3,0,0.0001,6,0,,0
ACC-19210,SMB,12,15,523.21,8,5,0.625,15.3,0.6825,0.6815,4,1,2.2499,3,0,26.0,0
ACC-19211,SMB,24,4,2100.88,7,4,0.5714,8.38,1.0805,0.7587,2,1,4.4995,8,0,-32.0,0
ACC-19212,Enterprise,24,19,20233.77,109,95,0.8716,17.49,0.9993,0.8396,2,0,0.0001,3,4,,0
ACC-19213,Mid-Market,12,9,4172.17,61,51,0.8361,28.62,3.3485,0.8609,3,0,0.0001,7,0,,0
ACC-19214,Enterprise,12,29,14136.67,146,108,0.7397,20.43,1.3456,0.6943,3,0,0.0001,5,0,-9.0,0
ACC-19215,Mid-Market,12,9,5422.58,96,77,0.8021,21.44,0.8463,0.8263,4,0,0.0001,3,0,25.0,0
ACC-19216,Mid-Market,24,18,8063.02,44,36,0.8182,20.46,0.8592,0.9232,2,0,0.0001,2,0,22.0,0
ACC-19217,SMB,12,23,1765.07,29,27,0.931,9.69,0.7997,0.6526,4,0,0.0001,5,0,53.0,0
ACC-19218,SMB,24,60,2128.14,25,16,0.64,9.4,0.817,0.9052,1,0,0.0003,4,0,,0
ACC-19219,Enterprise,12,15,32466.12,897,602,0.6711,7.82,0.8005,0.6048,2,1,4.4995,3,0,1.0,0
ACC-19220,Enterprise,12,15,25949.28,588,444,0.7551,36.2,0.7778,0.7462,4,0,0.0001,4,0,84.0,0
ACC-19221,Mid-Market,36,29,6196.46,108,92,0.8519,23.52,1.239,0.9469,5,1,1.8,5,0,-14.0,0
ACC-19222,Mid-Market,24,14,7955.54,88,78,0.8864,11.75,2.0164,0.8215,5,0,0.0001,3,16,,0
ACC-19223,Mid-Market,36,12,8714.17,93,56,0.6022,9.04,1.1973,0.6064,7,0,0.0,3,0,,0
ACC-19224,SMB,12,10,2162.44,18,16,0.8889,8.87,0.7141,0.6932,2,0,0.0001,4,0,,0
ACC-19225,SMB,12,17,1744.85,19,10,0.5263,17.88,1.2543,0.7511,7,0,0.0,6,4,,0
ACC-19226,Mid-Market,12,11,7642.01,31,24,0.7742,5.46,1.8422,0.459,6,0,0.0,2,0,41.0,0
ACC-19227,SMB,12,34,1285.24,19,16,0.8421,11.66,0.6853,0.8429,3,0,0.0001,2,0,,0
ACC-19228,Mid-Market,12,25,3230.01,103,52,0.5049,16.44,0.8456,0.6176,2,0,0.0001,3,0,40.0,0
ACC-19229,SMB,24,17,2374.23,18,16,0.8889,5.56,0.8003,0.8268,1,1,8.9976,5,0,-16.0,0
ACC-19230,Mid-Market,12,16,8117.28,96,79,0.8229,7.47,1.0328,0.7095,0,1,30001.0,5,0,17.0,0
ACC-19231,Enterprise,12,10,25411.26,265,206,0.7774,19.22,1.1544,0.7471,2,2,8.9988,3,0,-10.0,1
ACC-19232,SMB,12,15,1878.48,8,5,0.625,15.94,0.8245,0.651,1,0,0.0003,1,8,-8.0,0
ACC-19233,Mid-Market,24,14,2589.32,59,26,0.4407,10.28,0.7419,0.6505,2,1,4.4995,2,0,,0
ACC-19234,SMB,24,43,1056.5,34,17,0.5,16.38,1.362,0.8541,4,1,2.2499,7,0,50.0,0
ACC-19235,Mid-Market,12,14,6165.28,61,48,0.7869,19.21,2.1842,0.5995,9,0,0.0,2,0,,0
ACC-19236,Enterprise,12,21,38930.1,854,592,0.6932,21.67,1.2591,0.4139,6,0,0.0,2,0,27.0,0
ACC-19237,Enterprise,12,22,8120.91,324,195,0.6019,13.95,0.9068,0.3929,2,0,0.0001,6,0,,0
ACC-19238,Mid-Market,36,8,7756.25,138,93,0.6739,8.53,1.0235,0.658,3,1,2.9998,4,0,,0
ACC-19239,SMB,36,14,610.14,34,24,0.7059,11.41,1.0113,0.7406,3,1,2.9998,6,0,64.0,0
ACC-19240,Mid-Market,24,24,6202.43,122,103,0.8443,11.0,0.8923,0.7309,1,0,0.0003,6,0,30.0,0
ACC-19241,SMB,12,8,1514.88,20,16,0.8,6.42,1.1201,0.7139,1,0,0.0003,3,0,26.0,0
ACC-19242,SMB,12,49,1382.65,8,7,0.875,4.71,1.0574,0.6431,2,1,4.4995,4,0,28.0,0
ACC-19243,SMB,24,17,1041.57,16,13,0.8125,7.0,1.0382,0.9487,3,0,0.0001,4,0,-5.0,0
ACC-19244,Mid-Market,36,11,9717.88,105,59,0.5619,5.47,0.9272,0.4746,3,1,2.9998,7,0,46.0,0
ACC-19245,SMB,36,7,2181.19,28,16,0.5714,15.9,0.6822,0.6977,5,0,0.0001,2,0,21.0,0
ACC-19246,Mid-Market,24,38,7335.6,106,58,0.5472,20.73,1.8339,0.6016,5,0,0.0001,2,0,,0
ACC-19247,Mid-Market,12,14,4081.57,67,40,0.597,21.01,1.1698,0.5712,3,1,2.9998,2,0,,0
ACC-19248,Enterprise,36,21,32279.11,888,703,0.7917,5.55,0.7444,0.6956,5,0,0.0001,1,0,,0
ACC-19249,Mid-Market,24,8,8229.06,81,67,0.8272,10.83,0.8825,0.3774,1,1,8.9976,6,0,,0
ACC-19250,Enterprise,24,10,13389.75,779,513,0.6585,10.71,0.931,0.831,6,0,0.0,6,12,69.0,0
ACC-19251,Mid-Market,12,28,9590.74,86,63,0.7326,5.48,0.7693,0.366,1,1,8.9976,2,0,-2.0,0
ACC-19252,Mid-Market,12,37,2528.99,129,93,0.7209,7.16,1.0863,0.447,3,0,0.0001,4,0,15.0,0
ACC-19253,Mid-Market,12,9,2173.11,115,75,0.6522,11.82,0.5513,0.6274,5,0,0.0001,5,0,,0
ACC-19254,SMB,12,21,1779.32,19,15,0.7895,18.83,0.907,0.7025,5,0,0.0001,1,0,34.0,0
ACC-19255,Mid-Market,12,20,3731.07,119,86,0.7227,31.96,1.2111,0.7966,2,0,0.0001,1,0,-34.0,0
ACC-19256,Mid-Market,24,28,9088.08,67,59,0.8806,16.63,0.7455,0.2228,1,2,17.9949,3,0,,1
ACC-19257,Enterprise,12,22,16909.28,122,109,0.8934,10.84,0.7142,0.4913,2,0,0.0001,8,0,20.0,0
ACC-19258,SMB,12,24,1586.15,31,24,0.7742,17.76,1.5734,0.8066,2,0,0.0001,8,8,,0
ACC-19259,Enterprise,12,4,10308.08,867,514,0.5928,16.33,1.3448,0.8179,3,0,0.0001,6,0,31.0,0
ACC-19260,Mid-Market,12,20,7254.31,108,56,0.5185,19.16,1.458,0.93,5,0,0.0001,8,0,,0
ACC-19261,Mid-Market,36,7,7602.78,125,118,0.944,10.82,0.7245,0.8933,5,0,0.0001,7,0,,0
ACC-19262,SMB,12,19,1385.57,18,11,0.6111,9.96,0.7999,0.6187,5,1,1.8,4,0,79.0,0
ACC-19263,Mid-Market,12,30,8697.49,141,106,0.7518,16.81,0.9116,0.4031,5,0,0.0001,4,0,56.0,0
ACC-19264,SMB,36,18,1867.11,30,15,0.5,15.72,0.7036,0.5043,5,1,1.8,4,0,84.0,0
ACC-19265,Enterprise,24,24,21569.92,944,550,0.5826,12.02,0.7991,0.8914,4,1,2.2499,2,0,,0
ACC-19266,Mid-Market,12,27,3216.35,43,34,0.7907,12.13,1.3191,0.6945,5,0,0.0001,7,0,,0
ACC-19267,Mid-Market,24,26,6030.59,149,118,0.7919,28.44,0.6584,0.5228,4,0,0.0001,7,0,,0
ACC-19268,Enterprise,24,19,34144.39,843,701,0.8316,5.59,0.6921,0.5547,2,0,0.0001,3,0,-6.0,0
ACC-19269,Mid-Market,24,20,3421.55,129,103,0.7984,12.14,1.044,0.7359,1,0,0.0003,1,4,,0
ACC-19270,Mid-Market,12,29,8184.69,59,50,0.8475,7.15,1.1492,0.6203,2,1,4.4995,3,0,-2.0,0
ACC-19271,Mid-Market,36,53,7972.13,146,102,0.6986,4.48,0.666,0.8227,2,0,0.0001,1,0,,0
ACC-19272,SMB,12,10,1159.61,25,23,0.92,15.27,1.6324,0.928,7,1,1.2857,3,0,59.0,0
ACC-19273,Mid-Market,12,12,8088.61,143,108,0.7552,21.38,0.6834,0.8563,2,0,0.0001,5,0,,0
ACC-19274,SMB,12,26,2441.61,19,15,0.7895,20.82,0.9884,0.501,5,0,0.0001,2,0,,0
ACC-19275,Mid-Market,12,44,5395.51,39,21,0.5385,20.58,1.3083,0.8638,4,0,0.0001,1,0,-10.0,0
ACC-19276,Mid-Market,36,6,9495.06,148,101,0.6824,11.44,0.6974,0.8513,5,1,1.8,4,0,-14.0,0
ACC-19277,Mid-Market,24,7,3767.67,141,88,0.6241,17.04,1.1515,0.471,3,2,5.9995,4,0,47.0,1
ACC-19278,Enterprise,12,17,15721.19,980,735,0.75,27.02,1.3502,0.4349,3,0,0.0001,8,0,62.0,0
ACC-19279,Enterprise,12,9,23617.28,298,234,0.7852,7.58,0.8385,0.8197,6,0,0.0,2,0,68.0,0
ACC-19280,Mid-Market,12,18,2092.94,32,26,0.8125,16.42,0.8676,0.827,2,1,4.4995,6,0,30.0,0
ACC-19281,SMB,36,26,916.72,31,15,0.4839,9.29,1.6977,0.663,2,1,4.4995,4,0,,0
ACC-19282,SMB,24,16,852.17,8,5,0.625,15.33,0.6057,0.8273,1,0,0.0003,3,0,58.0,0
ACC-19283,Enterprise,24,12,40649.6,711,510,0.7173,21.45,0.695,0.5911,6,1,1.5,3,0,,0
ACC-19284,SMB,24,25,558.94,28,23,0.8214,11.61,0.6955,0.4538,3,2,5.9995,1,0,,1
ACC-19285,SMB,24,6,2122.59,14,12,0.8571,6.44,0.8589,0.5831,5,1,1.8,2,0,,0
ACC-19286,Mid-Market,24,10,4587.2,94,63,0.6702,26.23,1.1252,0.6711,2,1,4.4995,3,0,11.0,0
ACC-19287,SMB,12,19,1591.16,6,2,0.3333,19.95,1.1087,0.6081,5,0,0.0001,8,0,,0
ACC-19288,Mid-Market,24,21,4046.68,144,116,0.8056,11.95,0.9389,0.8235,2,0,0.0001,6,0,45.0,0
ACC-19289,Mid-Market,24,23,3680.27,142,106,0.7465,16.99,0.7923,0.4323,2,1,4.4995,4,0,34.0,0
ACC-19290,Mid-Market,24,11,4198.23,63,52,0.8254,6.99,1.1464,0.6181,4,0,0.0001,4,0,,0
ACC-19291,Mid-Market,36,6,7982.49,39,24,0.6154,16.91,1.1173,0.3841,4,1,2.2499,6,0,54.0,0
ACC-19292,Mid-Market,24,9,7588.25,90,70,0.7778,4.95,0.9666,0.7056,2,0,0.0001,8,0,55.0,0
ACC-19293,Mid-Market,24,8,8978.11,62,47,0.7581,11.16,0.8236,0.7194,3,0,0.0001,7,0,43.0,0
ACC-19294,SMB,36,8,713.47,12,11,0.9167,9.08,1.3005,0.6633,3,0,0.0001,4,0,13.0,0
ACC-19295,SMB,12,4,1074.67,31,23,0.7419,12.32,0.9345,0.6454,2,0,0.0001,2,0,-67.0,0
ACC-19296,SMB,12,8,1804.06,28,20,0.7143,32.96,0.6661,0.8285,5,0,0.0001,3,0,70.0,0
ACC-19297,SMB,24,28,1614.46,24,20,0.8333,52.82,0.8609,0.6576,6,0,0.0,3,0,41.0,0
ACC-19298,SMB,12,10,1261.14,20,19,0.95,14.33,0.8683,0.5124,3,1,2.9998,4,0,51.0,0
ACC-19299,Enterprise,24,22,38950.46,495,444,0.897,18.86,0.9819,0.8205,2,2,8.9988,4,0,,0
ACC-19300,Mid-Market,24,4,3076.95,126,101,0.8016,10.62,0.7375,0.8679,2,1,4.4995,2,0,30.0,0
ACC-19301,Mid-Market,24,13,5585.68,94,61,0.6489,17.63,0.8077,0.458,2,0,0.0001,2,0,53.0,0
ACC-19302,SMB,36,13,1835.9,24,18,0.75,13.57,0.7835,0.8146,2,1,4.4995,1,0,,0
ACC-19303,Mid-Market,12,25,3800.07,37,28,0.7568,9.3,0.8254,0.4632,3,2,5.9995,4,0,16.0,1
ACC-19304,SMB,24,16,2118.29,29,27,0.931,7.71,0.7733,0.5534,3,0,0.0001,4,0,34.0,0
ACC-19305,Enterprise,24,11,36035.13,286,219,0.7657,18.05,0.9605,0.9177,5,0,0.0001,3,0,41.0,0
ACC-19306,Mid-Market,12,21,6555.97,120,107,0.8917,16.28,0.8992,0.6666,2,1,4.4995,5,0,71.0,0
ACC-19307,SMB,12,17,1469.71,24,18,0.75,14.37,0.7527,0.9479,3,0,0.0001,5,0,,0
ACC-19308,Enterprise,24,10,44259.53,234,186,0.7949,18.19,0.8074,0.8804,3,2,5.9995,7,0,,0
ACC-19309,Mid-Market,24,21,7560.28,147,95,0.6463,12.65,1.3675,0.4485,2,1,4.4995,3,0,16.0,0
ACC-19310,Mid-Market,24,25,2737.4,60,37,0.6167,18.34,0.9204,0.7719,3,0,0.0001,5,0,,0
ACC-19311,Mid-Market,12,28,4798.75,140,87,0.6214,11.58,1.0213,0.523,5,0,0.0001,5,0,46.0,0
ACC-19312,SMB,12,14,1841.01,34,28,0.8235,23.97,0.649,0.5411,5,2,3.5998,5,0,59.0,1
ACC-19313,Mid-Market,12,20,6725.65,81,44,0.5432,8.19,0.8757,0.6178,3,0,0.0001,9,0,40.0,0
ACC-19314,Mid-Market,12,20,8185.62,147,85,0.5782,4.07,0.7334,0.7986,6,0,0.0,8,0,38.0,0
ACC-19315,Enterprise,36,5,19119.74,995,745,0.7487,9.79,0.913,0.8324,4,1,2.2499,4,0,,0
ACC-19316,SMB,12,24,457.82,29,20,0.6897,8.93,0.8509,0.8502,1,0,0.0003,8,0,,0
ACC-19317,Mid-Market,36,20,3442.04,139,101,0.7266,20.31,0.8905,0.7131,4,0,0.0001,3,0,-22.0,0
ACC-19318,Mid-Market,36,10,3857.25,146,88,0.6027,4.9,0.8348,0.5168,4,0,0.0001,2,0,-21.0,0
ACC-19319,SMB,36,20,1319.04,26,21,0.8077,9.31,1.02,0.5193,0,0,1.0,9,8,46.0,0
ACC-19320,Mid-Market,12,6,2276.53,103,50,0.4854,8.47,0.819,0.4588,4,0,0.0001,7,4,65.0,0
ACC-19321,SMB,36,23,1720.07,12,5,0.4167,16.57,0.9815,0.5948,4,1,2.2499,6,0,92.0,0
ACC-19322,Mid-Market,12,17,5736.85,86,72,0.8372,11.29,0.7187,0.5834,2,1,4.4995,4,0,44.0,0
ACC-19323,Mid-Market,12,11,8937.97,123,108,0.878,8.96,1.1321,0.3908,2,1,4.4995,5,0,34.0,0
ACC-19324,Enterprise,12,7,44983.76,257,226,0.8794,18.04,1.0225,0.7439,3,1,2.9998,2,0,,0
ACC-19325,SMB,36,10,1645.49,21,17,0.8095,10.05,0.7445,0.5346,3,1,2.9998,1,0,-11.0,0
ACC-19326,SMB,12,6,2346.3,17,12,0.7059,15.06,0.6237,0.6017,3,1,2.9998,2,0,72.0,0
ACC-19327,Mid-Market,12,22,8950.78,50,18,0.36,10.91,0.7744,0.9057,2,0,0.0001,2,0,36.0,0
ACC-19328,Mid-Market,12,21,8339.91,110,67,0.6091,8.46,0.9664,0.656,6,0,0.0,6,0,10.0,0
ACC-19329,SMB,12,26,2103.76,25,18,0.72,7.43,1.1275,0.7533,5,0,0.0001,2,0,100.0,0
ACC-19330,SMB,12,7,1518.27,14,8,0.5714,6.38,0.8527,0.7696,3,0,0.0001,4,0,18.0,0
ACC-19331,SMB,24,7,2272.91,30,25,0.8333,10.31,1.3125,0.6542,3,0,0.0001,4,0,38.0,0
ACC-19332,Mid-Market,24,6,2609.36,82,60,0.7317,24.48,0.9957,0.5087,2,2,8.9988,7,0,,0
ACC-19333,SMB,36,8,1453.56,34,23,0.6765,32.34,0.8605,0.416,2,1,4.4995,3,0,-9.0,0
ACC-19334,Mid-Market,24,28,6186.12,57,40,0.7018,12.04,0.7562,0.8268,5,0,0.0001,3,0,,0
ACC-19335,Mid-Market,36,30,8889.05,40,36,0.9,23.37,1.0392,0.4245,5,0,0.0001,1,0,68.0,0
ACC-19336,Mid-Market,12,15,5812.25,145,90,0.6207,4.13,0.8458,0.6785,2,1,4.4995,2,0,41.0,0
ACC-19337,SMB,24,53,1128.74,24,19,0.7917,10.57,0.8765,0.7293,0,0,1.0,4,12,13.0,0
ACC-19338,Mid-Market,24,9,9606.38,54,41,0.7593,3.71,0.9585,0.6474,2,0,0.0001,2,0,14.0,0
ACC-19339,Mid-Market,12,13,5319.14,131,121,0.9237,10.37,0.6535,0.8207,1,0,0.0003,4,0,19.0,0
ACC-19340,SMB,24,60,873.72,28,26,0.9286,9.76,0.8852,0.7304,4,0,0.0001,5,0,61.0,0
ACC-19341,Mid-Market,24,14,4473.72,148,118,0.7973,11.54,0.9831,0.6576,5,0,0.0001,0,4,,0
ACC-19342,SMB,24,28,1249.95,32,28,0.875,13.47,1.2642,0.3908,1,0,0.0003,8,0,19.0,0
ACC-19343,SMB,24,23,1389.05,8,4,0.5,16.54,0.6623,0.7558,4,1,2.2499,3,0,35.0,0
ACC-19344,Enterprise,12,10,19727.98,429,304,0.7086,16.07,0.7603,0.9211,5,1,1.8,4,0,-7.0,0
ACC-19345,SMB,24,60,1005.13,28,22,0.7857,11.05,0.8948,0.5099,3,1,2.9998,5,0,,0
ACC-19346,SMB,12,24,1869.21,7,6,0.8571,9.73,0.797,0.5198,4,0,0.0001,4,0,47.0,0
ACC-19347,SMB,24,17,1641.6,9,8,0.8889,16.68,1.1534,0.7269,1,3,26.9922,3,0,,1
ACC-19348,SMB,24,7,571.24,23,13,0.5652,11.33,0.6484,0.7696,2,1,4.4995,3,0,,0
ACC-19349,SMB,36,16,2358.09,8,7,0.875,19.93,0.826,0.5125,8,0,0.0,4,0,,0
ACC-19350,Enterprise,12,29,22503.29,728,450,0.6181,5.82,1.1827,0.6141,3,0,0.0001,1,0,19.0,0
ACC-19351,Mid-Market,12,15,3205.08,45,28,0.6222,12.02,0.8144,0.3742,2,0,0.0001,4,0,,0
ACC-19352,SMB,12,18,1959.1,22,16,0.7273,12.3,0.9732,0.4648,3,0,0.0001,4,0,14.0,0
ACC-19353,Mid-Market,12,22,7859.0,44,33,0.75,5.55,0.8812,0.4884,1,0,0.0003,3,0,-27.0,0
ACC-19354,Enterprise,24,6,22315.45,770,578,0.7506,15.43,0.6897,0.7262,2,0,0.0001,9,0,55.0,0
ACC-19355,SMB,24,7,1076.14,20,15,0.75,6.95,0.749,0.8319,1,0,0.0003,3,0,-3.0,0
ACC-19356,SMB,24,25,1758.43,8,6,0.75,12.05,1.1841,0.7783,1,1,8.9976,6,0,42.0,0
ACC-19357,Enterprise,24,14,28815.56,511,454,0.8885,18.87,0.9527,0.7344,2,0,0.0001,2,0,34.0,0
ACC-19358,SMB,12,17,2258.23,21,16,0.7619,8.11,1.1982,0.8499,4,1,2.2499,8,0,6.0,0
ACC-19359,SMB,12,18,2182.3,8,5,0.625,20.02,0.8505,0.383,3,0,0.0001,4,0,,0
ACC-19360,Mid-Market,12,14,8075.86,88,70,0.7955,5.6,0.8192,0.5333,4,0,0.0001,3,0,27.0,0
ACC-19361,SMB,24,47,2134.66,18,17,0.9444,6.73,0.788,0.331,2,1,4.4995,4,0,44.0,0
ACC-19362,Mid-Market,24,33,4654.39,54,43,0.7963,3.35,0.9569,0.3181,4,0,0.0001,5,0,54.0,0
ACC-19363,Enterprise,24,11,28579.77,562,495,0.8808,13.94,0.7596,0.476,2,0,0.0001,3,0,,0
ACC-19364,Mid-Market,12,13,3465.62,76,35,0.4605,23.13,1.0503,0.7989,5,0,0.0001,8,0,36.0,0
ACC-19365,Mid-Market,12,29,3317.65,118,77,0.6525,23.41,1.5173,0.4773,1,0,0.0003,5,0,44.0,0
ACC-19366,Mid-Market,36,28,9860.27,125,114,0.912,3.62,0.7404,0.5696,7,0,0.0,7,0,,0
ACC-19367,SMB,12,9,453.56,27,21,0.7778,10.14,1.4724,0.3965,2,1,4.4995,8,0,53.0,0
ACC-19368,SMB,24,9,1173.02,33,15,0.4545,6.99,0.9318,0.8055,2,0,0.0001,2,0,-19.0,0
ACC-19369,Mid-Market,12,16,4492.1,45,29,0.6444,25.11,1.2381,0.9774,4,0,0.0001,0,0,56.0,0
ACC-19370,SMB,12,35,1735.19,25,11,0.44,21.16,1.4946,0.8789,11,1,0.8182,1,0,45.0,0
ACC-19371,Enterprise,24,11,17307.52,105,80,0.7619,4.26,0.7542,0.5543,3,0,0.0001,5,0,,0
ACC-19372,Enterprise,12,26,18965.8,634,482,0.7603,35.54,0.9789,0.7667,1,1,8.9976,3,0,,0
ACC-19373,SMB,24,11,1315.96,33,26,0.7879,9.74,1.0404,0.8011,5,0,0.0001,1,0,20.0,0
ACC-19374,Enterprise,24,17,34681.42,585,433,0.7402,10.44,1.1298,0.6542,5,0,0.0001,4,0,-2.0,0
ACC-19375,Mid-Market,12,32,9185.87,118,47,0.3983,6.98,0.9414,0.5972,4,0,0.0001,1,0,13.0,0
ACC-19376,SMB,24,6,2258.5,9,8,0.8889,11.84,0.7052,0.7681,4,1,2.2499,2,24,22.0,0
ACC-19377,Mid-Market,24,18,9968.89,99,90,0.9091,9.81,0.8266,0.61,2,0,0.0001,4,0,,0
ACC-19378,SMB,12,8,1371.82,30,24,0.8,9.66,0.8464,0.64,5,0,0.0001,6,0,60.0,0
ACC-19379,Mid-Market,24,49,8603.58,82,58,0.7073,21.12,2.1619,0.6185,5,0,0.0001,4,0,,0
ACC-19380,Enterprise,24,14,26662.63,486,225,0.463,32.73,0.6756,0.813,1,0,0.0003,6,8,30.0,0
ACC-19381,Mid-Market,12,30,5650.51,74,65,0.8784,14.99,0.8853,0.5657,3,0,0.0001,4,0,-14.0,0
ACC-19382,Mid-Market,36,6,2110.65,84,44,0.5238,16.49,0.813,0.8453,7,0,0.0,3,0,59.0,0
ACC-19383,Mid-Market,12,34,8305.41,143,112,0.7832,21.95,1.0151,0.5677,1,0,0.0003,3,0,-14.0,0
ACC-19384,Mid-Market,24,28,5352.83,101,86,0.8515,19.49,0.8469,0.8183,1,0,0.0003,6,0,39.0,0
ACC-19385,SMB,24,38,2388.23,29,23,0.7931,9.92,0.7753,0.5433,4,0,0.0001,6,0,49.0,0
ACC-19386,SMB,12,30,1866.24,31,22,0.7097,7.37,0.9929,0.7977,7,0,0.0,8,0,43.0,0
ACC-19387,Mid-Market,12,11,6346.87,117,59,0.5043,9.97,0.7133,0.479,3,0,0.0001,5,8,13.0,0
ACC-19388,Mid-Market,12,5,2694.27,38,28,0.7368,18.34,0.7459,0.4565,5,0,0.0001,5,0,87.0,0
ACC-19389,Mid-Market,12,16,2577.34,126,97,0.7698,10.85,1.4929,0.6759,4,1,2.2499,3,0,,1
ACC-19390,SMB,24,14,1722.25,15,7,0.4667,20.94,1.0649,0.6874,5,0,0.0001,5,4,-4.0,0
ACC-19391,SMB,24,18,2141.04,10,7,0.7,14.92,1.0401,0.5266,2,0,0.0001,7,0,81.0,0
ACC-19392,Mid-Market,12,21,6210.93,101,78,0.7723,6.14,1.2224,0.5126,3,0,0.0001,7,0,,0
ACC-19393,SMB,24,37,1973.69,14,9,0.6429,10.14,0.7852,0.6957,4,0,0.0001,2,0,26.0,0
ACC-19394,Mid-Market,36,31,9506.77,55,46,0.8364,13.58,0.6478,0.6148,4,0,0.0001,3,0,-4.0,0
ACC-19395,Enterprise,24,35,41028.63,282,248,0.8794,36.48,0.8041,0.5165,6,0,0.0,2,16,100.0,0
ACC-19396,Enterprise,24,14,41193.13,282,267,0.9468,7.69,1.1548,0.6981,5,0,0.0001,3,0,36.0,0
ACC-19397,Mid-Market,24,28,3399.43,95,52,0.5474,21.15,0.9795,0.8268,2,0,0.0001,4,0,28.0,0
ACC-19398,Mid-Market,12,28,3849.35,118,74,0.6271,10.41,1.2192,0.8228,5,0,0.0001,9,0,45.0,0
ACC-19399,Enterprise,12,36,31442.67,410,286,0.6976,6.43,1.0161,0.786,0,1,30001.0,4,0,,0
ACC-19400,SMB,24,16,2203.93,29,18,0.6207,14.65,0.8703,0.7013,4,0,0.0001,7,0,,0
ACC-19401,Mid-Market,12,46,9145.43,73,41,0.5616,26.57,1.2315,0.5913,2,0,0.0001,0,8,27.0,0
ACC-19402,Mid-Market,24,47,5930.17,41,28,0.6829,15.42,1.363,0.6563,2,2,8.9988,2,0,32.0,1
ACC-19403,Mid-Market,24,8,7423.55,92,79,0.8587,11.71,1.3049,0.7839,3,0,0.0001,10,0,,0
ACC-19404,Enterprise,24,18,36976.4,594,397,0.6684,20.34,0.9909,0.7162,3,1,2.9998,9,0,13.0,0
ACC-19405,Mid-Market,12,24,8830.9,34,28,0.8235,8.77,0.7675,0.6474,4,1,2.2499,2,0,5.0,0
ACC-19406,Mid-Market,12,21,6209.82,147,118,0.8027,21.48,1.3253,0.5265,4,1,2.2499,4,0,13.0,0
ACC-19407,Mid-Market,12,8,4809.52,46,32,0.6957,9.83,1.0082,0.7982,5,1,1.8,4,0,,0
ACC-19408,Enterprise,12,9,41301.07,104,51,0.4904,4.78,2.1683,0.7693,5,1,1.8,2,0,,0
ACC-19409,Mid-Market,12,9,9673.04,114,76,0.6667,13.21,0.8184,0.4668,0,0,1.0,8,0,76.0,0
ACC-19410,Enterprise,24,9,38888.84,856,657,0.7675,18.08,0.8949,0.6826,7,0,0.0,6,4,16.0,0
ACC-19411,SMB,12,19,1595.41,11,7,0.6364,26.86,0.8798,0.7617,2,1,4.4995,5,0,-10.0,0
ACC-19412,SMB,12,50,421.09,10,7,0.7,8.2,0.8252,0.6441,2,0,0.0001,1,0,31.0,0
ACC-19413,Enterprise,12,7,28649.76,586,480,0.8191,9.23,0.8048,0.9085,5,0,0.0001,4,12,73.0,0
ACC-19414,Mid-Market,12,16,7860.37,88,61,0.6932,23.8,0.9521,0.8446,2,0,0.0001,3,0,,0
ACC-19415,Enterprise,12,17,42102.27,147,116,0.7891,35.6,0.9305,0.5861,2,0,0.0001,4,0,14.0,0
ACC-19416,Mid-Market,12,43,7828.03,53,45,0.8491,21.8,0.7577,0.7485,3,1,2.9998,6,16,12.0,1
ACC-19417,Mid-Market,36,27,9709.29,98,78,0.7959,17.15,1.0287,0.5469,2,0,0.0001,4,0,59.0,0
ACC-19418,Mid-Market,12,20,7164.44,117,102,0.8718,23.68,0.7856,0.9482,3,0,0.0001,1,0,,0
ACC-19419,Mid-Market,24,9,8548.57,82,79,0.9634,7.96,0.7321,0.7125,5,0,0.0001,3,0,,0
ACC-19420,SMB,36,21,1977.95,22,7,0.3182,14.86,0.7292,0.5917,5,1,1.8,3,0,3.0,0
ACC-19421,Mid-Market,12,30,6194.69,114,78,0.6842,20.15,1.2469,0.6728,5,1,1.8,4,0,66.0,0
ACC-19422,Mid-Market,24,7,4464.87,32,28,0.875,14.02,0.8833,0.6682,4,0,0.0001,3,0,-2.0,0
ACC-19423,Mid-Market,12,20,8746.01,49,37,0.7551,7.66,1.7708,0.765,2,0,0.0001,1,0,,0
ACC-19424,SMB,12,24,1797.36,29,25,0.8621,18.62,1.3688,0.2036,3,1,2.9998,7,0,-6.0,0
ACC-19425,SMB,12,26,603.8,27,21,0.7778,21.95,1.1504,0.6281,2,0,0.0001,6,0,,0
ACC-19426,Mid-Market,12,24,2650.5,84,67,0.7976,33.72,0.8882,0.8312,3,0,0.0001,6,0,59.0,0
ACC-19427,SMB,12,33,997.03,27,15,0.5556,12.84,0.8201,0.6494,2,0,0.0001,5,0,50.0,0
ACC-19428,Mid-Market,12,7,5138.1,114,95,0.8333,4.74,0.7417,0.5067,5,0,0.0001,1,0,66.0,0
ACC-19429,SMB,24,35,1816.53,23,16,0.6957,11.89,0.7298,0.9553,2,2,8.9988,3,0,17.0,1
ACC-19430,SMB,36,6,1547.99,28,26,0.9286,11.64,0.8025,0.9584,3,0,0.0001,6,0,,0
ACC-19431,Enterprise,12,25,26833.02,697,474,0.6801,14.21,0.7519,0.822,7,1,1.2857,3,0,,0
ACC-19432,SMB,12,34,1906.15,19,11,0.5789,24.61,1.3963,0.7505,1,1,8.9976,6,0,3.0,0
ACC-19433,Mid-Market,12,12,6595.36,109,93,0.8532,11.26,0.973,0.6029,0,0,1.0,2,0,12.0,0
ACC-19434,Mid-Market,12,9,4276.31,100,75,0.75,4.09,1.202,0.6339,6,0,0.0,6,0,28.0,0
ACC-19435,Mid-Market,24,12,3953.34,86,70,0.814,23.89,1.1974,0.4823,5,0,0.0001,4,0,70.0,0
ACC-19436,SMB,12,12,2134.71,33,28,0.8485,8.67,1.1832,0.763,6,1,1.5,3,0,29.0,0
ACC-19437,Mid-Market,12,14,4533.33,43,34,0.7907,9.88,0.8189,0.6343,2,0,0.0001,4,0,,0
ACC-19438,Enterprise,24,27,44464.98,631,563,0.8922,21.71,0.7839,0.6554,5,1,1.8,3,0,,0
ACC-19439,SMB,24,16,1626.31,15,8,0.5333,20.59,1.4549,0.6971,2,0,0.0001,2,12,86.0,0
ACC-19440,Enterprise,12,21,33983.82,961,842,0.8762,4.02,0.9078,0.6198,4,0,0.0001,7,0,43.0,0
ACC-19441,Enterprise,24,12,38008.04,213,160,0.7512,18.31,1.0741,0.6873,2,0,0.0001,1,0,11.0,0
ACC-19442,Mid-Market,12,11,3505.88,94,83,0.883,7.34,1.5733,0.6681,2,1,4.4995,5,0,37.0,0
ACC-19443,Mid-Market,12,11,5451.57,95,90,0.9474,20.67,0.6752,0.8623,4,0,0.0001,6,0,22.0,0
ACC-19444,Mid-Market,12,21,6819.93,104,93,0.8942,11.49,1.3528,0.5067,5,0,0.0001,4,0,36.0,0
ACC-19445,Enterprise,12,23,14149.42,553,315,0.5696,12.72,1.3742,0.725,5,2,3.5998,3,0,,1
ACC-19446,SMB,36,29,1075.8,29,21,0.7241,17.21,0.9098,0.6329,4,1,2.2499,6,0,,0
ACC-19447,SMB,12,24,1169.65,16,13,0.8125,12.12,0.7256,0.7949,5,0,0.0001,2,4,,0
ACC-19448,Mid-Market,12,18,7310.82,39,30,0.7692,24.52,0.7271,0.6493,2,0,0.0001,7,0,,0
ACC-19449,Mid-Market,12,15,4178.35,148,117,0.7905,3.68,1.3463,0.6272,5,1,1.8,4,20,-18.0,1
ACC-19450,Mid-Market,12,7,6961.02,86,71,0.8256,14.12,1.3713,0.7826,2,0,0.0001,2,0,,0
ACC-19451,Mid-Market,24,12,5930.93,110,76,0.6909,10.06,0.9064,0.6396,5,0,0.0001,2,0,79.0,0
ACC-19452,Enterprise,12,6,30069.59,426,235,0.5516,5.98,0.7287,0.9335,2,0,0.0001,0,0,58.0,0
ACC-19453,Enterprise,12,17,26653.66,611,463,0.7578,13.38,0.9434,0.9581,4,0,0.0001,4,0,19.0,0
ACC-19454,SMB,24,10,1680.26,32,24,0.75,17.11,0.85,0.6718,5,0,0.0001,2,0,23.0,0
ACC-19455,Mid-Market,12,13,4951.11,135,115,0.8519,10.37,1.3481,0.354,2,1,4.4995,3,0,91.0,0
ACC-19456,Mid-Market,12,20,6305.6,107,89,0.8318,13.19,0.9238,0.671,2,0,0.0001,4,0,100.0,0
ACC-19457,SMB,12,13,2208.69,5,4,0.8,15.18,0.8033,0.7636,6,1,1.5,8,0,28.0,0
ACC-19458,SMB,12,10,608.87,28,27,0.9643,17.22,0.9945,0.7529,5,0,0.0001,5,0,21.0,0
ACC-19459,Mid-Market,12,10,6289.79,93,86,0.9247,16.51,0.901,0.4047,1,0,0.0003,4,0,22.0,0
ACC-19460,SMB,12,33,2115.35,9,7,0.7778,13.16,0.6846,0.6716,3,0,0.0001,4,0,39.0,0
ACC-19461,Enterprise,24,18,31738.04,721,520,0.7212,9.06,1.6999,0.5227,6,0,0.0,5,4,35.0,0
ACC-19462,SMB,24,23,2435.25,16,9,0.5625,12.65,0.9157,0.8096,6,0,0.0,2,0,44.0,0
ACC-19463,Mid-Market,24,9,3156.57,128,98,0.7656,11.51,1.2189,0.3953,6,0,0.0,9,16,64.0,0
ACC-19464,SMB,24,8,712.94,5,4,0.8,21.3,0.5615,0.6783,3,1,2.9998,2,0,10.0,0
ACC-19465,SMB,12,4,1436.16,6,5,0.8333,31.05,1.0411,0.8051,2,0,0.0001,6,4,11.0,0
ACC-19466,SMB,24,12,1936.83,33,28,0.8485,20.78,1.1622,0.4292,3,1,2.9998,3,4,65.0,0
ACC-19467,SMB,12,42,1815.49,29,19,0.6552,14.24,0.7995,0.6777,4,0,0.0001,6,0,,0
ACC-19468,Mid-Market,12,22,9231.61,34,33,0.9706,4.91,1.3009,0.5846,5,0,0.0001,7,0,75.0,0
ACC-19469,Mid-Market,12,12,3879.34,82,71,0.8659,15.17,3.4815,0.6353,4,0,0.0001,3,0,36.0,0
ACC-19470,Mid-Market,12,28,7199.34,56,45,0.8036,12.12,0.8189,0.5385,5,0,0.0001,5,0,64.0,0
ACC-19471,SMB,36,7,1468.36,5,2,0.4,8.5,0.7059,0.7333,5,0,0.0001,7,0,47.0,0
ACC-19472,SMB,12,31,930.14,17,10,0.5882,12.46,1.205,0.3581,3,0,0.0001,3,0,8.0,0
ACC-19473,Mid-Market,12,35,2196.72,135,69,0.5111,13.93,1.2392,0.7046,5,1,1.8,1,0,,0
ACC-19474,SMB,12,12,1208.05,20,18,0.9,30.62,0.849,0.5797,2,0,0.0001,7,0,,0
ACC-19475,SMB,12,13,2393.71,18,8,0.4444,5.66,0.8036,0.7446,1,0,0.0003,4,0,33.0,0
ACC-19476,SMB,12,19,1097.62,34,24,0.7059,8.26,0.8349,0.7267,5,0,0.0001,4,0,66.0,0
ACC-19477,SMB,12,7,876.13,9,8,0.8889,28.8,1.2703,0.715,2,0,0.0001,6,0,78.0,0
ACC-19478,Mid-Market,12,16,4515.52,130,61,0.4692,8.67,1.1174,0.7262,1,2,17.9949,3,0,24.0,1
ACC-19479,Enterprise,24,50,43565.48,727,463,0.6369,10.35,1.1999,0.4038,4,2,4.4997,3,0,,1
ACC-19480,Enterprise,12,11,25155.14,428,335,0.7827,8.28,1.3373,0.5762,1,0,0.0003,4,0,,0
ACC-19481,Mid-Market,12,15,8536.0,146,140,0.9589,5.6,0.7717,0.7441,4,1,2.2499,5,0,34.0,0
ACC-19482,Mid-Market,24,15,9356.06,36,24,0.6667,7.46,0.9881,0.6982,1,0,0.0003,6,0,22.0,0
ACC-19483,SMB,36,28,1325.48,6,3,0.5,24.32,1.0709,0.8188,3,0,0.0001,4,0,,0
ACC-19484,SMB,12,21,830.74,23,21,0.913,19.02,1.3093,0.4535,3,0,0.0001,9,0,73.0,0
ACC-19485,Mid-Market,12,27,4138.7,76,56,0.7368,23.59,0.8504,0.7,4,0,0.0001,5,0,33.0,0
ACC-19486,Enterprise,36,12,17465.28,103,88,0.8544,14.7,1.0326,0.4958,2,1,4.4995,5,0,59.0,0
ACC-19487,Enterprise,12,24,38022.03,194,148,0.7629,17.03,0.8968,0.4406,1,0,0.0003,4,0,73.0,0
ACC-19488,Enterprise,12,7,43993.71,129,115,0.8915,18.47,1.2878,0.6961,5,0,0.0001,7,0,-5.0,0
ACC-19489,Mid-Market,12,6,6323.05,103,67,0.6505,11.98,0.7418,0.8163,5,0,0.0001,1,0,-17.0,0
ACC-19490,Mid-Market,36,30,3770.8,72,57,0.7917,20.09,0.8162,0.8082,2,1,4.4995,6,0,36.0,0
ACC-19491,Enterprise,36,9,34286.35,373,228,0.6113,16.87,0.9317,0.9225,3,0,0.0001,2,0,70.0,0
ACC-19492,Mid-Market,24,5,5044.77,59,53,0.8983,9.41,0.9469,0.585,2,0,0.0001,6,0,,0
ACC-19493,Enterprise,12,16,11442.19,506,441,0.8715,9.77,0.8726,0.956,0,0,1.0,2,0,55.0,0
ACC-19494,Mid-Market,12,23,6912.5,70,48,0.6857,8.98,0.9249,0.4723,5,3,5.3997,9,0,,1
ACC-19495,Mid-Market,12,5,8992.03,96,48,0.5,18.66,0.6767,0.7628,3,0,0.0001,4,0,18.0,0
ACC-19496,Mid-Market,24,14,8256.35,139,66,0.4748,14.48,1.0328,0.7752,1,0,0.0003,0,0,,0
ACC-19497,Mid-Market,36,22,9662.58,103,91,0.8835,18.51,1.7458,0.7981,6,1,1.5,6,0,30.0,0
ACC-19498,SMB,12,22,1339.61,27,18,0.6667,9.86,0.7364,0.7351,4,0,0.0001,4,0,18.0,0
ACC-19499,Mid-Market,24,4,4330.14,31,26,0.8387,9.08,1.1728,0.2981,3,1,2.9998,4,0,,0
ACC-19500,Mid-Market,12,18,9547.76,105,58,0.5524,14.13,0.9409,0.5183,1,0,0.0003,4,0,,0
ACC-19501,SMB,12,19,2433.01,14,11,0.7857,9.54,1.2728,0.4406,2,1,4.4995,1,0,81.0,0
ACC-19502,Mid-Market,24,16,8954.75,78,72,0.9231,7.46,1.4699,0.5606,0,2,60001.0,3,0,,1
ACC-19503,SMB,12,31,1447.82,9,7,0.7778,8.97,0.7557,0.7159,2,0,0.0001,3,0,37.0,0
ACC-19504,Mid-Market,12,14,8020.29,36,33,0.9167,11.39,0.8388,0.4198,6,1,1.5,1,0,12.0,0
ACC-19505,Mid-Market,12,23,7295.87,87,77,0.8851,19.47,1.0653,0.8115,3,1,2.9998,3,0,-14.0,0
ACC-19506,Enterprise,24,18,42845.47,694,597,0.8602,30.78,0.9532,0.6288,1,0,0.0003,2,0,5.0,0
ACC-19507,Mid-Market,24,21,2225.37,57,38,0.6667,3.12,0.7477,0.5151,5,0,0.0001,0,0,5.0,0
ACC-19508,Mid-Market,36,17,2779.58,99,95,0.9596,10.65,1.4866,0.584,2,0,0.0001,2,0,77.0,0
ACC-19509,Enterprise,24,16,8245.86,648,644,0.9938,8.58,0.9378,0.7004,2,0,0.0001,2,0,32.0,0
ACC-19510,Mid-Market,12,34,9231.72,125,65,0.52,11.36,0.6243,0.4804,3,0,0.0001,5,0,39.0,0
ACC-19511,Mid-Market,12,11,4775.62,130,65,0.5,12.54,1.1515,0.3553,3,0,0.0001,3,0,25.0,0
ACC-19512,Enterprise,36,11,26168.97,571,458,0.8021,8.06,0.7899,0.6856,1,1,8.9976,8,0,,0
ACC-19513,SMB,24,33,604.27,7,5,0.7143,12.43,1.0177,0.7321,3,0,0.0001,7,0,47.0,0
ACC-19514,Mid-Market,24,11,8175.44,114,89,0.7807,10.83,0.9069,0.6841,4,0,0.0001,6,0,,0
ACC-19515,Enterprise,24,5,36791.53,787,708,0.8996,9.42,1.2197,0.5144,3,1,2.9998,6,0,53.0,0
ACC-19516,Mid-Market,24,16,3392.09,78,56,0.7179,6.96,0.9491,0.4832,2,0,0.0001,5,0,,0
ACC-19517,SMB,12,6,1596.2,29,22,0.7586,11.79,1.3559,0.7126,2,1,4.4995,5,0,,0
ACC-19518,Mid-Market,12,2,4646.12,147,113,0.7687,24.13,0.8378,0.51,2,0,0.0001,5,0,48.0,0
ACC-19519,Mid-Market,24,16,9650.7,42,40,0.9524,10.29,0.7799,0.6237,2,0,0.0001,3,0,,0
ACC-19520,Mid-Market,24,22,7433.46,79,71,0.8987,29.52,0.8731,0.2291,4,0,0.0001,4,12,,0
ACC-19521,Mid-Market,24,31,8742.31,48,42,0.875,17.71,1.5774,0.7805,4,2,4.4997,5,0,62.0,0
ACC-19522,SMB,12,28,2114.98,25,18,0.72,7.66,1.3722,0.8996,3,0,0.0001,3,0,-13.0,0
ACC-19523,SMB,12,7,1456.65,10,5,0.5,6.85,0.6652,0.5259,6,0,0.0,2,0,,0
ACC-19524,Enterprise,24,13,25451.86,961,840,0.8741,14.19,0.9414,0.6672,3,0,0.0001,3,0,21.0,0
ACC-19525,Mid-Market,24,24,7458.25,33,24,0.7273,13.74,0.939,0.8476,4,0,0.0001,6,0,72.0,0
ACC-19526,SMB,24,15,2196.91,22,15,0.6818,14.23,0.8698,0.7416,4,0,0.0001,3,0,,0
ACC-19527,Enterprise,12,10,27349.65,192,126,0.6562,11.24,0.7933,0.753,2,0,0.0001,1,52,,1
ACC-19528,SMB,36,4,1565.9,6,4,0.6667,26.96,1.2299,0.7712,2,0,0.0001,2,0,9.0,0
ACC-19529,SMB,24,17,1984.45,22,16,0.7273,4.28,1.0047,0.6686,4,1,2.2499,6,0,34.0,0
ACC-19530,Enterprise,24,7,15248.64,621,458,0.7375,20.45,1.1116,0.52,2,0,0.0001,3,0,25.0,0
ACC-19531,SMB,12,20,1107.45,23,21,0.913,24.3,0.7983,0.5057,1,2,17.9949,3,0,61.0,1
ACC-19532,Mid-Market,12,11,9174.54,147,100,0.6803,5.71,1.0447,0.5107,2,1,4.4995,4,0,46.0,0
ACC-19533,SMB,24,12,566.93,31,20,0.6452,29.13,1.3173,0.6947,3,1,2.9998,1,0,20.0,0
ACC-19534,Mid-Market,12,24,5272.27,120,87,0.725,5.39,0.8024,0.5819,1,2,17.9949,1,0,19.0,1
ACC-19535,Mid-Market,12,11,5043.57,44,38,0.8636,9.01,0.6566,0.6485,3,1,2.9998,4,8,-10.0,0
ACC-19536,Mid-Market,12,10,3952.21,148,102,0.6892,10.55,1.2677,0.8056,5,0,0.0001,9,0,11.0,0
ACC-19537,SMB,24,19,2016.91,13,9,0.6923,6.32,0.9277,0.7824,4,0,0.0001,6,0,25.0,0
ACC-19538,Enterprise,12,11,42286.77,832,672,0.8077,9.32,0.8865,0.7254,2,0,0.0001,4,0,,0
ACC-19539,Mid-Market,12,15,5466.77,77,58,0.7532,12.33,1.5418,0.8026,5,0,0.0001,4,0,44.0,0
ACC-19540,Enterprise,36,38,17106.4,640,543,0.8484,21.83,1.1853,0.8564,5,0,0.0001,8,0,63.0,0
ACC-19541,Mid-Market,24,17,8247.59,102,75,0.7353,16.53,0.7743,0.4828,1,1,8.9976,5,0,26.0,0
ACC-19542,Mid-Market,12,15,9793.38,117,86,0.735,3.28,0.8753,0.7292,1,0,0.0003,3,16,27.0,0
ACC-19543,Mid-Market,12,28,3139.68,72,52,0.7222,15.73,0.9272,0.7365,7,0,0.0,2,0,55.0,0
ACC-19544,Mid-Market,36,4,9315.35,131,99,0.7557,4.37,0.7514,0.4503,4,0,0.0001,4,48,-7.0,0
ACC-19545,Enterprise,12,30,28769.64,524,415,0.792,4.91,0.8426,0.7027,3,0,0.0001,4,0,77.0,0
ACC-19546,Enterprise,24,3,27236.3,975,853,0.8749,7.48,1.1438,0.2648,2,0,0.0001,6,0,,0
ACC-19547,Enterprise,12,37,9115.25,116,64,0.5517,19.12,1.0059,0.6588,9,1,1.0,5,0,24.0,0
ACC-19548,Mid-Market,24,6,9088.75,56,44,0.7857,22.47,0.9862,0.8427,3,1,2.9998,4,4,20.0,0
ACC-19549,SMB,24,17,1653.78,23,19,0.8261,6.67,1.0522,0.551,0,2,60001.0,1,0,-38.0,1
ACC-19550,Enterprise,24,6,19197.59,284,258,0.9085,3.37,0.8265,0.8006,4,2,4.4997,4,0,21.0,1
ACC-19551,SMB,12,26,879.52,25,21,0.84,13.32,0.7793,0.749,4,0,0.0001,3,0,41.0,0
ACC-19552,SMB,24,29,2249.73,6,5,0.8333,9.62,1.0432,0.8538,4,0,0.0001,3,0,35.0,0
ACC-19553,Mid-Market,12,28,5873.92,61,49,0.8033,5.86,0.9051,0.8146,2,0,0.0001,4,0,54.0,0
ACC-19554,Mid-Market,36,10,9133.97,58,38,0.6552,21.91,0.8372,0.4101,4,0,0.0001,3,0,,0
ACC-19555,SMB,12,21,2326.14,23,19,0.8261,12.34,1.2051,0.5806,3,0,0.0001,3,0,47.0,0
ACC-19556,Enterprise,24,37,20479.01,814,624,0.7666,26.62,1.3791,0.5974,3,1,2.9998,3,0,,0
ACC-19557,Mid-Market,12,15,3261.8,57,48,0.8421,20.29,1.7264,0.4876,0,0,1.0,5,0,15.0,0
ACC-19558,SMB,24,15,761.29,21,18,0.8571,18.14,1.2735,0.7046,0,0,1.0,2,0,100.0,0
ACC-19559,Mid-Market,12,22,9741.4,52,36,0.6923,8.91,1.7324,0.5076,5,0,0.0001,5,16,78.0,0
ACC-19560,SMB,12,10,1488.58,19,16,0.8421,46.82,0.9092,0.7783,2,0,0.0001,4,0,-0.0,0
ACC-19561,Enterprise,12,8,42722.1,478,303,0.6339,20.16,1.0603,0.5314,5,1,1.8,5,0,80.0,0
ACC-19562,SMB,12,5,648.77,29,18,0.6207,10.77,1.0617,0.3937,2,0,0.0001,7,0,,0
ACC-19563,Mid-Market,12,23,4562.84,147,119,0.8095,30.03,1.1227,0.6172,3,0,0.0001,6,0,63.0,0
ACC-19564,Mid-Market,12,12,3698.46,146,56,0.3836,7.63,1.26,0.8599,5,0,0.0001,3,0,,0
ACC-19565,Mid-Market,24,20,7727.77,125,96,0.768,8.23,0.9505,0.7446,10,0,0.0,3,0,69.0,0
ACC-19566,Mid-Market,12,14,5878.4,92,46,0.5,16.33,1.3686,0.5828,3,0,0.0001,7,0,64.0,0
ACC-19567,SMB,24,29,1201.89,10,7,0.7,19.08,0.899,0.4955,1,0,0.0003,3,0,30.0,0
ACC-19568,Mid-Market,12,33,8460.57,123,104,0.8455,11.91,0.9894,0.6381,3,0,0.0001,1,0,25.0,0
ACC-19569,SMB,24,17,1680.64,20,13,0.65,7.14,0.781,0.7401,0,2,60001.0,6,0,,1
ACC-19570,Mid-Market,12,37,2107.94,39,25,0.641,21.35,1.0757,0.7744,9,2,2.0,3,0,,1
ACC-19571,Enterprise,36,10,25405.7,907,662,0.7299,9.86,1.1456,0.4665,2,0,0.0001,2,0,,0
ACC-19572,Enterprise,24,9,9031.98,730,438,0.6,3.96,0.9698,0.5895,6,0,0.0,4,0,19.0,0
ACC-19573,Enterprise,12,18,23411.82,983,557,0.5666,30.95,1.023,0.8731,3,0,0.0001,2,0,,0
ACC-19574,Mid-Market,24,21,5951.46,77,69,0.8961,13.45,0.6838,0.5728,6,0,0.0,1,0,84.0,0
ACC-19575,Mid-Market,12,32,5837.73,148,95,0.6419,12.35,1.4582,0.4695,2,0,0.0001,1,0,,0
ACC-19576,SMB,24,16,536.15,29,15,0.5172,13.88,0.8446,0.6695,1,1,8.9976,5,0,-17.0,0
ACC-19577,SMB,12,19,1189.62,19,17,0.8947,15.3,1.0332,0.709,2,0,0.0001,2,0,24.0,0
ACC-19578,Enterprise,12,60,19000.35,246,209,0.8496,15.27,1.228,0.7282,2,0,0.0001,3,0,-31.0,0
ACC-19579,Mid-Market,12,9,3412.85,116,60,0.5172,19.07,1.044,0.845,4,0,0.0001,3,8,52.0,0
ACC-19580,Mid-Market,24,14,8495.85,55,39,0.7091,9.97,0.7001,0.6864,4,0,0.0001,2,0,-28.0,0
ACC-19581,Mid-Market,12,21,8459.02,139,115,0.8273,23.66,1.1289,0.8185,1,1,8.9976,2,0,-9.0,0
ACC-19582,Enterprise,24,43,27348.98,235,141,0.6,8.78,0.8328,0.6577,4,2,4.4997,1,0,34.0,1
ACC-19583,Enterprise,12,12,42280.27,111,95,0.8559,8.14,1.2253,0.9062,3,0,0.0001,6,0,52.0,0
ACC-19584,SMB,12,6,1905.58,15,10,0.6667,24.41,0.9822,0.2788,1,0,0.0003,4,0,,0
ACC-19585,SMB,24,37,1291.65,6,4,0.6667,10.96,0.8983,0.8179,3,0,0.0001,1,0,,0
ACC-19586,Enterprise,24,11,41775.99,554,472,0.852,7.03,0.6583,0.753,4,0,0.0001,3,0,27.0,0
ACC-19587,Mid-Market,36,9,5960.53,84,29,0.3452,17.48,1.763,0.7703,5,1,1.8,7,0,63.0,0
ACC-19588,Mid-Market,24,13,9185.02,60,45,0.75,6.09,1.4223,0.8257,4,2,4.4997,1,0,81.0,0
ACC-19589,SMB,24,10,759.07,14,13,0.9286,16.32,1.0823,0.7678,4,1,2.2499,1,0,31.0,0
ACC-19590,Mid-Market,24,21,8029.41,120,87,0.725,16.02,0.7141,0.8686,4,0,0.0001,7,0,1.0,0
ACC-19591,Enterprise,12,26,10946.71,971,809,0.8332,14.25,1.2752,0.4752,6,3,4.4998,5,0,48.0,1
ACC-19592,SMB,12,16,418.45,25,22,0.88,15.87,1.5025,0.3349,2,1,4.4995,1,0,28.0,0
ACC-19593,Mid-Market,12,14,3423.56,44,32,0.7273,10.3,1.3409,0.4387,3,0,0.0001,3,0,47.0,0
ACC-19594,Mid-Market,12,29,6186.86,98,86,0.8776,23.51,0.9649,0.8427,4,0,0.0001,2,0,34.0,0
ACC-19595,Mid-Market,12,10,6301.81,54,36,0.6667,14.21,0.8019,0.6822,2,0,0.0001,5,0,,0
ACC-19596,Mid-Market,36,10,8131.55,91,68,0.7473,6.73,0.7385,0.6841,0,0,1.0,2,0,65.0,0
ACC-19597,Mid-Market,12,17,2352.17,58,53,0.9138,8.23,1.1708,0.6577,3,0,0.0001,3,0,2.0,0
ACC-19598,Mid-Market,24,7,2815.02,117,88,0.7521,14.48,0.8299,0.3795,4,0,0.0001,3,0,-1.0,0
ACC-19599,Mid-Market,24,6,6470.25,140,81,0.5786,12.03,0.896,0.7299,4,1,2.2499,9,0,24.0,0
ACC-19600,Enterprise,12,12,32209.11,168,129,0.7679,4.64,0.8873,0.3528,4,0,0.0001,4,0,,0
ACC-19601,SMB,12,14,618.4,12,11,0.9167,10.23,1.0634,0.9138,4,1,2.2499,6,12,90.0,0
ACC-19602,Enterprise,12,30,20027.21,930,888,0.9548,3.9,0.7095,0.7836,8,0,0.0,2,0,,0
ACC-19603,Enterprise,24,15,12490.58,498,413,0.8293,8.57,1.0368,0.7107,6,1,1.5,0,0,0.0,0
ACC-19604,SMB,36,12,746.34,10,9,0.9,7.95,0.6365,0.6711,4,1,2.2499,7,0,,0
ACC-19605,SMB,12,8,1334.59,10,6,0.6,21.78,1.0281,0.8798,2,0,0.0001,2,0,62.0,0
ACC-19606,SMB,24,27,1331.69,24,22,0.9167,9.51,0.7486,0.8429,4,0,0.0001,7,4,,0
ACC-19607,Mid-Market,12,11,4526.26,72,50,0.6944,15.46,0.7726,0.9057,7,0,0.0,2,0,34.0,0
ACC-19608,Mid-Market,24,9,9737.2,111,80,0.7207,16.5,0.6152,0.8437,5,1,1.8,7,0,36.0,0
ACC-19609,SMB,24,15,1022.47,14,12,0.8571,14.72,1.1521,0.936,5,0,0.0001,5,0,40.0,0
ACC-19610,SMB,12,28,1877.09,30,26,0.8667,8.38,0.9969,0.516,3,1,2.9998,2,0,-2.0,1
ACC-19611,Mid-Market,12,20,4482.07,84,61,0.7262,21.96,0.7078,0.6569,3,0,0.0001,5,0,-2.0,0
ACC-19612,SMB,12,22,1473.37,28,22,0.7857,13.97,1.0103,0.8962,1,0,0.0003,4,0,26.0,0
ACC-19613,Enterprise,12,11,38351.09,916,742,0.81,8.16,1.1605,0.8764,0,1,30001.0,3,0,,0
ACC-19614,SMB,24,24,1348.25,8,6,0.75,5.18,0.8875,0.8407,4,0,0.0001,4,0,41.0,0
ACC-19615,SMB,12,25,1142.63,13,12,0.9231,20.65,0.9707,0.8421,3,0,0.0001,6,0,61.0,0
ACC-19616,SMB,24,22,1615.19,9,8,0.8889,7.28,0.7474,0.7925,3,0,0.0001,5,0,63.0,0
ACC-19617,SMB,12,26,1049.74,28,20,0.7143,19.46,0.6836,0.756,4,0,0.0001,0,0,61.0,0
ACC-19618,SMB,24,45,1279.17,11,10,0.9091,26.72,1.1317,0.6317,3,1,2.9998,2,0,,0
ACC-19619,Enterprise,24,33,17831.89,281,225,0.8007,16.38,0.9698,0.7046,2,1,4.4995,5,0,,0
ACC-19620,Mid-Market,24,9,3503.03,136,69,0.5074,4.56,0.8769,0.5506,4,0,0.0001,2,0,,0
ACC-19621,Enterprise,12,10,26271.94,599,554,0.9249,12.84,0.8581,0.7916,4,2,4.4997,2,8,,1
ACC-19622,Mid-Market,12,27,4831.62,85,53,0.6235,14.25,0.9878,0.7285,3,0,0.0001,6,0,,0
ACC-19623,SMB,24,19,1293.45,33,20,0.6061,14.04,1.1278,0.6876,4,2,4.4997,5,0,37.0,1
ACC-19624,Mid-Market,12,39,9552.86,32,24,0.75,17.93,1.0032,0.4804,4,0,0.0001,5,0,-1.0,0
ACC-19625,Mid-Market,12,31,5775.13,127,111,0.874,13.02,0.7653,0.6844,1,1,8.9976,2,0,6.0,0
ACC-19626,Mid-Market,12,12,9684.69,65,33,0.5077,15.43,1.2445,0.3344,3,0,0.0001,5,0,,0
ACC-19627,SMB,24,7,1284.41,28,18,0.6429,9.66,1.1631,0.9556,3,0,0.0001,4,0,,0
ACC-19628,Enterprise,24,26,38698.74,539,452,0.8386,15.49,1.1645,0.6101,4,0,0.0001,3,0,62.0,0
ACC-19629,Mid-Market,24,11,7981.11,141,108,0.766,29.83,1.1551,0.6959,3,1,2.9998,3,0,32.0,0
ACC-19630,Enterprise,12,13,44714.14,946,577,0.6099,8.39,1.0395,0.6716,2,0,0.0001,1,0,45.0,0
ACC-19631,SMB,12,11,2402.84,12,11,0.9167,7.8,1.1511,0.6249,3,0,0.0001,3,0,13.0,0
ACC-19632,Enterprise,36,16,29700.8,688,650,0.9448,21.81,0.8766,0.6791,2,2,8.9988,4,0,,1
ACC-19633,SMB,12,24,2499.33,34,17,0.5,11.97,0.8865,0.6325,3,0,0.0001,7,0,51.0,0
ACC-19634,Mid-Market,12,14,2120.26,52,34,0.6538,16.59,0.9361,0.8489,2,1,4.4995,6,0,54.0,0
ACC-19635,Enterprise,24,18,10988.54,884,529,0.5984,20.61,1.1285,0.6216,4,2,4.4997,4,0,83.0,0
ACC-19636,SMB,12,15,1722.73,22,13,0.5909,5.59,1.0911,0.541,7,0,0.0,2,0,,0
ACC-19637,Enterprise,12,26,36770.64,979,607,0.62,3.01,0.8016,0.4282,1,2,17.9949,5,0,10.0,1
ACC-19638,Mid-Market,12,30,7563.04,96,88,0.9167,4.19,0.7942,0.8105,3,0,0.0001,2,0,,0
ACC-19639,Enterprise,12,28,36596.53,877,576,0.6568,14.56,1.478,0.6663,3,0,0.0001,4,0,1.0,0
ACC-19640,Mid-Market,12,38,4925.23,43,31,0.7209,17.86,0.6311,0.8744,4,2,4.4997,4,0,,1
ACC-19641,Mid-Market,24,7,6780.93,39,14,0.359,19.02,0.8364,0.7662,3,0,0.0001,2,0,-11.0,0
ACC-19642,Mid-Market,12,31,8692.6,138,87,0.6304,9.08,0.8639,0.485,3,0,0.0001,5,8,93.0,0
ACC-19643,Enterprise,12,12,40675.85,275,215,0.7818,21.09,0.9889,0.7605,5,1,1.8,3,0,-25.0,0
ACC-19644,Mid-Market,24,14,2195.43,89,56,0.6292,22.54,0.7933,0.4107,4,1,2.2499,6,0,47.0,0
ACC-19645,SMB,36,5,1193.24,17,8,0.4706,7.73,0.9927,0.7491,1,0,0.0003,3,0,,0
ACC-19646,SMB,12,22,766.15,15,11,0.7333,16.3,0.8812,0.5875,2,1,4.4995,2,0,,1
ACC-19647,Mid-Market,24,7,5835.83,72,49,0.6806,23.71,0.9169,0.5804,6,0,0.0,4,0,,0
ACC-19648,Mid-Market,24,22,5868.95,132,111,0.8409,5.97,0.7896,0.7339,2,1,4.4995,2,0,47.0,0
ACC-19649,Mid-Market,12,9,2750.64,115,82,0.713,18.83,1.0944,0.459,3,0,0.0001,7,0,19.0,0
ACC-19650,Mid-Market,12,21,5709.19,146,139,0.9521,4.81,1.2258,0.7284,5,1,1.8,7,0,,0
ACC-19651,Enterprise,12,30,10087.8,949,850,0.8957,2.76,1.1123,0.7181,2,0,0.0001,0,0,,0
ACC-19652,Mid-Market,24,20,8751.64,85,74,0.8706,15.12,1.2324,0.7367,8,1,1.125,3,0,34.0,0
ACC-19653,Mid-Market,12,14,3804.94,50,37,0.74,26.5,0.9992,0.6344,6,1,1.5,4,0,-11.0,0
ACC-19654,Mid-Market,12,17,7753.08,49,26,0.5306,13.7,0.9577,0.527,4,1,2.2499,6,4,59.0,0
ACC-19655,Mid-Market,24,7,2652.42,99,83,0.8384,19.01,0.8467,0.6206,2,0,0.0001,4,0,11.0,0
ACC-19656,SMB,12,13,1911.11,15,9,0.6,25.77,1.3712,0.668,7,0,0.0,4,0,25.0,0
ACC-19657,Enterprise,24,19,44330.65,850,772,0.9082,9.93,1.043,0.6738,1,1,8.9976,7,0,37.0,0
ACC-19658,Mid-Market,24,6,5332.68,131,42,0.3206,3.48,0.8168,0.6642,1,0,0.0003,5,0,6.0,0
ACC-19659,SMB,12,4,1721.7,23,17,0.7391,24.11,1.0226,0.8222,5,0,0.0001,6,0,67.0,0
ACC-19660,Mid-Market,36,23,3924.33,54,23,0.4259,11.61,1.6768,0.5373,6,0,0.0,4,0,-2.0,0
ACC-19661,Mid-Market,12,13,4169.55,59,54,0.9153,11.87,0.9128,0.5314,3,1,2.9998,4,0,,0
ACC-19662,Mid-Market,12,18,2430.27,52,47,0.9038,27.77,0.9929,0.7031,4,1,2.2499,8,0,28.0,0
ACC-19663,Enterprise,12,23,23333.22,356,273,0.7669,9.45,1.4637,0.5263,3,0,0.0001,8,0,68.0,0
ACC-19664,Mid-Market,24,17,4191.63,132,123,0.9318,23.86,1.0824,0.8737,2,1,4.4995,4,0,,0
ACC-19665,SMB,24,24,1772.25,13,9,0.6923,22.35,0.8816,0.9127,4,1,2.2499,6,0,,0
ACC-19666,Enterprise,12,10,31433.81,307,212,0.6906,15.21,2.0647,0.5482,2,0,0.0001,2,0,59.0,0
ACC-19667,Mid-Market,12,18,4339.95,102,86,0.8431,22.85,0.927,0.6712,4,1,2.2499,4,0,23.0,0
ACC-19668,SMB,12,4,1823.18,6,6,1.0,6.71,0.9216,0.4353,1,0,0.0003,7,0,,0
ACC-19669,SMB,24,16,979.61,14,11,0.7857,10.26,0.5479,0.6255,0,0,1.0,9,0,29.0,0
ACC-19670,Mid-Market,24,7,6442.96,71,69,0.9718,6.08,0.8266,0.5507,6,0,0.0,2,0,42.0,0
ACC-19671,SMB,24,44,1844.27,15,9,0.6,11.77,1.3,0.5587,1,0,0.0003,1,0,11.0,0
ACC-19672,Mid-Market,24,13,9210.54,144,106,0.7361,3.64,1.0095,0.5312,2,0,0.0001,2,0,2.0,0
ACC-19673,Enterprise,24,9,44792.35,690,513,0.7435,14.99,1.0727,0.6432,6,0,0.0,8,0,16.0,0
ACC-19674,Mid-Market,12,14,7374.82,137,125,0.9124,13.78,0.8262,0.8827,2,0,0.0001,2,0,72.0,0
ACC-19675,Mid-Market,12,14,3672.86,78,73,0.9359,16.91,1.0476,0.8415,5,2,3.5998,8,0,,1
ACC-19676,SMB,24,6,885.75,9,7,0.7778,8.19,0.747,0.8065,6,0,0.0,5,0,74.0,0
ACC-19677,Enterprise,12,28,44304.98,963,427,0.4434,28.48,0.8914,0.7372,6,2,2.9999,5,0,,1
ACC-19678,Mid-Market,12,30,8892.06,79,46,0.5823,11.17,0.8865,0.7731,0,0,1.0,4,0,26.0,0
ACC-19679,Mid-Market,36,44,9611.22,133,77,0.5789,28.11,0.9497,0.6855,3,0,0.0001,7,4,33.0,0
ACC-19680,Mid-Market,24,31,3255.54,104,46,0.4423,33.18,0.9146,0.8142,2,0,0.0001,2,0,32.0,0
ACC-19681,Enterprise,12,28,19038.6,615,402,0.6537,10.45,0.7092,0.396,3,1,2.9998,7,0,,0
ACC-19682,Mid-Market,24,21,9597.43,75,68,0.9067,4.39,0.736,0.7255,0,0,1.0,3,0,,0
ACC-19683,SMB,36,20,1505.43,32,21,0.6562,13.35,1.0823,0.6351,4,0,0.0001,5,0,29.0,0
ACC-19684,Mid-Market,12,16,2658.09,118,88,0.7458,17.53,0.9169,0.6362,3,0,0.0001,7,0,51.0,0
ACC-19685,Mid-Market,12,19,9513.76,59,31,0.5254,10.39,0.5999,0.4619,1,1,8.9976,2,0,44.0,0
ACC-19686,Mid-Market,12,19,9699.65,118,68,0.5763,25.69,0.883,0.8504,0,0,1.0,2,0,,0
ACC-19687,Mid-Market,12,19,8706.49,36,26,0.7222,3.77,1.2454,0.8278,2,1,4.4995,2,0,,0
ACC-19688,Mid-Market,24,28,5040.39,114,82,0.7193,9.17,1.098,0.4004,3,1,2.9998,8,0,13.0,0
ACC-19689,SMB,12,10,951.19,27,25,0.9259,13.52,0.6049,0.5806,3,1,2.9998,5,0,46.0,0
ACC-19690,SMB,12,21,1894.94,15,12,0.8,7.26,1.1478,0.5894,4,0,0.0001,3,0,,0
ACC-19691,Mid-Market,12,14,6865.01,108,83,0.7685,22.74,1.2348,0.3357,5,0,0.0001,2,0,,0
ACC-19692,Mid-Market,12,22,5183.73,69,48,0.6957,19.44,1.1538,0.8087,3,2,5.9995,4,0,,1
ACC-19693,SMB,12,34,1318.56,18,10,0.5556,15.99,1.4167,0.8209,3,0,0.0001,6,0,-1.0,0
ACC-19694,Mid-Market,24,21,2479.17,38,25,0.6579,12.68,1.3522,0.6632,3,0,0.0001,3,0,-2.0,0
ACC-19695,Mid-Market,12,36,9723.67,46,38,0.8261,12.04,1.0372,0.7784,4,0,0.0001,4,0,-36.0,0
ACC-19696,Mid-Market,24,31,5539.65,55,43,0.7818,18.23,0.6847,0.7975,5,1,1.8,5,8,27.0,0
ACC-19697,SMB,24,27,879.28,22,13,0.5909,23.26,0.899,0.578,3,1,2.9998,3,0,,0
ACC-19698,Mid-Market,12,26,5410.53,69,36,0.5217,5.14,0.8373,0.7236,5,0,0.0001,1,0,37.0,0
ACC-19699,SMB,24,10,1860.23,7,5,0.7143,14.76,1.1709,0.6491,4,0,0.0001,5,8,31.0,0
ACC-19700,SMB,24,19,770.25,19,18,0.9474,14.48,1.1531,0.6597,5,1,1.8,5,0,52.0,0
ACC-19701,Mid-Market,12,32,6534.6,79,69,0.8734,4.9,0.8816,0.9101,1,1,8.9976,4,0,50.0,0
ACC-19702,SMB,12,46,447.13,23,20,0.8696,7.87,0.9499,0.7748,5,0,0.0001,1,0,47.0,0
ACC-19703,SMB,24,7,1347.28,25,21,0.84,16.54,0.7713,0.4415,4,0,0.0001,4,0,65.0,0
ACC-19704,Mid-Market,36,5,8055.05,109,87,0.7982,23.86,1.0429,0.7675,1,0,0.0003,8,0,93.0,0
ACC-19705,Enterprise,12,9,10864.84,199,184,0.9246,23.35,1.1137,0.8559,3,0,0.0001,4,0,31.0,0
ACC-19706,Enterprise,12,16,22688.11,101,82,0.8119,10.32,1.2632,0.3757,0,1,30001.0,5,8,5.0,0
ACC-19707,Mid-Market,12,50,2712.25,122,93,0.7623,6.26,1.1494,0.7902,2,2,8.9988,6,0,77.0,0
ACC-19708,Mid-Market,12,17,8626.06,44,33,0.75,10.61,1.4186,0.8033,4,2,4.4997,2,0,2.0,1
ACC-19709,Mid-Market,24,13,8029.19,98,81,0.8265,21.03,0.6159,0.8024,4,3,6.7496,5,0,16.0,0
ACC-19710,Enterprise,12,8,21619.38,168,83,0.494,14.87,0.8517,0.4852,6,2,2.9999,4,0,72.0,1
ACC-19711,SMB,12,17,681.08,24,21,0.875,13.71,1.4155,0.7358,4,0,0.0001,6,0,,0
ACC-19712,Mid-Market,12,58,2715.17,84,42,0.5,17.05,0.8884,0.6328,5,0,0.0001,10,0,,0
ACC-19713,Mid-Market,12,10,4239.3,31,24,0.7742,9.4,0.8965,0.5229,5,0,0.0001,8,12,31.0,0
ACC-19714,Mid-Market,12,11,3060.83,71,47,0.662,9.61,0.8291,0.8581,5,0,0.0001,5,0,,0
ACC-19715,Mid-Market,12,27,2031.41,123,66,0.5366,5.92,0.9678,0.4732,5,0,0.0001,5,0,,0
ACC-19716,Mid-Market,12,34,8887.72,32,25,0.7812,23.33,1.0313,0.5888,4,0,0.0001,2,0,51.0,0
ACC-19717,Mid-Market,24,12,6596.98,104,83,0.7981,10.08,1.3644,0.468,6,0,0.0,4,0,,0
ACC-19718,Enterprise,36,18,33774.31,769,595,0.7737,3.93,2.7444,0.415,2,1,4.4995,5,0,,0
ACC-19719,SMB,12,25,2239.19,5,4,0.8,17.3,1.0369,0.4984,5,1,1.8,5,0,,0
ACC-19720,SMB,12,18,2291.13,14,8,0.5714,37.66,0.799,0.7921,3,0,0.0001,3,0,18.0,0
ACC-19721,Mid-Market,12,24,8261.45,112,89,0.7946,17.58,1.246,0.5831,5,0,0.0001,4,0,-17.0,0
ACC-19722,SMB,12,28,598.52,11,7,0.6364,10.17,0.913,0.3908,5,0,0.0001,5,0,11.0,0
ACC-19723,SMB,12,16,1907.68,22,14,0.6364,18.66,1.175,0.7103,3,0,0.0001,2,0,83.0,0
ACC-19724,Enterprise,12,14,23753.3,907,592,0.6527,10.47,1.3863,0.7975,4,2,4.4997,5,0,,1
ACC-19725,SMB,24,7,1164.76,10,9,0.9,13.18,0.8663,0.4731,2,0,0.0001,5,0,18.0,0
ACC-19726,SMB,12,7,620.53,29,17,0.5862,28.98,0.8438,0.4963,5,0,0.0001,6,0,,0
ACC-19727,Mid-Market,12,8,8648.44,142,110,0.7746,13.7,1.0787,0.7148,4,0,0.0001,2,0,7.0,0
ACC-19728,Enterprise,24,28,23857.53,240,173,0.7208,6.32,0.9998,0.518,4,2,4.4997,4,0,1.0,0
ACC-19729,Enterprise,24,36,16803.36,869,481,0.5535,18.08,0.6749,0.4022,7,0,0.0,3,0,,0
ACC-19730,Enterprise,12,8,44962.11,886,674,0.7607,16.01,0.7239,0.6262,5,0,0.0001,5,0,63.0,0
ACC-19731,SMB,12,25,1734.71,28,21,0.75,5.7,1.0605,0.809,5,0,0.0001,3,0,37.0,0
ACC-19732,Mid-Market,12,8,5281.16,34,20,0.5882,17.17,0.8583,0.7553,1,0,0.0003,4,0,,0
ACC-19733,SMB,12,5,1597.58,6,4,0.6667,21.79,0.7962,0.7191,6,0,0.0,6,0,,0
ACC-19734,SMB,12,44,2053.49,16,12,0.75,7.03,1.0455,0.8996,5,1,1.8,6,0,40.0,0
ACC-19735,Mid-Market,12,8,8150.72,138,88,0.6377,25.45,1.2156,0.6957,2,0,0.0001,2,0,,0
ACC-19736,SMB,12,16,2366.39,29,17,0.5862,4.1,0.8993,0.3963,0,0,1.0,5,0,45.0,0
ACC-19737,Enterprise,24,4,19917.18,146,128,0.8767,13.34,1.0534,0.5098,4,1,2.2499,5,0,29.0,0
ACC-19738,Mid-Market,24,27,3684.73,102,85,0.8333,24.18,1.2034,0.7119,1,0,0.0003,2,0,,0
ACC-19739,Mid-Market,12,14,6128.2,135,114,0.8444,7.44,1.0114,0.8498,2,0,0.0001,1,0,36.0,0
ACC-19740,Enterprise,12,18,33540.23,689,509,0.7388,12.62,0.9695,0.6775,5,0,0.0001,4,0,67.0,0
ACC-19741,Enterprise,12,18,17474.25,273,218,0.7985,7.78,0.6887,0.7468,1,0,0.0003,0,0,63.0,0
ACC-19742,SMB,12,8,406.36,9,6,0.6667,15.83,1.1372,0.532,2,0,0.0001,5,0,,0
ACC-19743,SMB,12,10,1541.93,33,21,0.6364,11.27,0.9265,0.8186,3,0,0.0001,3,0,13.0,0
ACC-19744,Mid-Market,24,7,7658.02,33,24,0.7273,4.1,1.4095,0.3849,5,0,0.0001,1,0,5.0,0
ACC-19745,SMB,24,21,1054.67,17,15,0.8824,9.56,1.0261,0.784,4,0,0.0001,5,0,,0
ACC-19746,SMB,24,18,400.68,14,11,0.7857,11.27,0.6223,0.2696,5,0,0.0001,6,0,67.0,0
ACC-19747,Mid-Market,24,16,2800.08,53,50,0.9434,8.13,0.7634,0.5037,6,0,0.0,4,0,66.0,0
ACC-19748,Enterprise,36,25,35331.93,573,455,0.7941,27.01,1.3666,0.6588,6,1,1.5,2,0,4.0,0
ACC-19749,SMB,24,20,768.54,5,5,1.0,18.08,0.9659,0.7569,3,0,0.0001,4,0,,0
ACC-19750,Mid-Market,36,15,6256.42,87,34,0.3908,18.24,0.9019,0.7403,5,0,0.0001,0,0,,0
ACC-19751,Enterprise,12,26,30035.77,318,262,0.8239,21.46,0.8072,0.6402,3,0,0.0001,2,0,28.0,0
ACC-19752,Mid-Market,12,11,9898.76,96,47,0.4896,12.83,0.7772,0.644,1,1,8.9976,3,0,52.0,0
ACC-19753,SMB,24,6,1700.76,7,5,0.7143,20.27,1.3398,0.7589,2,0,0.0001,1,0,,0
ACC-19754,Mid-Market,36,14,4544.75,32,21,0.6562,10.79,0.8571,0.6621,4,2,4.4997,1,0,-20.0,1
ACC-19755,Mid-Market,12,11,8310.78,41,26,0.6341,13.73,0.7105,0.6151,10,1,0.9,3,0,,0
ACC-19756,Mid-Market,12,31,4491.5,82,57,0.6951,10.97,0.797,0.8838,7,1,1.2857,6,0,41.0,0
ACC-19757,SMB,12,25,1744.47,12,9,0.75,16.73,1.0899,0.7674,8,4,4.4999,3,0,,1
ACC-19758,Enterprise,24,9,41428.44,146,130,0.8904,16.83,0.9283,0.574,5,0,0.0001,6,0,31.0,0
ACC-19759,Mid-Market,12,8,7580.88,36,22,0.6111,7.39,1.0316,0.8491,4,0,0.0001,2,0,45.0,0
ACC-19760,SMB,24,11,672.82,27,25,0.9259,13.3,0.9468,0.6001,5,2,3.5998,3,0,-3.0,1
ACC-19761,Enterprise,36,16,10119.25,473,275,0.5814,11.41,0.7678,0.7425,4,0,0.0001,3,0,,0
ACC-19762,SMB,24,16,544.93,29,18,0.6207,13.5,0.8108,0.8761,5,0,0.0001,3,0,75.0,0
ACC-19763,SMB,12,11,2062.01,5,4,0.8,19.38,0.7462,0.7604,0,0,1.0,6,0,35.0,0
ACC-19764,SMB,12,19,2116.42,24,18,0.75,14.11,0.8645,0.5541,4,1,2.2499,2,0,12.0,0
ACC-19765,Mid-Market,12,10,2644.73,125,82,0.656,24.85,1.4724,0.3614,2,1,4.4995,4,0,18.0,0
ACC-19766,Mid-Market,12,38,2431.41,33,31,0.9394,11.51,0.923,0.5606,3,0,0.0001,4,0,,0
ACC-19767,SMB,12,14,2089.1,10,8,0.8,15.07,0.9263,0.8066,2,0,0.0001,5,0,-15.0,0
ACC-19768,SMB,24,26,770.98,24,18,0.75,20.36,0.8347,0.5056,0,0,1.0,2,12,,0
ACC-19769,Enterprise,12,27,30503.44,637,547,0.8587,11.1,1.4511,0.7762,5,1,1.8,2,4,,0
ACC-19770,SMB,24,16,1933.8,27,24,0.8889,19.8,0.6908,0.9112,5,1,1.8,7,0,36.0,0
ACC-19771,Mid-Market,36,12,4590.63,103,62,0.6019,12.75,1.0885,0.5608,6,0,0.0,2,0,,0
ACC-19772,Enterprise,12,6,10160.28,207,130,0.628,3.7,0.8783,0.57,5,0,0.0001,6,0,59.0,0
ACC-19773,Mid-Market,36,10,3515.05,98,65,0.6633,10.54,0.7646,0.8353,3,1,2.9998,1,0,-2.0,0
ACC-19774,SMB,24,14,2108.21,7,5,0.7143,16.31,0.6865,0.7985,5,0,0.0001,4,0,86.0,0
ACC-19775,Mid-Market,12,10,5333.9,65,57,0.8769,8.71,0.9717,0.7589,4,0,0.0001,7,0,35.0,0
ACC-19776,Mid-Market,12,13,7051.67,142,111,0.7817,16.74,0.9868,0.6597,2,0,0.0001,4,28,,1
ACC-19777,SMB,12,42,761.57,33,16,0.4848,10.6,1.005,0.8653,3,1,2.9998,4,0,,0
ACC-19778,Mid-Market,12,14,5950.09,118,115,0.9746,13.67,0.6935,0.7449,4,0,0.0001,3,0,81.0,0
ACC-19779,Mid-Market,24,21,6876.7,105,57,0.5429,12.78,1.4771,0.7571,3,0,0.0001,2,0,,0
ACC-19780,Mid-Market,12,27,8635.33,87,62,0.7126,8.47,0.9011,0.6327,2,0,0.0001,2,0,70.0,0
ACC-19781,Mid-Market,24,39,9267.22,34,28,0.8235,6.27,0.6776,0.6868,1,0,0.0003,4,0,54.0,0
ACC-19782,SMB,12,22,882.97,13,12,0.9231,22.01,1.072,0.7826,6,1,1.5,5,0,43.0,0
ACC-19783,SMB,12,2,1067.68,17,12,0.7059,12.81,0.9728,0.7493,4,1,2.2499,8,0,48.0,0
ACC-19784,Mid-Market,24,19,5558.42,52,45,0.8654,14.11,1.2181,0.8706,5,1,1.8,2,0,48.0,0
ACC-19785,SMB,24,8,1928.25,13,12,0.9231,13.11,1.4838,0.8402,0,0,1.0,1,0,,0
ACC-19786,Enterprise,12,11,40307.33,296,176,0.5946,3.44,0.9732,0.8298,4,0,0.0001,2,0,22.0,0
ACC-19787,Mid-Market,12,16,6893.83,91,85,0.9341,8.64,1.2104,0.8002,1,0,0.0003,3,0,38.0,0
ACC-19788,Mid-Market,24,27,7640.45,91,79,0.8681,9.58,0.7006,0.6799,6,0,0.0,3,0,19.0,0
ACC-19789,Enterprise,24,16,26447.0,833,709,0.8511,10.21,0.7851,0.45,2,0,0.0001,8,0,50.0,0
ACC-19790,Mid-Market,12,9,5953.64,85,67,0.7882,5.45,1.2694,0.8824,5,2,3.5998,8,0,77.0,0
ACC-19791,Mid-Market,12,28,5253.16,145,100,0.6897,12.23,0.9739,0.6591,5,3,5.3997,3,0,,1
ACC-19792,Enterprise,12,9,43565.5,618,360,0.5825,19.18,1.3244,0.6476,3,1,2.9998,2,0,,0
ACC-19793,Mid-Market,12,2,7587.95,120,55,0.4583,7.78,0.91,0.5391,2,1,4.4995,2,0,20.0,0
ACC-19794,Mid-Market,24,11,5435.05,147,136,0.9252,19.57,1.122,0.6073,1,0,0.0003,3,8,78.0,0
ACC-19795,Mid-Market,24,10,4623.21,80,56,0.7,13.58,1.0533,0.8671,0,0,1.0,4,0,27.0,0
ACC-19796,SMB,24,18,2251.19,27,21,0.7778,10.22,1.3755,0.6028,8,0,0.0,3,0,,0
ACC-19797,Mid-Market,12,27,7084.35,96,90,0.9375,17.47,1.9004,0.9348,3,0,0.0001,7,8,12.0,0
ACC-19798,Mid-Market,24,9,7372.18,64,59,0.9219,26.96,1.1895,0.4968,4,0,0.0001,5,0,,0
ACC-19799,SMB,12,17,2427.02,5,3,0.6,11.4,0.8935,0.8392,7,0,0.0,3,0,-28.0,0
ACC-19800,SMB,36,34,1221.43,28,14,0.5,8.07,0.7552,0.5239,4,0,0.0001,4,0,60.0,0
ACC-19801,Mid-Market,12,9,3998.49,72,32,0.4444,27.31,1.1614,0.8084,4,0,0.0001,4,0,,0
ACC-19802,Enterprise,12,18,23532.18,830,692,0.8337,17.16,0.8981,0.497,6,0,0.0,3,0,63.0,0
ACC-19803,SMB,24,50,891.57,14,9,0.6429,17.36,0.7792,0.7381,1,0,0.0003,5,0,,0
ACC-19804,Mid-Market,12,20,8186.33,100,51,0.51,13.32,1.0288,0.7238,6,0,0.0,1,0,,0
ACC-19805,SMB,24,15,1406.67,13,10,0.7692,8.89,0.7628,0.299,4,1,2.2499,2,0,,0
ACC-19806,SMB,24,23,496.29,6,5,0.8333,17.29,0.8889,0.905,3,1,2.9998,3,0,,0
ACC-19807,Mid-Market,12,27,5717.0,60,42,0.7,14.43,1.1322,0.5646,6,1,1.5,5,0,43.0,0
ACC-19808,SMB,24,18,1696.23,11,10,0.9091,10.85,1.0776,0.6322,3,0,0.0001,2,0,17.0,0
ACC-19809,Mid-Market,12,41,3350.39,33,29,0.8788,29.65,0.8876,0.3524,4,1,2.2499,7,0,,0
ACC-19810,Enterprise,12,13,10684.43,957,428,0.4472,11.0,1.459,0.9233,6,1,1.5,7,0,47.0,0
ACC-19811,SMB,36,11,2452.06,11,10,0.9091,10.13,0.7306,0.7849,5,1,1.8,5,0,,0
ACC-19812,Mid-Market,24,21,7266.67,70,47,0.6714,12.41,1.139,0.4172,4,0,0.0001,2,0,,0
ACC-19813,SMB,12,15,891.84,19,14,0.7368,13.25,0.9789,0.6865,3,0,0.0001,1,0,39.0,0
ACC-19814,SMB,12,32,1076.53,25,19,0.76,10.78,1.0799,0.5915,3,0,0.0001,3,0,47.0,0
ACC-19815,SMB,12,29,1288.91,6,5,0.8333,18.63,1.0231,0.574,4,0,0.0001,1,0,59.0,0
ACC-19816,Mid-Market,24,19,6278.75,116,96,0.8276,18.61,1.0193,0.6693,5,0,0.0001,3,4,,0
ACC-19817,Mid-Market,36,23,9219.65,52,47,0.9038,9.68,1.1484,0.8542,4,0,0.0001,4,0,-4.0,0
ACC-19818,Mid-Market,12,13,5798.3,105,87,0.8286,10.97,1.0535,0.5358,2,0,0.0001,4,0,39.0,0
ACC-19819,Mid-Market,24,19,6434.36,143,76,0.5315,14.01,1.0903,0.4308,5,0,0.0001,1,0,-4.0,0
ACC-19820,Mid-Market,12,4,3597.93,127,68,0.5354,27.78,1.164,0.9088,5,1,1.8,5,0,46.0,0
ACC-19821,SMB,12,34,1601.44,22,16,0.7273,12.4,1.8635,0.4753,4,0,0.0001,4,0,43.0,0
ACC-19822,SMB,36,21,683.48,33,25,0.7576,15.61,1.189,0.4938,4,0,0.0001,3,0,,0
ACC-19823,Enterprise,12,22,43716.64,944,701,0.7426,5.41,1.1905,0.6151,3,1,2.9998,4,0,,0
ACC-19824,Mid-Market,12,16,4288.31,101,94,0.9307,36.27,0.9396,0.3467,2,0,0.0001,2,0,31.0,0
ACC-19825,SMB,24,18,1729.52,22,18,0.8182,9.43,0.7797,0.6326,3,0,0.0001,7,0,-11.0,0
ACC-19826,Mid-Market,12,15,8476.97,60,53,0.8833,15.14,0.9112,0.5458,4,1,2.2499,6,0,62.0,0
ACC-19827,Mid-Market,12,22,2387.18,68,44,0.6471,15.1,1.6615,0.8751,4,1,2.2499,2,0,,0
ACC-19828,SMB,36,16,1526.81,27,23,0.8519,16.95,1.0575,0.1166,2,2,8.9988,6,0,,1
ACC-19829,SMB,24,16,1943.19,25,18,0.72,18.29,0.8891,0.8302,2,0,0.0001,4,0,,0
ACC-19830,Mid-Market,24,3,5933.84,71,40,0.5634,14.54,0.668,0.8516,4,0,0.0001,2,0,75.0,0
ACC-19831,SMB,12,20,1796.88,19,16,0.8421,11.52,0.751,0.8568,0,0,1.0,4,0,,0
ACC-19832,Enterprise,12,22,37335.63,707,580,0.8204,23.18,0.8629,0.7758,1,0,0.0003,6,0,32.0,0
ACC-19833,SMB,36,25,1934.51,10,7,0.7,16.61,1.5285,0.5945,5,0,0.0001,5,0,22.0,0
ACC-19834,Enterprise,12,22,21857.22,744,500,0.672,8.71,0.6595,0.7734,3,0,0.0001,6,0,53.0,0
ACC-19835,Enterprise,12,4,41306.38,846,508,0.6005,8.07,0.876,0.6434,3,0,0.0001,6,0,,0
ACC-19836,SMB,12,18,1959.55,29,24,0.8276,27.18,0.7118,0.5956,3,0,0.0001,2,0,4.0,0
ACC-19837,Mid-Market,12,16,4314.99,45,39,0.8667,11.3,0.6205,0.1832,3,0,0.0001,5,0,26.0,0
ACC-19838,SMB,12,12,433.77,15,9,0.6,27.04,2.3106,0.8819,1,0,0.0003,4,0,61.0,0
ACC-19839,SMB,24,29,1144.46,20,18,0.9,19.67,0.9433,0.7298,1,1,8.9976,1,12,46.0,0
ACC-19840,SMB,36,19,1724.57,34,26,0.7647,26.96,0.782,0.7996,3,1,2.9998,6,0,44.0,0
ACC-19841,SMB,24,29,1549.09,21,9,0.4286,15.26,0.7822,0.4718,4,2,4.4997,6,0,73.0,1
ACC-19842,Mid-Market,24,5,2882.45,80,24,0.3,6.33,1.0714,0.5407,4,2,4.4997,4,0,25.0,1
ACC-19843,SMB,24,13,627.96,28,20,0.7143,27.54,1.2499,0.7824,1,0,0.0003,3,0,,0
ACC-19844,Enterprise,24,3,36704.96,104,93,0.8942,13.33,1.4036,0.8143,1,0,0.0003,1,28,,1
ACC-19845,Mid-Market,12,35,9546.84,53,51,0.9623,21.24,1.1567,0.5803,3,0,0.0001,3,4,39.0,0
ACC-19846,SMB,12,30,1459.17,23,15,0.6522,11.11,0.6797,0.7084,4,1,2.2499,2,0,,0
ACC-19847,Mid-Market,12,39,2334.48,107,68,0.6355,9.84,0.9907,0.5002,3,0,0.0001,6,0,11.0,0
ACC-19848,Mid-Market,12,32,7840.15,37,19,0.5135,18.53,1.118,0.794,3,0,0.0001,7,0,28.0,0
ACC-19849,Mid-Market,12,18,3150.52,148,112,0.7568,5.97,1.0829,0.7653,2,0,0.0001,7,0,-10.0,0
ACC-19850,Mid-Market,12,13,4675.82,51,48,0.9412,25.27,0.9279,0.3382,3,0,0.0001,4,0,47.0,0
ACC-19851,SMB,12,23,2086.15,30,27,0.9,13.14,0.8961,0.7624,1,0,0.0003,2,0,,0
ACC-19852,Enterprise,12,13,24744.09,384,315,0.8203,6.58,0.7483,0.7554,1,0,0.0003,0,20,55.0,1
ACC-19853,Mid-Market,12,23,2545.58,115,77,0.6696,2.7,0.8528,0.6829,3,0,0.0001,4,0,36.0,0
ACC-19854,SMB,12,13,438.08,25,20,0.8,15.13,0.9072,0.785,3,0,0.0001,3,0,50.0,0
ACC-19855,Mid-Market,24,27,4518.34,44,32,0.7273,20.29,1.0564,0.5675,2,0,0.0001,8,0,,0
ACC-19856,Enterprise,12,9,44195.49,217,187,0.8618,15.91,0.978,0.6757,5,0,0.0001,2,0,76.0,0
ACC-19857,Mid-Market,24,26,6522.06,135,70,0.5185,6.65,1.0814,0.8021,7,1,1.2857,4,0,-14.0,0
ACC-19858,Mid-Market,36,8,4258.1,129,119,0.9225,35.65,0.8687,0.571,3,0,0.0001,3,0,,0
ACC-19859,Enterprise,24,14,21455.77,277,178,0.6426,18.07,0.8318,0.2313,4,0,0.0001,7,0,,0
ACC-19860,SMB,24,6,2097.67,8,7,0.875,24.92,1.4373,0.4834,2,2,8.9988,4,8,-21.0,1
ACC-19861,Mid-Market,36,15,5623.19,38,35,0.9211,11.93,0.7168,0.8174,2,0,0.0001,4,0,,0
ACC-19862,SMB,12,6,1877.49,16,12,0.75,25.4,1.0468,0.7841,5,0,0.0001,5,0,-3.0,0
ACC-19863,SMB,36,12,2293.19,25,18,0.72,35.65,1.021,0.5955,4,0,0.0001,3,0,,0
ACC-19864,SMB,24,21,2491.02,24,21,0.875,20.29,0.9002,0.6552,5,0,0.0001,4,0,10.0,0
ACC-19865,Enterprise,24,13,32476.19,889,708,0.7964,21.57,0.598,0.8336,3,0,0.0001,4,0,,0
ACC-19866,Mid-Market,12,11,5467.19,145,65,0.4483,14.61,0.8102,0.6627,5,0,0.0001,3,0,,0
ACC-19867,Enterprise,12,10,25634.02,843,577,0.6845,14.19,1.4902,0.5461,1,0,0.0003,4,0,47.0,0
ACC-19868,SMB,24,8,2414.47,28,11,0.3929,7.34,0.5735,0.8559,3,0,0.0001,5,0,,0
ACC-19869,Enterprise,24,8,28408.63,113,85,0.7522,5.13,1.5209,0.4133,4,1,2.2499,3,0,,0
ACC-19870,Mid-Market,24,25,9320.22,126,89,0.7063,21.07,0.7891,0.8436,5,1,1.8,3,0,25.0,0
ACC-19871,Mid-Market,12,32,9733.52,89,68,0.764,14.83,1.4706,0.6711,4,1,2.2499,6,0,,0
ACC-19872,Mid-Market,12,16,2541.99,84,67,0.7976,18.55,1.1239,0.8383,2,1,4.4995,6,0,74.0,0
ACC-19873,Mid-Market,12,29,6737.89,74,59,0.7973,11.33,0.8084,0.5378,1,0,0.0003,2,0,4.0,0
ACC-19874,Mid-Market,12,40,7236.26,69,53,0.7681,13.67,0.8475,0.7376,3,0,0.0001,6,0,15.0,0
ACC-19875,Enterprise,12,15,33607.88,920,688,0.7478,12.95,0.7766,0.853,6,0,0.0,4,0,66.0,0
ACC-19876,Enterprise,12,12,39256.32,299,234,0.7826,18.98,0.74,0.862,2,1,4.4995,2,0,,0
ACC-19877,Mid-Market,12,12,2973.87,128,116,0.9062,6.87,1.0775,0.5949,6,0,0.0,5,0,,0
ACC-19878,SMB,12,22,2117.69,25,24,0.96,19.39,0.8292,0.4235,4,0,0.0001,3,0,40.0,0
ACC-19879,Mid-Market,12,57,9999.52,30,27,0.9,6.48,0.6823,0.4773,4,1,2.2499,6,0,,0
ACC-19880,Mid-Market,36,6,9160.49,130,98,0.7538,24.27,0.9138,0.9416,1,0,0.0003,3,0,46.0,0
ACC-19881,Mid-Market,24,50,7133.85,74,68,0.9189,5.92,0.8553,0.8767,3,0,0.0001,4,0,76.0,0
ACC-19882,Mid-Market,24,12,5576.0,101,66,0.6535,6.96,0.6841,0.5763,3,0,0.0001,6,0,58.0,0
ACC-19883,SMB,12,14,1363.76,25,18,0.72,17.31,0.6738,0.5349,1,1,8.9976,7,0,100.0,0
ACC-19884,Enterprise,24,24,19601.55,828,669,0.808,17.13,0.7896,0.5274,2,0,0.0001,4,0,98.0,0
ACC-19885,SMB,12,52,413.13,34,29,0.8529,9.18,0.9046,0.6871,2,0,0.0001,5,0,69.0,0
ACC-19886,SMB,36,10,1634.17,12,9,0.75,28.14,0.7698,0.7144,2,1,4.4995,4,0,42.0,0
ACC-19887,SMB,24,43,734.55,19,16,0.8421,17.89,1.2634,0.922,1,0,0.0003,6,28,,0
ACC-19888,Enterprise,24,4,44366.14,459,215,0.4684,14.64,1.1316,0.5629,4,0,0.0001,8,0,64.0,0
ACC-19889,Mid-Market,24,8,6380.23,49,38,0.7755,12.08,1.1899,0.7764,4,0,0.0001,2,0,50.0,0
ACC-19890,SMB,12,17,1624.34,30,19,0.6333,12.34,0.9005,0.7328,5,0,0.0001,2,0,,0
ACC-19891,Enterprise,12,10,19140.13,302,252,0.8344,6.53,0.6303,0.9072,2,0,0.0001,2,0,,0
ACC-19892,SMB,24,17,792.1,15,12,0.8,8.93,0.8943,0.7521,3,0,0.0001,6,0,12.0,0
ACC-19893,SMB,12,21,2175.53,23,19,0.8261,18.2,0.8184,0.9221,2,0,0.0001,7,0,33.0,0
ACC-19894,SMB,12,16,1506.59,33,29,0.8788,6.54,1.2606,0.748,4,2,4.4997,3,0,,1
ACC-19895,Enterprise,24,29,43642.76,824,683,0.8289,9.45,1.0172,0.6499,3,0,0.0001,4,0,-3.0,0
ACC-19896,SMB,12,34,985.34,17,11,0.6471,10.9,0.9538,0.8759,2,0,0.0001,5,0,56.0,0
ACC-19897,SMB,24,34,955.05,25,20,0.8,12.08,1.1957,0.4828,3,0,0.0001,7,0,,0
ACC-19898,SMB,36,9,890.19,34,22,0.6471,8.0,1.1067,0.3848,4,1,2.2499,1,0,31.0,0
ACC-19899,Enterprise,12,33,23642.03,963,645,0.6698,9.67,0.5831,0.8048,4,0,0.0001,3,0,54.0,0
ACC-19900,Enterprise,12,52,15417.66,190,109,0.5737,13.16,0.7005,0.721,3,0,0.0001,1,0,21.0,0
ACC-19901,Mid-Market,12,21,9805.65,108,94,0.8704,7.93,2.046,0.8731,7,0,0.0,2,0,28.0,0
ACC-19902,Enterprise,12,17,36065.75,291,136,0.4674,11.37,1.1327,0.5654,4,1,2.2499,3,0,82.0,0
ACC-19903,Mid-Market,12,17,3286.65,67,51,0.7612,19.83,0.9834,0.7139,0,0,1.0,3,0,42.0,0
ACC-19904,SMB,12,7,2032.38,16,12,0.75,9.37,1.104,0.8205,2,0,0.0001,6,0,-13.0,0
ACC-19905,Mid-Market,12,23,5057.98,149,103,0.6913,11.84,1.002,0.6147,3,0,0.0001,5,0,9.0,0
ACC-19906,SMB,12,12,1781.21,24,20,0.8333,12.79,1.1012,0.6092,4,0,0.0001,8,0,37.0,0
ACC-19907,Enterprise,24,54,34886.61,909,768,0.8449,7.43,1.0168,0.8111,4,0,0.0001,5,0,10.0,0
ACC-19908,Enterprise,24,32,42605.53,857,657,0.7666,9.43,0.7957,0.4959,7,0,0.0,5,0,,0
ACC-19909,Enterprise,24,25,21775.26,329,268,0.8146,4.95,0.9389,0.7224,0,0,1.0,2,0,65.0,0
ACC-19910,Mid-Market,12,21,9614.09,127,82,0.6457,24.43,1.1165,0.7457,3,0,0.0001,2,0,9.0,0
ACC-19911,SMB,12,3,1925.09,32,27,0.8438,26.62,0.8999,0.5426,2,0,0.0001,7,0,,0
ACC-19912,Enterprise,24,33,32901.49,101,35,0.3465,19.81,0.9681,0.6868,5,1,1.8,10,0,25.0,0
ACC-19913,Mid-Market,12,12,3256.08,88,53,0.6023,8.1,1.4858,0.5142,1,2,17.9949,6,0,,1
ACC-19914,Mid-Market,12,16,9147.33,120,60,0.5,8.58,0.7146,0.7523,2,0,0.0001,9,0,,0
ACC-19915,SMB,24,19,522.55,6,4,0.6667,11.53,1.0053,0.3928,3,1,2.9998,5,0,65.0,0
ACC-19916,Enterprise,12,47,42740.2,727,556,0.7648,33.75,1.3982,0.5855,2,0,0.0001,2,0,17.0,0
ACC-19917,Mid-Market,12,36,5416.83,68,45,0.6618,14.77,1.24,0.3734,3,0,0.0001,5,0,6.0,0
ACC-19918,Enterprise,24,4,38590.9,437,337,0.7712,29.64,2.6577,0.6812,8,1,1.125,3,0,58.0,0
ACC-19919,Mid-Market,36,10,9489.54,81,38,0.4691,17.76,0.6649,0.3337,1,0,0.0003,1,0,46.0,0
ACC-19920,Mid-Market,12,40,5662.69,56,38,0.6786,15.35,0.8377,0.8231,6,1,1.5,4,8,3.0,0
ACC-19921,SMB,12,16,2334.72,19,17,0.8947,27.27,0.8357,0.8677,6,0,0.0,3,0,-31.0,0
ACC-19922,Mid-Market,24,7,8466.91,115,96,0.8348,9.54,0.8859,0.8329,7,2,2.5714,7,0,,0
ACC-19923,Mid-Market,24,20,2833.4,123,107,0.8699,8.63,0.9405,0.5922,7,0,0.0,3,0,,0
ACC-19924,Mid-Market,12,22,9736.35,92,75,0.8152,6.96,1.0813,0.867,2,1,4.4995,5,0,7.0,0
ACC-19925,Enterprise,24,7,29033.39,752,530,0.7048,18.26,0.8161,0.682,7,0,0.0,2,0,18.0,0
ACC-19926,Mid-Market,36,24,7016.87,47,32,0.6809,5.7,0.918,0.6927,4,0,0.0001,5,0,-51.0,0
ACC-19927,SMB,12,5,1874.26,13,12,0.9231,9.2,1.1053,0.6377,6,1,1.5,7,0,21.0,0
ACC-19928,SMB,36,38,1728.52,25,18,0.72,19.28,0.8309,0.7828,3,0,0.0001,1,0,17.0,0
ACC-19929,SMB,36,28,1522.22,30,26,0.8667,15.77,1.32,0.6658,2,0,0.0001,3,0,,0
ACC-19930,SMB,12,30,1776.54,14,11,0.7857,5.2,0.8921,0.8896,8,0,0.0,7,0,31.0,0
ACC-19931,Enterprise,24,17,28542.45,771,598,0.7756,27.83,1.0219,0.5929,6,0,0.0,3,0,22.0,0
ACC-19932,Mid-Market,12,35,5707.52,119,109,0.916,6.22,1.2776,0.6962,4,0,0.0001,2,0,-10.0,0
ACC-19933,Enterprise,24,21,25343.63,493,272,0.5517,20.55,1.1694,0.8672,3,0,0.0001,3,0,12.0,0
ACC-19934,Mid-Market,24,35,8200.4,34,16,0.4706,19.75,0.7376,0.8109,3,1,2.9998,3,0,19.0,0
ACC-19935,Enterprise,12,18,24460.64,332,186,0.5602,11.64,1.1798,0.6912,5,0,0.0001,3,0,,0
ACC-19936,Mid-Market,24,37,7455.04,149,129,0.8658,7.66,1.1213,0.7359,5,0,0.0001,4,0,2.0,0
ACC-19937,SMB,24,11,1231.13,14,10,0.7143,19.96,0.9209,0.5753,3,0,0.0001,2,0,38.0,0
ACC-19938,SMB,12,10,884.47,5,4,0.8,20.73,1.5782,0.5121,6,0,0.0,2,0,,0
ACC-19939,SMB,12,20,2397.55,14,9,0.6429,12.18,0.8192,0.8561,3,0,0.0001,5,0,31.0,0
ACC-19940,SMB,12,12,2281.97,34,28,0.8235,14.37,1.3256,0.7055,0,0,1.0,5,0,66.0,0
ACC-19941,Enterprise,24,18,40789.48,777,679,0.8739,33.02,1.4809,0.4493,2,0,0.0001,6,0,,0
ACC-19942,Enterprise,36,4,40539.55,639,511,0.7997,11.1,0.997,0.9232,3,0,0.0001,2,0,,0
ACC-19943,SMB,24,25,2236.29,10,6,0.6,19.86,1.0405,0.2588,3,1,2.9998,3,0,97.0,0
ACC-19944,Mid-Market,12,34,6219.51,118,85,0.7203,10.09,0.9365,0.9588,1,0,0.0003,2,0,,0
ACC-19945,Mid-Market,12,12,2330.12,129,87,0.6744,5.35,0.9595,0.5234,1,1,8.9976,4,0,51.0,0
ACC-19946,Mid-Market,12,22,8444.19,66,35,0.5303,16.07,1.0397,0.5891,5,0,0.0001,3,0,28.0,0
ACC-19947,Mid-Market,12,28,8462.6,108,92,0.8519,18.73,1.0468,0.7147,5,0,0.0001,6,0,,0
ACC-19948,Mid-Market,12,13,3811.51,89,70,0.7865,5.43,1.1099,0.8708,4,0,0.0001,5,0,,0
ACC-19949,Mid-Market,12,6,4683.21,114,88,0.7719,20.24,0.87,0.4351,3,0,0.0001,7,4,-31.0,0
ACC-19950,Mid-Market,12,19,4743.49,55,42,0.7636,21.04,0.6337,0.5525,3,0,0.0001,3,0,,0
ACC-19951,SMB,36,26,414.6,7,6,0.8571,11.65,1.6201,0.4186,3,0,0.0001,1,0,27.0,0
ACC-19952,Mid-Market,24,9,2184.83,36,22,0.6111,13.49,0.6801,0.5901,1,1,8.9976,2,4,,0
ACC-19953,Mid-Market,24,32,7905.12,70,34,0.4857,11.39,0.8781,0.4608,2,0,0.0001,3,0,,0
ACC-19954,Enterprise,12,22,32372.19,390,148,0.3795,23.59,0.6326,0.3511,3,0,0.0001,6,0,32.0,0
ACC-19955,Mid-Market,36,11,2043.53,130,86,0.6615,10.93,0.9294,0.3637,6,0,0.0,8,0,5.0,0
ACC-19956,SMB,24,41,2099.43,17,12,0.7059,13.05,1.2796,0.6297,1,1,8.9976,5,24,51.0,0
ACC-19957,SMB,24,13,1466.2,11,7,0.6364,9.94,1.1313,0.8624,3,1,2.9998,2,0,,0
ACC-19958,SMB,12,4,2282.18,11,7,0.6364,22.57,1.1605,0.6988,3,0,0.0001,1,0,37.0,0
ACC-19959,Mid-Market,12,29,8989.31,78,48,0.6154,7.59,1.1049,0.8265,1,1,8.9976,8,0,,0
ACC-19960,Mid-Market,12,10,5878.21,54,39,0.7222,4.49,0.8364,0.4527,6,0,0.0,6,0,-1.0,0
ACC-19961,Mid-Market,12,14,2081.24,148,123,0.8311,12.0,1.0718,0.4362,2,1,4.4995,4,0,28.0,0
ACC-19962,Mid-Market,24,12,2919.49,34,23,0.6765,27.27,0.8737,0.7478,5,0,0.0001,2,0,78.0,0
ACC-19963,Mid-Market,36,29,4777.19,112,84,0.75,24.83,0.9947,0.9271,5,0,0.0001,5,0,,0
ACC-19964,Mid-Market,12,20,6344.45,148,109,0.7365,13.05,1.2706,0.711,1,0,0.0003,5,0,,0
ACC-19965,Mid-Market,12,8,8968.54,46,36,0.7826,18.26,0.749,0.4427,5,0,0.0001,3,0,17.0,0
ACC-19966,SMB,24,8,603.92,33,24,0.7273,8.18,0.9899,0.3399,9,0,0.0,8,0,,0
ACC-19967,Enterprise,12,7,28987.13,626,539,0.861,16.1,1.9384,0.6888,4,1,2.2499,2,0,48.0,0
ACC-19968,SMB,24,13,2002.08,5,4,0.8,11.04,0.7973,0.7675,3,0,0.0001,4,0,,0
ACC-19969,Enterprise,24,31,36261.91,517,350,0.677,14.45,1.3082,0.4934,1,0,0.0003,3,0,-41.0,0
ACC-19970,Enterprise,12,15,10015.43,339,220,0.649,12.69,0.6779,0.589,4,1,2.2499,4,0,48.0,0
ACC-19971,SMB,24,39,756.01,33,29,0.8788,10.66,0.7063,0.7412,4,0,0.0001,3,4,,0
ACC-19972,SMB,12,17,713.23,15,12,0.8,9.36,1.0483,0.7155,5,0,0.0001,5,0,50.0,0
ACC-19973,Enterprise,24,6,19705.08,676,384,0.568,10.89,1.3835,0.9334,2,0,0.0001,10,0,41.0,0
ACC-19974,Mid-Market,24,5,7415.3,102,91,0.8922,13.25,1.1092,0.8346,1,0,0.0003,3,0,0.0,0
ACC-19975,Enterprise,24,31,35064.97,600,447,0.745,19.86,0.8026,0.5658,4,0,0.0001,6,0,80.0,0
ACC-19976,Mid-Market,12,24,7585.04,65,33,0.5077,24.51,1.4976,0.6825,5,0,0.0001,2,0,54.0,0
ACC-19977,SMB,12,10,1866.64,17,15,0.8824,8.18,0.834,0.5119,4,0,0.0001,3,0,,0
ACC-19978,SMB,12,6,1246.7,32,31,0.9688,8.78,0.6949,0.5675,4,0,0.0001,4,0,24.0,0
ACC-19979,Mid-Market,12,9,6729.1,113,78,0.6903,22.57,0.974,0.8275,4,2,4.4997,1,0,60.0,1
ACC-19980,Mid-Market,24,25,3247.97,144,101,0.7014,13.75,0.7069,0.8643,6,1,1.5,4,0,50.0,0
ACC-19981,Mid-Market,12,30,6850.46,143,110,0.7692,19.99,1.0631,0.7793,2,2,8.9988,7,0,53.0,0
ACC-19982,Mid-Market,24,6,3340.5,134,96,0.7164,30.7,1.0859,0.8372,2,0,0.0001,1,0,,0
ACC-19983,SMB,12,8,1039.68,13,8,0.6154,26.54,1.5785,0.4042,3,0,0.0001,1,0,60.0,0
ACC-19984,SMB,12,44,2077.93,9,7,0.7778,10.61,1.0808,0.8125,2,0,0.0001,5,0,7.0,0
ACC-19985,Mid-Market,24,26,8016.25,102,81,0.7941,9.06,0.823,0.7663,3,1,2.9998,7,0,22.0,0
ACC-19986,Mid-Market,12,8,3524.99,110,67,0.6091,6.0,0.8593,0.5258,1,1,8.9976,4,8,62.0,0
ACC-19987,Mid-Market,24,11,3410.43,44,37,0.8409,21.91,1.3181,0.5542,4,2,4.4997,4,8,25.0,1
ACC-19988,Enterprise,12,37,42914.09,397,327,0.8237,22.24,1.0648,0.7108,2,1,4.4995,2,0,71.0,0
ACC-19989,SMB,36,12,1035.26,31,27,0.871,10.52,1.0482,0.5563,1,0,0.0003,5,0,100.0,0
ACC-19990,Mid-Market,24,13,7674.56,118,90,0.7627,13.15,0.9974,0.4685,4,0,0.0001,3,0,56.0,0
ACC-19991,Mid-Market,24,13,2549.23,31,15,0.4839,19.44,1.0847,0.6014,3,0,0.0001,1,0,52.0,0
ACC-19992,Mid-Market,12,13,4809.6,69,27,0.3913,9.45,1.166,0.8275,2,1,4.4995,8,0,32.0,0
ACC-19993,SMB,12,27,2188.4,12,10,0.8333,18.88,1.0764,0.3072,6,1,1.5,3,0,,0
ACC-19994,Enterprise,36,20,25331.87,304,258,0.8487,22.51,0.898,0.5863,5,1,1.8,4,0,46.0,0
ACC-19995,SMB,24,27,1297.67,32,22,0.6875,13.5,0.8485,0.875,2,0,0.0001,2,0,53.0,0
ACC-19996,SMB,12,11,1793.98,11,9,0.8182,11.49,0.7291,0.4625,3,0,0.0001,1,0,38.0,0
ACC-19997,SMB,12,3,2472.02,25,18,0.72,9.04,1.1349,0.6048,4,1,2.2499,6,0,66.0,0
ACC-19998,Mid-Market,12,12,7570.52,42,40,0.9524,8.35,0.7635,0.5078,1,0,0.0003,3,0,,0
ACC-19999,Mid-Market,12,14,6852.69,31,27,0.871,3.75,1.0296,0.8066,3,0,0.0001,4,0,22.0,0
